BEGIN:VCARD

VERSION:3.0

PRODID:-//Apple Inc.//iPhone OS 18.5//EN

N:Henry;Sean;Bruce;;

FN:Sean Bruce Henry

NICKNAME:#CyberFraudBountyHunters

ORG:#CyberFraudBountyHunters;Identity Theft & Cyber Fraud Investigations

X-PHONETIC-ORG:#CyberFraudBountyHunters

TITLE:Private Investigator

EMAIL;type=INTERNET;type=WORK;type=pref:SeanHenry@CyberFraudBountyHunters.onmicrosoft.com

EMAIL;type=INTERNET;type=WORK:SeanHenry@ProSafeCyberFraudBountyH914.onmicrosoft.com

EMAIL;type=INTERNET;type=WORK:john.connernoskyned78@gmail.com

EMAIL;type=INTERNET;type=HOME:larkwithlethaltalons@gmail.com

EMAIL;type=INTERNET;type=HOME:seanbhenry007@gmail.com

EMAIL;type=INTERNET;type=WORK:ProSafeFraudHunters@gmail.com

EMAIL;type=INTERNET;type=WORK:ProSeFraudHunters@outlook.com

EMAIL;type=INTERNET;type=WORK:ProSeFraudHunters@gmail.com

EMAIL;type=INTERNET;type=WORK:CyberFraudBountyHunters@outlook.com

EMAIL;type=INTERNET;type=WORK:sean.henry007@outlook.com

EMAIL;type=INTERNET;type=WORK:SeanBruceHenry@ProSeFraudHunters.com

EMAIL;type=INTERNET;type=WORK:SeanHenry@ProSeFraudCatcher.com

EMAIL;type=INTERNET;type=WORK:SeanHenry@ProSeFraudCatcher.onmicrosoft.com

item1.EMAIL;type=INTERNET:SeanBruceHenry@CyberFraudBountyHunters.com

item1.X-ABLabel:iCloud

item2.EMAIL;type=INTERNET:SeanBruceHenry@gmail.com

item2.X-ABLabel:iCloud

item3.EMAIL;type=INTERNET:sean.henry007@gmail.com

item3.X-ABLabel:iCloud

item4.EMAIL;type=INTERNET:sean.henry007@outlook.com

item4.X-ABLabel:_$!<Other>!$_

item5.EMAIL;type=INTERNET:sean.bruce.henry@gmail.com

item5.X-ABLabel:_$!<Other>!$_

EMAIL;type=INTERNET;type=WORK:sean.henry007@gmail.com

item6.EMAIL;type=INTERNET:SeanBruceHenry@icloud.com

item6.X-ABLabel:iCloud

EMAIL;type=INTERNET;type=WORK:SeanHenry@ProSafeCyberFraudBountyHunters.com

TEL;type=HOME;type=VOICE;type=pref:(651) 592-8421

TEL;type=CELL;type=VOICE:(651) 447-3783

TEL;type=CELL;type=VOICE:(612) 916-5729

TEL;type=WORK;type=VOICE:(651) 447-3783

TEL;type=MAIN:(651) 592-8421

X-ADDRESSING-GRAMMAR;type=pref:eyJsYW5ndWFnZSI6ImVuIiwicHJvbm91bnMiOlt7Im1vcnBob2xvZ3kiOnsiZ3JhbW1hdGljYWxDYXNlIjoibm9taW5hdGl2ZSJ9LCJwcm9ub3VuIjoiaGUifSx7Im1vcnBob2xvZ3kiOnsiZ3JhbW1hdGljYWxDYXNlIjoiYWNjdXNhdGl2ZSJ9LCJwcm9ub3VuIjoiaGltIn0seyJtb3JwaG9sb2d5Ijp7ImdyYW1tYXRpY2FsQ2FzZSI6Imdlbml0aXZlIiwiZGV0ZXJtaW5hdGlvbiI6ImluZGVwZW5kZW50In0sInByb25vdW4iOiJoaXMifV19AAAAAAAAAAAAAAAAAAAAAAAAAAAAAAAAAAAAAAAAAA==

X-ADDRESSING-GRAMMAR:eyJsYW5ndWFnZSI6ImVuIiwicHJvbm91bnMiOlt7Im1vcnBob2xvZ3kiOnsiZ3JhbW1hdGljYWxDYXNlIjoibm9taW5hdGl2ZSJ9LCJwcm9ub3VuIjoiaGUifSx7Im1vcnBob2xvZ3kiOnsiZ3JhbW1hdGljYWxDYXNlIjoiYWNjdXNhdGl2ZSJ9LCJwcm9ub3VuIjoiaGltIn0seyJtb3JwaG9sb2d5Ijp7ImdyYW1tYXRpY2FsQ2FzZSI6Imdlbml0aXZlIiwiZGV0ZXJtaW5hdGlvbiI6ImluZGVwZW5kZW50In0sInByb25vdW4iOiJoaXMifV19AAAAAAAAAAAAAAAAAAAAAAAAAAAAAAAAAAAAAAAAAA==

item7.ADR;type=HOME;type=pref:;;#CyberFraudBountyHunters DBA Cyber Fraud Bounty Hunters LLC  DBA Pro Se Fraud Catcher Sean Bruce Henry Sole MBR\n1230 8th Ave S;South Saint Paul;MN;55075;United States

item7.X-ABADR:us

item8.ADR;type=HOME:;;#CyberFraudBountyHunters\n1230 8th Ave S;South Saint Paul;MN;55075;United States

item8.X-ABADR:us

URL;type=WORK;type=pref:https://www.Github.ProSeFraudCatcher.onmicrosoft.com

URL;type=WORK:https://www.Github.ProSafeCyberFraudBountyHunters.com

URL;type=WORK:https://www.Nextdoor.com/#CyberFraudBountyHunters

URL;type=WORK:https://www.YouTube.com/@seanhenry1978

URL;type=WORK:https://www.YouTube.com/@sean.henry007

URL;type=WORK:https://www.YouTube.com/@ProSafeCyberFraudBountyHunters

URL;type=WORK:https://www.YouTube.com/@CyberFraudBountyHunters

URL;type=WORK:https://www.LinkedIn.com/in/seanhenry1978

URL;type=HOME:https://www.Instagram/seanhenry1978

URL;type=HOME:https://www.Facebook.com/seanhenry1978

item9.URL:https://www.Facebook.com/sean.henry007

item9.X-ABLabel:_$!<HomePage>!$_

item10.URL:https://YouTube.com/@CyberFraudBountyHunters

item10.X-ABLabel:_$!<HomePage>!$_

BDAY:1978-06-02

PHOTO;ENCODING=b:iVBORw0KGgoAAAANSUhEUgAAAUAAAAFACAIAAABC8jL9AAAAAXNSR0IArs

 4c6QAAAERlWElmTU0AKgAAAAgAAYdpAAQAAAABAAAAGgAAAAAAA6ABAAMAAAABAAEAAKACAAQA

 AAABAAABQKADAAQAAAABAAABQAAAAABiXyf0AABAAElEQVR4AXTd2ZJjSZKgZ3cAvkVEZlZ1z8

 IWGV7wNfj+L0HhzXBmKNLd1ZkZmy9Ynd+vBq8eUoTHEcA5tuiuamoLELcP/9v/fnNze3t7eb+9

 eX/3tru93bwr2uxuXLe9XTY+trc3t5eb98v7ZrO5fb+5f6/u/aYq3ZR01Xyj+3pSuZ3iMFT7vr

 ne3Lzfur3Z6Kjnwt4daLc3SNF8875FiV6X0Gq00UmD0A8eWDUc7PC5GRTR1jUPVXvGVyVDw1RW

 4ho0CvSpUTJA++U8jWu4uVwi8P10c3OImPMZcQv5tAEhyO+3ySqqNtsYfL9D5fv7JfKxc3MXi4

 PGMw4iG3oidROhQ82wjbftMHC5Ob9fLrVKwi40RGSvOqSMSi4Iu3k/n4fL983IKnAAK6rjXOH3

 mr4Khncw/ucGlBU9igbhCHupb9hQtU0d7+8KMeF2HgOiH3wUhCadd6xE92Ha85AWAXW50Kfbd/

 LpGQOBYVXrefpfYvxMUiOB+Nxo0XX20kdNVtrjSOHalwKR56KygX4JqaeY6hokkVo5A0x/qt5v

 z9tA/jvBqCaN3vGU1V8l5nExkslGPcIGxJXZ0WwkAX+LC00gGPEMDYNsDMzdlcoMC26saDldp5

 s7WHu+TMvN2FrM1VrN1HFXIp0rHWRe0eO2RiPNOnSj2O2WaaqNtI96zZNC7Nfng6yqdcjOBlQ4

 p0EVMdZTstUiQa1mPQdnkE7Dedvk+TWHyKsIEzjwBRd93WzSSI0XtoHd/arWe3gfaHWYZqPpbC

 ixTHipf3Y5lCWOoVpJprx0mkrid6D0OVaOQiDDh6Bout1ssQZvhE3rhTXStROHKgepNhXtrjwj

 ZcgrWtVyLvE022XGH9RGIbBDoZbhvkqnPkgMztxFreuqmAE+GJUlk7p2Ba5/ta3vXBAkqmmzyg

 dTzbKbgR/q6+V2nGvLvpeCVWUBLGc1qWlIA5okk0FF6yM6at2bkgR+Yd5AgZghx2SdonRMe8Bf

 e+Qz0xvkugckOv3pFMQA547Kx+zi9PaS7vI48Vv96LeAkkzIsdpoSJtXMoFY8OoXMwvTSH3wfJ

 TrVCi/Yq+09o1wgXYBvmCux4qSy4fTTFTZDMFDTwzoPOMKSBrvioXxj+MlFsE1ZX5QqKILxjpU

 Z4RIhNNrUV91wLbb4X7ENvX6GkeTStL7uIJYgfF4xJ/1ufA0eDwo6ZpOPda6x8pq53nJfZpUdo

 VfgyUQAEfcKuvaW5qo67yPhqdxWg+D8qWx6Mtb8r0rZ+83d4Y5Hd83ovrtzZkNuArSLoodFJrH

 Ut1S0gAgKvxP+cCNuUQ3r6yC40aR5jNidxvS3HugNpJXmOca4dd9Ki5nQgk0cLIS1eEe7TAw9M

 8fwPp2X3XvI7/u86oI1mQ9NjgWEbKJKYyTNN57JrIaImzAaR3nK89ilwN6emo9LcYsAqJq9ZVY

 peiea5lMVWRyemiHr8tmu72OEJGKcazJV+5vLweMLXN6v5yJbrEGwJXeAIVn5EUYE0cGXwTVaH

 zSg/A6ZFHk8haY4jFpV3sNq0GOsPIytVhc+AdFqEoqQ1j+VNuJU+k1TMN+OONW2cSRUtQqVrnO

 Nf7QdRAv24wn1sbWAV4NQqMsy+BoPbl2yyYicbT0dzV0Q5FbThmqc1YYIRP+8FptEiqfzlii32

 uk0NuwXYdBPzxWGc4BVf0HFXlKxJaOKN0kFCWFkukzxHpQWOBMD9BlyxGCQCLJfAcOcai4evl0

 77EpAEqSIsIHVRTo7AFPoVATnGqnhzLJc3S6BrWSgMu3JLTVRK6CW/keWrf5ncdiuU+wU3kSm0

 CL5MShaiBOuyBG7TL+wTsi2GQQo3845gru2IkMPFMYmi8NBV4fEKN+WpfjkucC3yiw3HtKIiKy

 vFa/aHJdCUu0CSHBDiO3+I19j70ls7qulBu+xXV1HoqStdNw5JxQo6Txc5BU1V0DY9ddPjcy17

 uA1DDAfVC4dHEh7/LmqN1stncffYGhr3nUc42xAI+WqYLcTuOMaSnKlpSTwAkg5oOqWhf8GuCX

 7kTA913mhyiYsrQ+ZUCZXnBmalkR/vLqK19hcPvBZOohSWQN5gUMtlRhyM99VlWdXBBq2y2IU0

 RQ0V8hEJNFXMF7TMKIzIHXVS8Iw1mnhHqFc22QOlXuEvJcAyLQhSQfXQkmzbpd7eY2kHMNfSPP

 9fw/v4ftA/ZQdsVf52U9Q7VSrT7ADrGhvM7YFwsaXjtDELPhiSV908HcTDhQ3oMWRgJTFhazSG

 2iryqzIMD8QJsmD2nf7Ux6dakgR2zhQJNaFNAMbNM9e6b2BB20hWq6VMJitM+OB+k1FTfxy1jT

 dLqjw9xpmXPlM2CwP4ZxeT8OyGF3MfrxfrtjKCSV+Qz9Go7BLEp6D+twPxXuzKZQ7W+AJGQv99

 M4SdYEVaPxuCkK1G/au43bWo+Eq6ki2vXYmiEEjEimDa5U6RSb00kHzQ2qtLASnJ2FgDRSg4+u

 S3qkchVqwABCDl1NMmxmDLMiTXuNDANw/uhTPKK8D+4wNWyMymqDr5EOnJUNeZFYZBHYkuegDf

 bIFfTVY4jHYugSYBM8pKiMypgAGrp16Z0EBlgQajXMXuuDc8Xkdnolimm3fGSNwMNmIX81T2nD

 /PRtfBt4wpKKGaoy2cUtJQUwOxy9Ll4jqYJQXYGuTw9Ka73+/k5oxIP40WG5gkdlg33wjAfFs6

 eaDoKhNuj8JEmVBUbehJWkuHA0qtQq6/EaXqdmwqpnfrIrSOXJSTEbGjLc6uLxyk6xMye9WlVA

 kDICkxMwy0FQSegMGVj+oFe+k7Br40rnyF8MrrKpJOMljdgZetK9Qd47A5/R9HaSHu3WQBKKIt

 ASi48hL0kPH3hC7lXAERz6IbAbdxhPNWEY2SSPKAOvkkgGSyFKKuuhjldnXCysBTxtrxzm4bUp

 1hBqXZA1hbUYmbHwRMn1JkqOXoBPWdqE28JhPckB3oViMtxaTPbhHf0z5C5ym9g0Caj/ADFJqi

 YAVVmLg3xrTButITJaqq0aSykR0CEG4FQ/DdSrXbCTgzRe0YdDhivbDK9W9aKdhKFNRHpXKjxp

 BnXSCIc/GdyEuZCO+QVc7Zj0AlcrFnCVypUzVbmlKne9Q+Z9/prXrbpVkvnULMS9lsrRO31Vjb

 IWz6sREsRrXRbxAzXiV5eBFaSBGd/RNz2HChWVjUwa2IIzr1xikVFXV7XFRe3xzI/LjmIUrisM

 7ctvaxGU/HggrwZTjPyMPLnLStytJBk46tatIbARJ6tG7YIzyoN0xdRWB/InaoaC4RqZu0GZBs

 NVuBEXN6AMKVWnLiWVRnYtMug0QGeHkCqdap3Uaj3VA1V5VV20rh3Ql4ahzGEhKRot2NfG+g+q

 9Tiwg4V7tOOIPCNprqgIeA+Z1SKElSfF6EbkUOWuPu5HINPBGqn+gzwYQxQYmpHS2HUWreMYVD

 DRoHohh2w76ljE5BTVMU6pc3cDROPqh3EtqsAHV+gmIY5xFkMgmnrEj6Z6yEYT3ESN6Zz6BmIf

 GQAC3U20isNKgKXtj/QhOHW5ZoKpYbnolKubJYkIGnKGoOFwUGkUXVOwKIxSpVHms5oKImPpM5

 OrYox1ta39lNQOiaWFq/UUE+y1NpEtkMhYUgj+pKj6jjXHXkSaJCBNo1UAQjoPUoMY4vR0sXRl

 cbzIHRS1Gru50ro68s4VhrWPJKbqfTounKwpdU1VIJJY3hY2qNUunGoynywg/+gKkM2z2jKqUV

 vj53D3YdrGudX2mmPrlD8PgOhBLJPtsVnTDGmDVYl2o/ihI6AfMtUYTi3SewYV3YaQlbq7W5Tr

 EDEffyFqamgDaUlUhdsBNiXDd6CS9JSv6m7166X437sEv2veR0zjXwsp499awCOvyBactkUYNI

 xRtRyxxm/hdSkYmEST+KsrpU8Tw2b8XCsAnUimRY5M5e0eajrjHpKaCNQ/0TU9dg9TQ2qYkxYB

 VRn7FrZG9vpHu0FWI2jR2rs/qElWtIiGpjCG4jqnnLw6AQzJHwR+PEVyrFxNNqiAT1H9h8iJ7U

 G48j3ExNT/9xpJo3BYqHLu5Y0qcDF6rTQu6h9ihKhdcpjn0N+YrxfhtGilwk2SKXzqKimpTWYX

 11bb53laby9yVOXpLyQf4lxsIWSZeSpWnw0OHb1HB6rGXeEhTui8XMQ3mZDBEtzspFZnpuw2SR

 N4LUeYcePVtGcKBw649YkfkhigtU8Li6kqXOcmREP0tErNLT+CxCfSph6x1WxWwK+72tTenrCL

 YRmQkRhLUTdwxp7xw40xkhAimJAnK5uYBdSynnqNVLSKUnJOLm6HMPTYnmTGm1uDTd4RC20tok

 pYjKp8Qop5HV7RPzn0udp4OWtHZrhBS2LS8CqT3ON6G+pJUAFGW7uKRMiGsHZ733s+hFGcpBK3

 vTKYOFelx1QnooA0j705LxMofDeJgKxXoOpE7X22+kdlNJyO/HNTccvOzR0umx04Om01S8I68k

 WmcAdU8Jrpk4wuQdppR0NaDKIZVDXKYdMujQUirdXXw9Bwa4shhevrc8Yb1ckqhrrtut5PE40D

 q4aGRiZVA9uy1jBSpFJBb+X+pQzBYKPxMfd0pYn2PUVj2DNCxI68AuS+unCnRQFprBQrxJ7Q59

 hGXHQFaZD24aF+quaVcqd6bNJqB6McsDUDejW7Mq3vgrgtFgzMWMizEBMLKaqahpkAjBaGyIoz

 mAExZExgSuptSMX06D7qs3goiCJWSpIJbCgJyrB9BeTp70RV10L8oBg6E3zSu3aBPZaSogURfp

 KgmUuMjHizvndjUEKq7bxhKdQNvOM2pdDzjNvyQAQw1zgCZFpO92ipIxSpegglpqu3xZmeSY9t

 HIMXaTBmonNNHyB6oN1hKFKW2quNl0BeZV7R/88VNtcSVTQ4KcHOsrrVYwgtlgzTecKEthmQ3W

 oldg+MxaNeGTiFEiKAQV7VCSIai3AjgZHwlfAxm0k9RtRxPKnQhJWQ4nZmzxzXgyVuSDIqMkHU

 ClQRqWpoX6JWlXw+Xn1CPS+0T/xZBCM1Sua6ynE9fSR8SI+oYirM15Y9D70NIwj2GONJogAPEP

 SoBDyr0liUhL0n2MYnQpysazmKiBAtvSe7RdLUe6uhOXClcPfUPzDHSUCuE0hJ2Me0WdtOA6j4

 snqQGnKND7o0ZCTWqYmlK1oARBML+KuLYleRVkW3Acv+CCbW/FuCBWL5wa38acaudvCiZpjvc+

 llRIUgyAPKNAySAI+5BzcsrmQxVAyUhbzgQr4j4gRd/yUxD0L7VQV1F0bCUUmNosQHEmAgqJl3

 XCkWUGaPFzRth+LwBzjhhrrOiAzOMnHYq68FtLqh91SQG8GOytsunl1QNycRRpNpds5FzhlsAh

 v4QAQZpsEfH+uZcLo+HkdzAZpBKn5XcNITeSMuzhzr9Rj4YSBaGTPeY4cnDjxtxnSW7eADf/Kw

 HFgXuvuIMkMW/pPb2A30gR+tLX2NJyAHk/G8NF4PDaVCcYBAclCbb8kaYwLBnXvJDmCWVo8Xax

 tt/kmup5lkvawieGjc6kziGaIWrqBH5NwXG6Z31f2BrMU65aCjZtMAL5E1RHgP9gSbYkn0TGe3

 VDqQBlMAM7/E4I4PDbzSkNGkwrkSlJKRLz7jcEf8A2ikF73q84gmcngLI5DeygnVESUNRMeCGu

 ju42F0WaugDGUjm5pcLzWNM0Eci53PqYsI2DKdzDWGQBnFuynE73LtpssDbzmMXhVEAKKiQSym

 HZJIF02Chg7wkuy/o9MjjKrDVcyu1os1hDtY1UVU+d6VokhzXWnorn+tq8U0qcCicoTGtpcrBW

 J8OBrCVuOso8cM8Qp0TGTRuFjsvpb1WOuUpctjEgFK5ZpMGrbeg77IDuQwGIq5u7IT0mFM079f

 Iw1veocr2HlL/DOG7FE5tSem4S6YaQc082DsEHiPVVcY6u4DOVyOZMLbrKTm6y1ogBvps90K2V

 cdNIyG7BgU2sj6pz6rpWHKRUFovS/AybmeW3onlybExrbU18TMVXWN6rPkPyWRrCDG4WaCHNtD

 QCPJPQovp7pPe+2y7mqvhjI2GIYhOWgpp77TLpnrybKb42AmNsdyx2RVNksPzUS3BhNF2gwJQ2

 pkL5eKJvZVVdIpEw6c6ugiz4Qzr+innRF9U0a1l3GOHJh7dK9Xch9qieScKQdsdJriHQCpskau

 SW5Ar42nWNR4RIfYgmOVOHUzBPWJBteElVS77ORDmh7bg12Sq7smS2hJzaLwrF/AMYXQ+bxegy

 oZwFF1n9lGjxzGEQ4iIh+0d4yFxHDlnWEJJDooCwkQs3LDgnseCUxYIaSBFs0zrwl+sil0zv3g

 IsaxqACKO2O11Gm4myS54jXIeBwSUx0Ks2SSXTFFkadSMRBGWGzj36/Iri8MrviYG4UB5TT2aV

 ZdwNOIppi90hmzei/EGUIKiQZlYyRqo2jB1rURkWhqCNRC1kcUNPgntSRwvQrO0ygQ0Tq8XCeD

 cACHTYZNFB/dwI7CmtdjGAzGHKQOdfQgqo+JEmPD8dbwVpxAWn+ubKqSyTFG9NG3JFsDMy4NRi

 Hhq8vSqdvT2G1CxNHtjjZjgc3wVjBpiDqE6WZi0A7BOcUAkrCJXSURqS4cKjI54LqEolPyGppX

 4IqbDONq6bvz5j6TGsBN2iQ5DAOozDWqRDTVGzmJYu02d2gcahbS0afmc6lJcqNBrSfbRYfUJh

 eemApkDYZEhbnZDLomBLwiWiysDS+z3HP9TgOEmSqDyNiIOv3Vd1YmEeo+FDGZNsdIdUgtWZNy

 XVCSpJdwpjVR+iy/6BPx9myWMsYGL4trQjwu4StN6VwTsO77d7k5ljw7qxAZEmduj5NhM7sj4e

 bnDT0xDuXYjsYVgJTsEsPITdTLL2Mik3XY6HI53pyPrZ8BBkEW3dIOxaOHJLvXOgcOQ90DvVwF

 LWYT+dIQtDwn6PVYXGNZq9D1rLcZvv7JmOKulmf2lp1HxnzRRei8IsFQ2O5qnzyWyS0AmItBUA

 c04Kmke8jQAJ6GRpLxl2FGU2WzIhBFGKfpnbVZnqdlQbGFquoE6FFnIFDtsLimHjr4xZqRPPPj

 mBqDiYHN9lQYYOCZhMazIMLwTA8zh9htqIn/93MLX2PToaXF8qWcLRJxsWuzxhXqYCkr1owtxp

 E1qoS8XexYEi2HMieqHJvXl+YGx3yk/fBZCQvo8uYFM6YqgwJfCIh078wuAjKUAtPY/TJq/sFM

 NJthpB5qNw7H1H6CyvA1uhRvliLGMDPPELmuSuvWle0k9xIGsHIUjEG7uukRkt7mL9z+ecwJ3Z

 O4Atl0wdOVrgYZcQK2XBS/sWy9qJ16wMaOx7UG+NBEAtdracqoRZjhui/1SrLpKDqCXGxmQOjF

 gHbZRveR6x9jSVju5x1J1axXQitVWTQrDzMCM8rp7zFBZM0jIUqU7uQ5QzlLHRw4ZtIDt7YpO0

 4isufU7lqC8zl/GWFk1C0CWpEbLPr+v6+A/E8l4Jl9gdbqbQxXS/MfbcLeUANsRpD6lqZGH2Gs

 blDPDTJCMN1r2V1Au5JblA80XRq44t0kFhr+cxcxkLOXszXLgmM1qItPYBKKXpCUGSlr3bEgop

 Mqcq4O/CE0dromOWok8Oo+ghh8PYGsEeBsLv0vhtAYvBnRfMDIUZcVX8UxQhrU2VvGbvhNau9n

 4rrc8l59hln0XG8G0+ZyytLwuRiAv2aL8ukS6knM2KqunlDFIRdJHrqpYm485Lf+1tQXoELyLE

 TFhq7DZratOFYJqRYxu2gmweuiXYQM6Z1DjO0Ii1x37gdjoGe5aAAytwQLiXdw5z3vIOwK5srK

 k3GINWRSecICGgZzIR1oc3BlKK7QzkewYiQqpoj63GDH3LVFhprSkpsxnsJHAXUeep8GUYsAY1

 Ed8/QeBZoU30g1MT1cxZzBt5AaHSL2Sm6NSS0ZugVtjvxnIqxHcfYa4SwiGgjKp6QAcSiccL6G

 m6QZVFdaqE/dBnOGq5yJRnqRuNq0NM0H2pWkBFo38I174AiF83UOxVeljQmNXiIbM8CNBMM8Fj

 BIF5aKIBntDOBQp6Mhb2UCM8vIdcFZ4yplZPeRAm2p7ex9Az7aUVQGG3mYqkViIrQwLZrHOOsd

 uordZVtuMyoPWqdhzx5Hm+2w6M2ZDeONVLUOS6XpQ1E4ZjUH69NGwQC16gLJRGc9Ek/mVxajun

 FYdjVOEwtAQ+HIkPlaw8OohDZH+MWkCMxtA5nlh3ck2Sx2DPV9x1yU90pqgMKuNdcpe+zKpFy2

 BHvorQSuAVqDBTEm06EayJQ6o+tjhuVUEhWmAbfvh5Q8dJBFNh48yKBXihn9Wgwc6SrTeARuFM

 sZ02HbN5P81GX8OYwLOdp0Hao2pq80SooAgJoChgHVQ3XKiJSsed6Vw+cpcFi8Mf3gk4TeMmfd

 cRA94ZhGioaGCXYtjQDWtlZvOm4unbyPgTrPFXJCuoY/8gnd0BY5ABBBs2iQWtiBx994r7eiil

 blWrIsmKPCzXJgNQA1BI0Iqht1KA25lggkT1JXU9xbbyXe8VT38LkCi9NBYV0j4u9CuMu7VAO2

 7ZsCM6qQTXbf3rGNMz0DASHiA+s+ofoYfXXTE+0rCVFPgjIr1YmkL2dbFaom32D302TOkCzjuo

 JvaCnd1LtZb118grJWrIx1xAgJaQVi0JAfA2IzaSeGrgw3LVve6xNTDV1YPY8HNJFbhBY6l2wT

 5Ex9ymsBnKtWtyxf19FV7o8Avc6k3R7BHNxKX1pe3g+FYJOVy3FCFMjFYoTx6qWk+iIs/XPe2Z

 X0kGA1M6clLfuTSQ098dKHxfQlyyX/FJECRrwxfL2KXksVi3jtphVBFRxIwR06mDxHvg4RaalE

 UF2GGsb6jSDT/bitgiVtLdQVunrLSVjK9u6aQn94RdWzEqBVXYdE+mpGnZ2lvgVplAgjdlLIFc

 3UjoojqcIgqL8L8PtR/053TGmp1jQpFXIlnLmpmuoZR4OECRssM2CQg6qhEQvTOC3XDQptXEne

 UzaVTFJvlXQ/2oLjykEGpGzaMd0SSy+kUPl0CdmAHio5fNPPIXG4him8g3PoGoRRkNSuSBY/FJ

 QakVF3RJ3wlUU2hQso3ue9uywk/SQdqo/xuKpwoI39XBHgSi3AqYBIih7JAiI3SWY7B1dEsGhQ

 NJObhFacCu8EettldeR62dRyI2Gzysr5qJWEGgi9jrpUgTrffkcMoAsbonURdtL1fBFi8j5Ej/

 jHH4KONROoiIQ06ASS43oVYLK8hAiZnU6lw44F3cldRp2+vYaC0Po8n3onq5ao3vDFAwuvFzGR

 Wk8Ex3UwfLMxWwas4cT8ATrIkhB8IHXmxjBlNEvM6oqKA7rolXCHWB1QmASpJKKYHVqm6QJETM

 ZnIflyVDzKCSLU94VEIhWWyhDQGCXsakaaIYgMzHYsVAAuR52jJ8kIDdxgkaGPq3tYR8bFzOTR

 a8a3bmOqJu5dS8Nukw7p1jRhrxHek6v2Rfp5iX+aFsW5nQnjcMCGTF30QSSc16Wsuzmkt51ddF

 RlY31FeCvMEi7dappsCjz6i+RRd6UN72FHaD6bnkbqGceSXWYtwM/SXsAEQcycrmLU+ObwfkNi

 RMo6Co5sfZL+hA9yoiHKSezTYeyBSFJwFlNC5IPR9J46soiGhVmLHnKNb4bDVR9Xs0x9a2c7vF

 qzJws6ccU+GqZmBtFtgxgJek+woHgaKgKGglC2paJ0URexlps0EqSHDBkemykQ+ELSyK0t7igq

 rIRjGODGJUX1JpashAJO0dPo7Eha5XloQlMmuAwJIBcnaGdceg4j0tj4BgJSnWsFKmpHb1NNac

 iItzqSwX72A2fEkLBwQC79XS47tkFEcToUsIUTC+lcmThjSfKGs5ytmB7yC13Sx3nXtMjdBCWy

 Gnx4IApskEVWA1FIrMpElBF45B/+tNVlDpDZzfiQX/WVy/dZPFDXSJ4+ljXW2j/1H+IriLCESl

 DUTTy2K+M+MWaNQ2Wy9JpsMA9YUGribiLbKkJggTI4xUuFASSFKcp+ap5EARvCkvgcOwjA0sbV

 VqM27YyChsRFf4QEdNRgQDPxs1zH+lJAlIMO9Aov4Z7BISoysuybuGjG46xFRykb2T5kcPQwNI

 +6IQ3ikBAfjaJLIWilyoIV+Uz4gSf9a7yIxiAZEuqaMh1b8EmAMxon6tql6e4ogqcV5xiuclRW

 G+YsoqYufbtND0PVx5u2hTMDB15jXn3/SGCGdShLBUHWDIuOYAILSkhY6wBV0QPZkN/wkooWoo

 RdjxFGftWC+pJQtOsPmbnYzJ08CD4calizErx4xGo2pS5XSRjhku0XFjc7KRjxXi5FDADDhppI

 yo6Aoq9IT/Po4MZLa4UY3ptY3TTi1GBWm7MrYKInrgCbOm0LcIELF7JYg7Rl8TADQxVX8XQDDN

 Kvr6I0f55psHLUqwKZOHIMYiHISSiUFdOuqJNYRA9bNQ6HC2sx7NJzaodY4lJOXVW7j6ugT9ME

 qZDAFGmA8USaWibYNlDIAsJdG/XDa70CBrK2As1EvQylBwjCMUGMSPQcgU1hiiDELnfTkMs0XR

 ns8IxBRE03ZTfuvYZe7T0CAFM3lIUMd3ZrAkaGAtUHU2GmzVhvk9Xmdr0y6uG3Wv/6GJriAhAE

 BDpKPKWFIRjGhWooyHJCn9aW/XL39cXVga1RqIY+0JJMQ2525Z0uzxwpmVcJfzDmdoRSS3FkWK

 w8zlbb1Xwax2wEqk4s/S0ZKoewjDh1aJMiRC6jdMJEnwbcahilr+J+jE+4UFMoiZiRQDOaAa7k

 OvjidCwBzYAR37q04wnFZRWk09o57EpuJSMIyoh0TKZLfPkYYiZJ0LjlJai8hA0pI3QBXyY7FS

 geDUV6DDSUZSe9NOwf7JQZ8e5ASNvLNZb24rzaShP7YFhoGSGbP+kTjLjumrpos5Qy9pMSw6TM

 rliJdCdPCGc2/TDnpr4pqblxljdEmczM4ArohQMv4FcMQ290kcw6vlsSsmkQHlipxDo+omkpK+

 q3KZbhCGRCTmgQRL5GiaOxwn3Rhdlp7D15JO/cknyiDtC1cYL+yaSQx1skmHNtpaCA9uLERKx/

 nM/JSqMzGNlKBI2YUoNhYiJJApysEI7YCv0gX43roO04amwgfhaBhlRmEYkZxAI5ogc7yGlRXe

 ACyuDGihChD5lFzgxKTM36rYdmAGHr31zZPZxTMPY4Z30wHUY2IeRmeWFiJQwz2xTmZvH5/Xi5

 7HVuol8XWFIvyU4y476CsgDhpP2XBRPykWqfuUlffEnoCmMs+01eQRp43hjLfJcICwBmO7JWXB

 WWZiDzQV4ipJe01PdcMiopG6BwDOyUF+t5pNgY+ujub3Si6azZ9RATdYoEdzhDWPzl0mx9dnqS

 YKeEkjNkaU32UmvEaCxq5bdU1OGisNQ5koOcCicgrHSSztRrvCJvjwTIsBLp9Fv0BAYblQ28iF

 jwRnye9BvjB51JN15n5xXWorizkT7YUyomNbyV6AbQH+/IhrBfjIbBjTc39cdl7kPqRQdc73a3

 ezYl9uQa3r0WXcFzn3Zia6CYJ90NtOSVIGDVCInZlw5xWxEbi9kRJdld9ugs1zL2donZEXsdXN

 h/iHNaos++3fUQqIwyUF2h64X2fCqU/XMpZS6keg0HC2DlQz+rn9FCe3ExSPPyoQHUIM+hWWQH

 rB22i7kWLmHPuCOv16IKiUghykHPOq8GFC6hhIUhQ1JjZuWXKC1m+ZqLHsr18bdoXojHPOoQm4

 p8l6aUtZF/d5YIsKc1eoQtAGOiQmR0Zp25M2HqGfGehzXNcs0IXOjUTvCqY1c895Gwo6dWPSwJ

 MBVl6WiuVThKYYgMjAlme15Eq4+O+kdqQDCbD/TlnkxtSsb0DHPGg793IuboJpnietjREC79gu

 oqgSd4kKXEE8uoMPVoiJSwZ5vdlgjIlDWFm0iKWlSH62BkVy5AUX0lEjETf9Js4cZYkG9PAjgz

 jiSgL1y6huLvIoqquAZ66Jxhxv2SMTTVNoo+SKHRVKNi0zKZQM49DfJS/p1eszTxWmWu6xOSfP

 jj1UHAesIVe8R9nnmBE6NN4le8rHcKmGQghDr1qHmmmbR4Gpmzs5Fd43tJinfMGBY6oxJyERpl

 zdNOc3rKIlD5/fhDnhqTww9bBTAQStYxprSgCASjlpaSDXiN2ytwqOhuTHL97FgEMoBBXSiq/Y

 j9umIRidFJxFhKJqkEJ8Amk1GTpzEIzfLeBEXedFq/1juTcUQCdZY/i6CqRIbSDaIqI8CLUgTg

 SWkBzVPT93Zj3IYtzKW80EIxlAA9VHGShsmhj1WmqpCSTh5OmpYok95NKx8tVMIxW1yJ3R34hs

 HLzQEeQe3OsmLR8GRqx6CGp2CHOE+nehrO/INpfz4e47B3BfNusHWXrsruKJ4e77fF5VqMDN/U

 zoCaLc1gj8VG4wRbREPVTCjif1BVAQVCUG0wLodYKou00ZZQRY3mtLHpowAYxiai+sDe9JIU+T

 dpF2qdYQSH2dm3ZnV17U1TgUPXwcX/0wV6nAeRl2T8VFI2mX0oH1/w1FjJa7uz7ZHQIEqemjEC

 z8wv+xhb05tDvWl+zS3SvxX7EL9b/WE0EtWURKkoV2Jgo0cat48tszt2kCOy4YRpZsgZVqIaJJ

 WLdiNU+2dWaNgezZq4bzvysoSq7fhtBE/2xR0mwsRJ9pHQ3QUnr+2GpNKGBtnZjP581d5062xF

 FHJQ3mFAKWJwo0lJboIiOlIWkMAEPCBU5Vlhnj8aHsbSXrqpWz42hEwz/WIiioauKufeDcUEA7

 xsa5otP4c4rVTL7XJUmihZ0HcCd316pUDSX/chGsePeTWTQEyHPBdlZSjd8V4GUayHyBVcpHjO

 nKACs9aYSoxh3xpthu5pGT+LgNH9eFeZV/FxxNXbWNeiJ9PWQUlj0+jLM0tDQRk5dkMTO4DE94

 Rk3bKPWs7IVoCOYfZvuZsAw5nA40bWx9u5F+vXPnPondNkHVnNTBZ0TsaFidxYs7TGRNNOqGGu

 2N2gG3ML2UJHVn6bkVCTeWJJYl4Vz/YJTx7sBUNJexlzjTNRCCLKJ3KwDWkogSGG6mQJgvPWMm

 d6kjIUqsVfJx1gz2uUhjyxwDowCWkRuyhcSFJV/yCSygVabLVdHgFFI9y3zndVagqODk6R/N2y

 83EWkSf6wsT8xv6B1WAQhDkFkeaQAK5BIfF79jtQRKkpgRcvcaQRWy6wFodQhwjuxPJ7MQetEk

 zAPrA03vJSUeRkwbn18cuhscI7D+TM5z3gEYTGEWiMxeFktrO3MRQS5bBv1KWq6IKCbvRMvT1r

 hwBzrQQW1/l05hLpeKRGytcmvmpThxkf3WpXeTZdJYAKAts8KiMUQ3HH+7AsnDvkjM4IRYv+ya

 dPjT5A+5xOOS1r2OySZJuiDb9e0QJDpoyBMYcAqImf5hdEWvRFCNC7tj8YZxx4+ctZY5xWCmck

 2umoEUumMORPs6Fj5APwuCjIS3rBC2n4EwCDyCb6UY/hJQlksmqkfx+BGD0sTBMM5uYlIJHUis

 vkWePzRN5Qpg0LKgchM+6R7YZ0uFYx4vaREFJnmkRErHULpxZRQXLIrra+yMkatYHnfNuZgiKg

 K3FdnTPC20HNFGzb1zA+CxhDMJq1p5GUxrATR/pA4Sw+J2omkQlRdM0gp8Wguo3A+FGcFSr1WR

 P9IOymBMSjYsve4GhkJ5J4M3jQgxANYQpAH5rnnCOaUEDWe+Dmo14A1n8MQJ9gFKqSBmIvM4EM

 3bVLFpQSqkotZJl5tSs6eUa4lAA/XYolb/Ln1DyxbjLn/HZurK11blsKneIjvT1VZNUZDdQTtU

 3E4R2Gzf2K5qlLfaOGYvuwIm7hZKSWpiUfyUnkiimCplI3koqRoRYpI00tgQBUsFCrCkfTbdX2

 zosmfstN3uXp47HJYbxaRz+RZcXeUbidPKIYkEknniwBV0TVdJfMPgIdugW78seW41bT3qsfSj

 BOwXbi07VS75oXUIDkNfSmaWcQrGceOpiFwiSjxueJWDSx0RLf0bSGjnTJPspAA9TPVgJ8NiUh

 gYwt2c87rAvvHM9w36Kj4SzCy56oKe1QOWtw9oAyjLrGuhNxFPpvD1w2iJt7C1d3d5ez8w5WuY

 Zdsk4FW6e3WM4wRwpNMOqcG49njMWmk+wjbIv8+HEXu4TW6YDRb5bmKZ1Ci+LS0eEj8hkDOz2Z

 40DO4ICsF4MayMXohNCAlAAaoKAp228cXudPRoxTnZmSWB7y4VeFvDBnvK1VRAyN1xBgt25yVn

 QzHcrJMIu35/vuTpyEp1Cw4JchzukQZ9ood4xAh2LVVC6PZUFATWxLETOS5bcoXN/zuxM2IIwm

 bz5wO3e4qooyqQFdAa5NCsgFh49RcCqYrkpZpGlSu5STQp+3xwbexmTE14zSMooEw94iDCAUya

 6xLTgYdUc/ZMZoWIDHQo5mIDiOe70U5mVUsAKLitoks1ai1qUzT8NCMk5fC7PHlOqKwZomdG1w

 huvhJ4tirMbhBj1UpyJtiG647ikALm96cWApJmq8z8Qk8zVn86jFWt6MWX1mZE6GJqgDERkzEr

 bHTr/5OTQf8EPwd5ZQORaTlKbFeNkixIzvGuSSsgr2PXflg0NqvCWLbKQmyQc7uUnSTxu1RIwm

 Y061z4Vq3tc5hIW5r5nGvdKQd9WT3PKi4ZpM/MLNXOO31dcpLURDYbeOSqNhl58C5xapqdzz2G

 6PfK66XBJbA8hjISAdj1Hq3GEbl585iB71l/Nu67tcbKmeCXTsuTDELGb4Dd21kMKmDbQNYBE3

 XJJFf8USf4NihFsTeCbNsPAj+RruxL5IlqEzVxNJDzAXoSMuigX8+mbbi9BpUkFEh2q1rDErB2

 I5YK6mhz50w1TMpRv8yBF3uUqOSpv4CRI7m8FWYZnzw5C1sCAIci+DRI3DynqQRVKnww2/PQnn

 x/dTS1l5bxRrJPSAUMpP2cmp3R6DS56ZiMV3caxtJ4mrspL5MoiTFYIHR51uW9elkJyK2pDh/N

 cSTcLtpySjFmCmgq7Y6mG5A9FoMyIYVbltFR4FCC9LRBoAYgvAx+vZusxCQoHlsQE32pZ65KDZ

 BCS0I26AaR5FaAToPmdupCnWC/DDX9Ajbzlks6bStDSR9qIAt60NtHAzqhaXiovx2MqC6cnZec

 aMuJZMASWRFMYR6pld5vCxr8SNjGbrDJl8KPODHU66GJfLf2ZgLv6V71GsO+3q7T0A/ZSP5xlf

 ecsd+RSpec7mkZ62Nw6c7m9uH+ucVoxOo4UGKVLJQsrmhunmMgv0mLRjjGEIUZSkzNby+FC+hL

 2IKNorTYLtGoy/1muN53AWgkwLfSWxXKk+0qgTF8LMaI6uEjsM3tNLi6bz/UfbMeBIpM0TJ9BY

 DssjlhzmExQ0gBMFY0qQ4yFw8xn1d1hsqk6GWDDHoSNyJIeE1RdCUUhZjD1dS4oovf2kD7PTek

 aTgRsCbI8Up1ilsIRNMspoWxjeEbPz2jsbHiPRSKRDIxr7JW7JZPTxh6DJq6YdJFsGlKtldnVF

 TbYlc96vgRcD79z4nA/fHg/4b+KeqTVFgce7vtdRcY53ALNxBs4uWdKgAr71kL685BiaO52GhK

 wWKM2HtmGIBlvGGKO1YRUSqxSBQB1LmDnPjMC5Wx3hoMhhr0e+RuCl45ZYSVTG2chOun37Il5n

 Qi7V8UQfuWyLH+O7+orzxWE/LM1YO5PESlHbmk/hYyUJePA3V+V5knSDOoi8sYi1Dui4Dz6B1G

 oMoXRj8poZAydQjsz1Qn1CwCmxxvGsDRBbgZCC1ZBHcii0YIAMQY8RBpEo+gtMSUc2IwvOwipW

 Mig8lhV2ZpRJgkE0doMB4MaJWEiYTdkm/5d+YFtDxXGL5yFPqG9Rg6oQDDTcsOZ9Q0Iqj460WJ

 LiwU0OkAiq4oq0irb6Kxl+vde0KUfayPl1ueKAT/6aGVNqAOeKLK+mA0SS1nx/u97j2GFVG6kz

 76MmASP8iUuhZmP0V1gZR45Xfhtniec6qsUZcAkzo4ovgIC5hl2VGXZsajhSWp9A1A9rbCIYNa

 pk7umQvHURCqym0+aq1iRo6xENeOgZ3BoQwpBTfKlL4hts6FsHNsSYBtvj5rC/Ob6+G4EbLhSO

 6/J2RojW/umeFgBlvkMr8QOsu10QBBr54V2hmqhJFjtrymes1KMoF20tNcWZN+BpoYwDrA9u8a

 xwCtbnSKznbDiu9I2Qm51ApvPMrKPwxjbMnlLZcxKAE3BhGzsZVTKZ8vyiV22CkgCjXzR2r3jC

 eQ5Zuh5b/i15xgVCG7N8XDrE7yKSvjlQzfA1FJIafywCGk4Tvvda1C8ex34QOTZDpIwmOgbBIN

 RyGklKAemt3nouNWRSSSK9GCgq7hYxqaqmDDSpBDm/7X9gHDsYwQAduvZydrzXKw3iYkJdI6a8

 YPoXWcbpVI8cQIyLD9qTTJpR6kqAg7vlhJw6ZU2Ha6xp1qZLsW9kMnHj9jSrGBM/qx1gA5fa+4

 8jr77aimNhNzeGFAc+U8p9BsAY+GampoQ0MI9xt4u8AgZalDVHw1Kei2n3NL6y6GFMmzqm1qEc

 BBqsRI/4rsvSR/y6hI8QawTAIK9xt7GiginQBu0yCUve9yNJrNQ1Pem52Zwm0pRj1jHtpJTUis

 4CedOtYnxT8F52X44nrmsobuA970sSWkpA+r71qNghAIxLVkQ45AKXPSFS1MNHpnN5aNUKNYnI

 ifFUrpOh5Vae5spZHCu3toOM83l8GGH9Xh4mC54IbFIVS2sW1ax/yRfSGB3BDPwJgmNTDQbhEh

 uSJ2ZbRBP2LTT5zleBBY1ctFhijClpboM1MwAvwtKiwd+NEd0u6vVHKtgAwFlL3CfB7DJVjAIp

 E2IjAgry002ZVYENUHMQMYWTzl46Oq159B0pNFrEAiWvBi1hEeOKaClxwJdEISkeTeYL2yQcWu

 EiOrKkrGEMjL3ceXCvSTbrbdGZaElz28Y9i2EhLaTdXZ42Nz8fN/vdzdP59u6yOWBCFxuxpn+X

 7aNhGSA5JfyUkgNSGJobtApypAFXcTP9x3BGPRdiElKvyM3HhqOeMn0rC5q4IRq0FcUIhL2lsn

 aLDSvHpjpNQMIbENPy7Iyky5mlSJbepNDFX6Q0Ky7oUQZoMip6DyzTGdTsk34MGmgC09rs0Iaz

 6Cyzb0WSsuabR6QqnSQM+0KX47actAW2UWgpnrwzuKYnUWd5dBguZ0Dr8qysacTBFGscC73kOq

 cxus3meBkzH9miFx0jWDfkGTOBysMQjsr6l8m48USOzKw9DyZVCn172rOz95MR2Bz4cOOGalo+

 JVfMAGf4Ajnd+N4iYvkH+XvCZigmUGVbS46E4GtOy29JK0ER46Dve4XJd7bC0SUkW0ZqhtU8Cg

 oCiq+uNDMuR3NjuTBUhRTiX00wRQJWMUsW++ERHDFbRE6QPtO9lbYCPxqAAbAFTMaZ1g3CzGLX

 anlJzcPNVv4v2DdbUVub+uUH+RAtQQ5hCmEAjc0tqMbgkNObEv4k1tK9EW9idov5eiSw8cBorl

 N2n4ZcmA+nDvRefOTYKRMJIc8uq+omC4yAOiNwdA3eqKlWbCVNTw9El94UZSabHT8fq8JKu4wh

 +EDDgR2r7PQe6irMo6I7hMlCexaQd0Q3MOpHRAaGaoeq4SkCZg6ga+nztBbnZgUXDzmw5pROIx

 P1Ss4ANAzQ5KCsQQ1Fj2IHDulOnO3lXtTrHeQ0O0rNEotjpAFlKKKKLpDbA0VOwBYXx5KSfVnt

 TcsB9E5W7aVki1RWlPLuMI6BzTvTahMhhqI0PYEY1MQwuu0pehg2qIFHPzrmRVFpnDgMKO/bp3

 oOpT5ToqexNe8ksry383HgmOjOdxQtbEwYLm9JeMe3G+tMx8Pt8XizXvnzMeI4OdKHdXSIU6Td

 ll10kjlBwNjoJiwVCUMjvh6p/d3SJJjK8Bj5EYbkqCzvCF5GmlpZA2c06g2UwJCKWO9Nt8RLm4

 WlJsN1WK8JeIt9LTXNtCDb3j6Qz9YRGRLkt4KFBPF2fTkG5Xm3dkDBroeH1EaseOhIQEiYQyl0

 FjyhRK0SdS1NU8Zg6/jkJCFHWXdnEjAZuzUgqCJ3kxE+bFm+QcZWnHBdaLQcYJYLzLLT8U0lBA

 e7WIkiAdrDeW20x/oYKrKKeP0heZwhWiajScjjFdlWHlB6UFm2kMbwYzB/Pwithlhmse1/P3+7

 2X6+3Z0sqYTFelfHhPL2WaJvTXbpvqWFwTsBm9YiaSQPcQ9wzSPuMJZog+Gf2vFgQkw/BuGEZH

 jwz6i/iB2dFAQ6WI5SjRMiGG0JZCVjTcUaCDQx0qYT7/3x79IlosuWxuYacHMfvjspKCFkKVIh

 HDHDaCPu4bQWdc13KaWxl+7ez4eLlaCTG0uJjW3JPI80gAUB+LHhaHMhZ05q9AicsoCPBIrmWX

 /tqJ4i5A8y/qFIYY0ZSAzwhixvCqPOL7Pl8bo3xms64iuzR19rV0eLzx238p61Sfm8l2tliDpY

 gEhb3KEH0BkGB0UtRmqQldtKRLHo1ditu5azT8p6tEc9dd1Y7cQDR0Vpk678IQlGGwypcuJ8mE

 CjW9GCnNITZY0B+aSnHGp4HMvIRIoLIs6w2ApHlih9SHqidVF2hi1EMy1SSl3zytTcVD5RBkmi

 +0yPwUGAdmnb33wklNbkx3dnPJeQs8aIIPlh9tSPNqAn62l9oU11eq9J36DGZYSiafwzYBPNMI

 oUdDA162tJAbdkbnTxipX+hY5AO5EkRSqMkGDhYOy2j7y85HChHHlxBcBo6Oxn5oyhMFNAULYt

 RFvBesizikXjaGkjWgRlz9B6TFP9ecYn5BVhujFySQgSlhk9E/F0G6IKbrW8Pc7sAQiENCSQhD

 +Wa6WzqTkaWRitMaTb4xJgXJfTQ6FwzJuysgolKSfZaABkoQG303bRi8KMK4rHfjyij/yzh/rX

 IHpkWy1Iyz1HnEr7ptH+wnuNZ0fzyiaYTRLLWxFSv+BEwkAaC3LH1TRqThWk6rPMvkkSPmGpbL

 JvI8WqQqIMRptpY4nTi8LznwJJIBPVmCFyua7RYJZGy5ZnzZnHdt/i8yYfdmQ3Ieaii7qITWSA

 gRPLkV4km4qQdJlRJw0XXTOZ2KuqU9bqqJvtMGuD4mPxKEEk7wUn+1N3hckAy3X1z2XFWy0He3

 aYww7s1Rtp/C+hyTDYtYCyK+3JIjABfNpFQ9KKiagaacUiSbb4nKt4kaoN4Ulbxmegq3EWoLGu

 PiaUCF7YHd1frXXojxkmk5PN3KmlBKZAZy0HjnSWvZgFdVO8XcSMTYYlW/aJ/Ik0d03PSxrHuc

 c3GytYiVBDYgwge8u0PSXXxhA2u6JbfoZOLp+wloQ1r0kh76palHyMYALGOtwyAq9iiXACy8z5

 g5OYEySczGvkTDojWujWpat2cTSXcHGXxPRJFd6EnQhKt/wwl1LwcenWk+/+S3aaelu6HWPPGs

 oWoiCxOEzmpzkQuvACPFe6zYsofQaayCRSbE8U9P7vvBOF1mBo3U2aWu+zlNto56ZwXEvXMBVr

 w3PWkfgHSHDm0n7cPNoUhj0KZ7S62R3uxsiyr+xpyNJzBmfPdfIuMtmeKFonosK/CgF6sgL5s+

 WrQ8m9lYNNA0XxPENK901MWFKqKnXs4ifo6De+qjMYaFq63lyEfvtBA5SmcaCseBmI2C/HQN7l

 zWLL4/vdA70JR5ebh9zmfDqjUV6DwnGV4GZMPkQphZJJrjy8Xy063kZuV4spUnjJXxh2CyFsdz

 x6JODJwhGD1wzUgjmTGXZGASN5am1qJTwSM+wsxrstdLXJrCQtZSSdhsEghJNN1KZY1oIMUfu6

 oKLciDCvE6cxglzIr90a8YrfQExkmtDEP0fVHDZv9OLbeEYftHdbO5yacOKid99XFXBFhE5QGW

 YvfjIiffGD7DXhE39kNCynEGoZEd/tbJ5edsfj/en8SPy3j/egb5451nH7KeS7+36Qdx2saOkI

 pJbPk2ljxmhXYUt+YRrwY34Tq1UrS7apK/9fkh4fre+MdwUdBoFwxwOoJt59OOTMQUNqSW5v9c

 VolynmFsgwFWxtKg8YZ1bDLs3YW9bKCxJYKBIuFMUGxEeQHkkm2aoWpFMQFRtLmS44rKJFFN9S

 aEGtfozeJqj8Zka4CcHE2Q/xZQ0pW1iM0RrDN3edjcguBJXoSCVDBWPIUUzaPONd2MHLZfeQIN

 HOegQfNaDMOBM0nXvXonGyrby1MABuUUTC/Db5s4WrN8tXt5MkzChhfQtjq3eUdVJiAPYGUZBH

 Stwpwxs7Gw8r10MmVIIKhXMbpo1oQ/6uQ33FMDZ9N7N329jvpmMu9PejsCnUSEUiQzsbaNE7kA

 JuPLrx3nDnjyLGHnBYAwZhlG3PY2KNDPT+ISNuGLTFlSzJIdJHp4XRMglGMOpkEybAu3kl0XSS

 EbonxDwJ3xO2EMAYdB3NjZw1VqoQutNFInPYmzuV0Rxsp3O2WTJkE7CSgIwQsN3m7g69QHcmxU

 3ibTJN9NdhsZDGvtrcyYc9+nHv5oB0SKXY05goRjhxZ/0iRkFIWGjJSzwQQlOiSyshPMIEqJ4p

 WoMWljK2jKctNP6Qfg1rYVQF/AgvKQznva8RfmgOM7wpbd7dj0RKCXA2yhyQ4RDFqIC+EgZacK

 4AruaFXVFew9UNTNcqUJRtXEHRzmZzP5kmcKOvXLipXvQ0BhnldZECkG1HIJbClxtrUrZV+hKJ

 ER532EUONRnVDjLncd0JxCabZNWR1boUoWEdTHUpCA2ti2DvXsMQ6Q47sK/SYUOoRH09C5vJi6

 PWtyG3CxWTWw3zqIk+LtyYGHEmumfLV3vrz15uZM6pU0y6HGwssaeBNqYARiTSRaItH0siGU5y

 ouSmp02gZvzTUcARLcSUUkede7CmIztgU50EnigWTZDgzsucoEMwZRMJE9yg0mub9aY43Ljfzi

 8e51guXTmY96KT8q3FBrLSn5ZBK7TbIj4e2h1hl7jO7BuMo3TnO151zm9q0HQ39kgpf0Cx+6hQ

 P7Xkr9sMm+HMNJj2MOsZn/nTRbBoTYFUj5KaVqFFw3aSTJ8cSqOWogGoi6GWUWHOVQp3ycXbGi

 sSgMX5BEEIvkY3oorgfuiJ1q0kiAmsVJTTjwWsedPKDCbKmImjLW3MRfd9e0/uZnQ7HmbKQea2

 r2n8stsdDcUdbml5hUxL2gi9wUZQnjC2NFf4ADhFfyTqcVbREtsSZQJjkBojfemZatJ33gsNg7

 Tp0HcsE7n4KELx40JUMSxpjEfl555nGS5LHNUwD2z7h1JBHqq1hTSewhXByiFVmOo0KFLSSCOG

 ZvgslzRoRPZCVnpMMlabJwq3Blkg7nGdNSbu4sxIYcHAP9wDYUxiLIMsUM7Y5EtTRwLJon8leS

 lagHwM0gq4ajK0+ClZTrT1D679XuIM4vwbEnNUEeXwdnt8zYcbftfhjcMiqLQ7W4Ldsj4bYriM

 IEWs6SLNNlzY+qeiwqztmhxBaX4GLdomCuCXzA/+m4Pzy1HQiYzW/GaCBmBKmJOR8hOsFQcynG

 ycH0qS7Dpl42ItBjXuUktSRVlkplEEiml9n8TylbUSOvISLxCHDGNLrt0wlGlYs2lrIq7S/q69

 E7lkZwOs7DDivtoOcNi8R0yYcRatjMFgPOunxQTkSGrEpg6x8Yrj20Xk9nIwZv8qOEpw3s/7y+

 UVgPHczT2xbe8Mqv3rmOn2fD1pOEGmADhc5cBcyL/d7Z2xl2wsAbZz10zA5INU4igZl6j4Rc7c

 pUFHAso/rMGkUO01y0jeLQ29v55vHvzc8GZzeN6cH/2EIUHuto74vb7f3Z9u3/gV7sZP0AMHtl

 kaAcJDEJCmRYLpPdeg9IkRg2gUlBbrptdwE4RIzbajNgXKzbi3nAn71Cd1lyMI0FFHxAAAQABJ

 REFUrHjDjCGKYGuVhYgxwTEXHCl6mwSaH2QabIMlpApCiEx0lohwnEIrcPqLUxNOzjZjI6RAl7

 nmQ+0FeklhDq/pbm/sFY6PG1FYDgWIEc4pCdMWoMgCZ0ueY/YzEDRilt6iNo2Yi7T0EwfteOT1

 mV+2K0n14w9sboSx5IMedUkMbYnOv2SXnIBbuWhwS7QaJUru533uG4dNqYIyUSFVj9wCFKVB7j

 VGPIIaFS/jFpxjqaGijK/chIMjjLO0VjKO1iwUKP8ub8aqHAnHD+HhSGWt+A9teOMg2AaVyTiZ

 eapJEdGRy9am8B7I6cEXw8l0ztJTircPv717aNg/vGmlM7TwTIfUC4NBPuHkHnfMd36Lg/cuNg

 GMmHn3EfyuERLdJGpQgCbiNtJbw2/gPRxk0e97cxMrC/tNA/KBDhjtAI6B3Z2vAW3v7n3cN8NN

 fZ0XkDnYZYgryDLNJhKNMBPEUGLRoH0xYZlMWIc2uVSxtT89m7gUgDIcgSWls6guxnZsIVi+Jb

 pZHZJzxUIjD12Vvomtjna0FZxrFrkByvZEQSIcZpWM9CFYNpkWoJ6gQyboyBS9q05g3ZJRzTMJ

 j25Bha+1tdEDFlTPex3ZkgpkiKp1n1wl+1FXbX5LPhPqDSOjqVCFKUYjlHSixmVYBaRVQ9ccGh

 DjC+jlZY2u4wuWhERb7xR3kEzlONLSdpKkpaXQRgXwEHE1AXekj28hYNlGUpjpWagqWgbibr2U

 TGFrzpQ01QJTkh4TqD/OyTdppU6ytnLht03Jivg6mWR8eLk9vm2Oz96tj9+eXjcdjsVv7gGWlJ

 cG6hv7yQt0YsmOei6/IjR4Sl79+L8nh+WbXt3eW3TxwYgcZ3RiRfAS6UojjUx+CGK/3/3alIRQ

 M62+ttY80OJO40IYWlhoeOrnXyfDHFVFRdRFhdsRROSlqoSagWRCoPlmgr9G+ZKQ8/F8b5zJ3E

 iA/Yrd5pWthEPBdQ2I9/aPpak46ShliUACDPC6YMPSyJRQc8akA/5MPA7OXnMJZ9vezpe3t/P+

 5fT28v56uOz354blPbSfS4cdH7LqsmnhJUF5mlE4fcUQvhplDZ0tMWecvLQ0R14gGclXG/T0wo

 JxsjlCs0mQE2VAENnQAQKj8r2OHBQF/cRyAwKeGg0e9rs98p4OT+fX8/7p9lH4ZhgspFnw7Z0k

 FsQ7gXnltHgmdB5BGiWAJagRnMlkqTlKN5WNhWTkw9F8hJbfaExywUIWONZW8+L+MwGLPWZZM8

 zgb3/7ML8x62CjhSUUt+Po5V+TcwqSKbRx3QyruGPQaBDA/iAaaYyy12oOkV5TWVbSoYCWlG31

 tTN0vnDadZZJ2H05v333fjoQy9vNW57capEJEQYR3Mpu3JR4t1gg46UBfpL3ZV04xB9eK8FUoS

 5BeGcwV9/Pyxzk+DDdlm2S6Wq2eHA/UktMbommUVKb1uTXpBzRDcIscJLywVcnFxhJImsglkhJ

 O6s0922sy4N9NEhkF7LdAuHD3e7hoRHFING86f1y56Qmrrms5SQUmF28P/uFFwewAE8ZUCGPON

 aAoK3isVHQvRgsWwZyeFKEEFThqjRqKIs+AaJ1PsZhw0qjdbWEJrltBS0O1zEJROdJD60jPTze

 3j/cevfaPEhnCygw0spgInMXbvFYSZGiyXzRKzRZJUdOtMbet+fL/oUDX16f33kvIzi/yqWxKE

 DlgiTmw3d57u8eSOrhvvQYvUMtAagT2hpaQSfEu83u/u6mEHOnbyMiK8+HmvxuxOX5UXFL756W

 WCQDZ/meoHEwpdie9DFyWB/IunhcdnJ47T/3un3bn9gof2kpOL/8UDyB37eekBkQceJVOYlyY3

 IayihwHqFqda5FJpNUNJkXkO57QEJVKKjL3I79pkPDXAdhBFXf7csnnRSWK9SXVYAaJc0jElye

 nBQog3NkFwiURpVwBjYHStNj+GtoG+dDVuOnoZVcZgW3Ie1op/e140yc+fB2ef1ONO8vP9+ff9

 68vt680Z1J0EpXk1vhD5KMI4emUholOgJhiMw7BrE0osjiEM9Mhp5xeqZDOhFqsCjxHpHnY4Dj

 Kol3GxIF3SnUrk8D4pwoaAWrkNMqdHNF278CauM+UWSmRdEGnEhWIjaOEgYzOLmHe1NT06hutu

 8NlltfUds93rM3ftHsDkdZ+/lmL7ucodg23sZC6JonkPEt67kv7m4PfYeJajMyKcQafFoIdQdj

 ykN/MSzWkBM7MelhfURq/7hX7TFAfpRml4oycViqUHaKu4D5Rt2nzdPj5uHT9vHT7f0Tl+ocJY

 1IAJjqMsFgxmxYlqm66ZXH0EuLcs7uHmVcb+/7H+fD2+nl+ey1f20tWmg3obLK0PfjwcqwMHRn

 7L27u7u/L9o9Ot8yPMw3xzONdlBCke9YwruXI9xt7zmcIrMDkFi4GLjzm+PGWyw1ayz3yNzz1v

 2r/67RiCv5GBURhED9vj9JwDUgvL2Dg7cvr3efP28eLNVYKqeist8YzpSKNXgk0mZwjR3LRRUV

 xcbiFJNuXYidmOs7Fuk5QcZuEMHBjOpEhhQYGuJzrFaH1VL0zJXyzHKOOzElZesdVc5xiyccmI

 7MlevRG23tWp9P3Z6nbZ9RShDZQWsTeRYTFGa5opzoeN4/n88WJtLa+fjSjPJQ/nyhtf3z++vz

 5dWNSdCrKbHVvhJpKmlywlrhzaSykySeoRGEQpptlZoIiEvTCYl50cSxkWMuG/scuHWApOu9G2

 RXvBhJJhXwh0RWI8O7IOyUlQVnszJx5c3QhJ8CNnH3G/YiSlBa9CHkRVlDFpk3RXS84d1gRV6l

 tPJkmTLQ5NrK5QMH3hmBG4RLDie3QVCblHeysdc7e9dns1LphY0++R2Jvtm64LBtxDf/K3rSj3

 nYeNjMRRug2K4XfaAkrboEX4qkpXhH9NCLlQyFXP3T2tvu7rR9kLaeXrbnw93tuZU/KazBbfvw

 afeI3Kft/ZfN3YNtJ84xEpSe9iVqA3oYYj/wmecYqRU7QcAOIaPAUQOvGe/rj+Pb98PzTw58fH

 697LMJKfSmb0TzAFwaJQx0iEt2ue+nT3dPT7uHRxKd/c9M2oQdkjyYCpQzEsIl6LvmFDQoXrRk

 8yA0yZN1sCLCjBrfAY/o0/n4+nDz/vx+ft3vD7dvMG6tOhBwk76YOJQnv9ycRMiHn7vdLw+fDu

 +f9q0Hs/VMgAKakJC2hJabxLdS7+OlIwYCYSd5bgoo7I94srWyvVHSuHP817343KIiKqtEjin4

 gDZEmNnnHP5XKoMMa3i/f2p1Df7WZQuULXO90xHjawqyLDBrzYFh5zKOFxByCQe5SMmbS5jVnF

 8JdNPqFI/dH/c/y4wOzzzzdHw9nn7w1e2h08SXg8eD7On2zQTTIyW+gtLIl0ci5nDf6if+7u77

 ZkJh09P8ElHyGlZv9kRSvODPOO9KbBFnSbA5InJndMqopts0+li0qvkIVGdjp7ppo+1SgIG3Ya

 HTVyiLOA6cS+QGkVbAaBBrhjL9A5/gSm82D/ez+2bEeuCx+t1tjiZND7vt0+724cHIwtKaB6dG

 M2Gx6hj/74Ld6XzI7G4OxoHOG87OgQTp7iF6Zp1geEVqaUATv5aFx3vz2Ubm8aZSKsbIM7KzJD

 d8zlyQ2Hasers7GaEmK5Owbx8f2puVKfUTO0Dah72Xl24fPxfvRRAMWlZgMtk4bQEKJgQMK4O7

 EmbYGDl5BypToXKT3pcfp2/fLs9r+H0zE94I5+ZO9S991LDRt3nr7o4MPz09fP788PTp4dOX+/

 v7dlXKMxlyLtSCxNhGS6kq+FtrbWOdnS44mokATLYIIOjHfqouLykC8PFXdi4S3j7sj4fnFvAi

 dYjtUJMZ+5spgEnMZv/ydnP3vPv0cvPl89r2rGmiKM4UAZuvlgYhyKUSsFSALXL3NGcVCAV/WQ

 8T8l7roTxhEWPdGtMVZoRKa5Y+q3eNrAEAtZUCESvX8MJ+q+44LXlghKEICwLzpPQe3nxFqTZh

 FwNJ5nx6Ph+fnRG2iml09TofXvavP89vP28Pe+nS+e35/fTTcmPybPfe+HwWjh1qym/ZJ5tJyE

 JNSRGzylX4CPNhmO3k91sV0iSksJgwmzPq7HzqsagmcCaIkRvOxbISPDwmBBJAe8JYfGBliaJE

 SjfYMGMBzYknpyOF2K19IwtXR4OwLFou3aF/UZDgkkNTfNpDVdIhS9HG6XJ+ZDb1LsO8e3p/+H

 yyxjsLCdZ+EP14u3+wi8hrrV/u7lvss6PD6wi0b3lsX7d+ZvrwbI/g+BJnzjhejsKpldub158O

 PO0OLNIXGzuMgw5zWIuseLK/gRyS4XI+qS2WxxBApkukRrdbHxmVRi0pxA0zpGw8+G+6H345nx

 6NX0630kR20RzbTNTukZVn6Uz+02Y2JJI1hlLwG6DJOcz0menNorpsocyiJcqM4Pz6en75eXr9

 dnz9fmINb6/vb2/SgclvTX6z+NYpCw1tukL7eP9+f3/78On+85enu8fH9rFkK7f9xmnEN/KUur

 71+/tpvTFOcBllmbKwE49PnTqXPUljEk7GczpJEre7t9PldUfOz74kK+wXihE+WWC5qbFP7kUb

 t/eH48PpZn9+YKgnu+XU3Cq29DNRZ5S9IaatonB0nsxnMdMd8Y6sK0sVte9Dn7rhY4xznFaVBQ

 99olO/uCHRlg1Nq+yq+M0uXwy53NOhVcxW6Bvd+t0mtpuFXA5h94VZ+guusKK+h7KV5l/pp+bS

 5svpJ3c9H35cJMz7183z99OLsffn+9uP99fX0/50eXtpn+9sJ7XjN00iLG3MgYhZjTLSgJOqCy

 uT641V3txv5AZH1NlQ58O7h0l/LI7dPxxo43S581WILfhGYb+W0TptDjmBj3wzZm5cTguuWT7q

 u5pkkR9Ve8jUyie79z5DuylRK6KzgdRkmCyFTdbOgRO7tuAR2Vg+QDlg+2l5s6hop39Wbj/dtP

 Bjsvvo26Ma26N0PKAZipHSmXibrNSwu2cigPLK9iv8TJt5DYdvr4rd86JZL5UTvv2UHb4//po5

 GLDaYOoISF/FvH1AAgrjIouKNvz6pGKFkm1m5IYxILNbvAoBqK+jICLBp4M7syhh8ebmqYq6Gm

 OaBfhEvpClLzuaimwiCS5LrTnbZHoKTcWmBo2S16L4y/n15+n71/PPH6ef3w7P31v8kHrxbehW

 cz1y3XTCdtNU0WV+AKOkpmUqu9AYYJnsAQ3ZbbLn8wcumSIUokoYQY8YZJpz25enAgsLo8V/p1

 cYM2s/CaPyiWGIXNl9jtNRkQlyBqpykd35jpE9v+x+PG9/O1qrcFB9dlbKG+qLiusrj4wLaogW

 9VlbzfJkQTPelIdgGWQNV/cxyloWwkiRKqgRSahX1vYII2EqY8ROXRjc7i3xWSpIPnaGjY77E0

 ncSnp9788AaasrchJlmUvUwjxMWqPal2Psf1yo5vXb6e3b+fnb7fPLydj7+mPzptxo7BBxzfL2

 BrNJlTiFiNlg7tF7TpRFujOzmzmm4cOcRti/exD8b3nv7hOlPe4erGg8yTxb75F6P++PXsP1Rt

 o5doPZEgjB17g9ppxRp93E0Et7/JBgQoWbEK1xFKhg7/zz++H1dv/cEY4izfyYeHbllVeM+86N

 +2JOhtHkZH4yt0T38cvt0y/3j093dw9396aQEgWzs9l3MCIY1iBq9EhHx82dYE/K3MkZQPZn8k

 si1k6RilziLrG8eTttft58fimHkY4iOw82vskYKErU5mABjy+aj+lQEWpWP9Y07MPaGbIKshQy

 94b9kvDUkBHPPnspR6BEziRcrpjKpN2RpWz69ggYKZC5dwJZMMAEigO37LE/vb6cnn/0Muq+vc

 nNjBdCVoYZxvFdfGe4M/qUEca5seS9leLT+XzYlN2IgjQcWaWuOevlQZpLl+yzMJquEafA59Af

 wNYOKEq46Mg9sZGdcXvEmAwRMy5cPCGbBmJeENT9af9yeL97e/v5vPvxY/fbz1ZxnhzRnV1NAv

 fScGIigUHduEcQgsa846OkJ3JQkmnWNtfN3olsnjOC9KRro4ayuJ/2DSFVMRLczjjl3hLK06Pr

 wVIBcZC6Wcb+1Yo5DHGBQ/G9BaSxBCQp93duI3dvOnN+4aWU8u3049/OL3+cX1/Ozwbkt5vXl6

 1B+CBhnn37tslFW7KK5Bhsbg5h3jRXBsIeYGAMjMvXMYov99ZMtndPCL27+/Sw/fSb5UAEW63o

 vw0+QfL29u3lsNvuf7yQfvkaRTkFR0CTNzh5SM/Zsr8MZRmfkZKhsGyhmGTJjKGRtiG99WZp08

 +b0/Pm8krbzDhLGj9qbaDduLYCkdpWiuzXb8+WvtmMK2k3ut7uvmwffzt/kkg/ybZ3d9cppVkb

 tNaydqV81lYsTfEE/rp5u2xfb9/f7ln188t2J/O42XD7qv0GgsjXiUu/QPi6v/l8YG+Ot79bWb

 OLcHe63B/Pu4dh1GiLnToVavK4QGQhxJz9cKr5mmPZGZE0d8iBUwIZ9OgpH5hx242KFJUn6wHy

 tE7O5a6pEJBwZJ4pL29ujjHKNs0x/B5OL/u3n9+8Tt+/v/983bIxxuHnRgoRKw/ItEqeOxRgbL

 ybfO3gx4su+93FxFxIMem6fbIOeHl3CEzYdW7fGnFBCEbmL30Qr2bLTSSyj9kwocr/oRh0O3Mt

 1ZytMp/e9sfXt8P+9fTy9fJiT8vKjfVVJo+rjAGjInLsgWuR4LVp1c3TfvP8ev/ytt1b6/tiOL

 Rdf7P9RTRBxNhvgwBfxsZIIxCEM6EsQVvi94yc5Jo4V2TttnYpJ182ek1Y0y6TNb2WpzYGNmHc

 zao9qdvgu7t/ejRO8Nu6+xJm85BsSQfpb4XtU3Phe9Y/2sUczzm+Pf95+PmVD9/+sCrxx/n598

 vzV6mydYobR2v2h2MR9uR0jTUXRPhOPCEyyvRcVmErL0HlFmMEGUI0tDnZfDPyth2ct35/z4fv

 d58/3f/ytPv1y+aJ6HYt8zh5IK+65D5WlIRUcVqo75DOrD+yYiMwByafLDkWMzWhz1hLyP1gh9

 1DVFgUeXe0VS0FG357vaB+K91vCqIz4ZIk+RQIZseafKopVpY9pkGegziRZ3P/YOV2c/8kkzg4

 zvn+bhphf80KG/aLhKCtEduPt/STPMLl/tl8rARukME0r+KHkUq8399d3p43AqR00SKMTVScCQ

 ePHVZpW1nQwyoaZnUDyznvekesaxyyG4ZdpMw2cLHYkywX1Qxp+a+e/vXZoVvvxYQIR23dYRzn

 z2fH0hs05o7VXXHKRnnv8/Ph+9fj1z9O3/68PP+4NXx17G6hyM6jki8AnQgzWXJmM1i0ubh/9m

 V6ZwNlswe/43v38OSrWmajVgfJT5RKWv0AEZois1jDt4Aw1BJao5YB9mjYfz+ejrY9Xo6nt8Ph

 xYra2/7Hz8PLm0TuZOVwjW5CQVnAEFM0cStNEC4Ob9+e73/9efvz+3n/j60mGsATrpclaEKMew

 3ng6AWPZ6aVqTTJVuAazEmudpGdSM97sthfObedJMqSIVC3bOFAdqhCpTaGeC3D4azh3tr9XmW

 Mciy7g27IysLx3vrn7INomh4yu0cc7Sn/bz/8efhx+9vX//l9Px9+/Xb+cefN68/3l/+LOXAcD

 tDNr3N4PZx0RwNGSIotxE4UI4mX3S18hPQlFWgqVWVXm0BWv3c3n++2z1J7+/uPn+6++2X3Zdf

 tp+/2OpDTNIAWG4gn364Oz/e3335lRDsNxrEyJTjWug1v2/Pg0HBjYGxEAWJMIH07cpCiHWaaD

 mZLmG4r/vO98tlXO1XZFtz5er5K3GzMkMgQGknHqxNvZ9bpRV2cmATtkeDr30sGxqpMYNqKXs8

 IDOR9wrcZmrptIn8vQ04cz3Z81J/lpTHdIRNmn1z83LzZrVQYr8/usoj904MW7SQEgyNyc90MU

 fFb76FwMV3hvFhXji+WpEiwslq9Peq+VVW3Y28wFRWxJ27TIGiiORqozUjhTIYF5mI/1qSkLBk

 1er5x9uff+7/+P3w7U97qtsj7lAX65mC+3HmkNOfrUQ8K6FFX7E4bl6/y7aO28Px/vFt9/jl7v

 Fw+/Tp/VdrlDqzocaVBGXcLlO0hOCZ98q4DbV+yGrijEeHrw26Ly/7n8/Hl/35bf/+83n//efr

 T958tNnZisKk0skyurDUYIpSIZxL3L69vn37uvnzj8M//MPdb/+wayGcaIw5YppvjaFE66Tcx5

 iMabfntIO5xluCGbl20/20H0RkmBwYN8zpDBP9d0HBK5c6Ckp+ZGAOs9meMPN9nwnlw71Ytozc

 sLQ96OtbGH7mrMGomcE4mB8iM7N4P5wOL9++Pv/5L4dv/3b6+vvp59f7H39arLoxXHlvt89E1z

 LQDLxcd5Q6htG2EHm0uWiIpXosJKnlA4to5fE9ocvilZHXOPy4M914cgSold00lYdZGjzuX/fH

 n69el1dfabL+c5FTvB8fTbp56uP95vHeYNhqB2G0ru2mQJIcPTb56FtPfXF0Gbx56pNmEWdJDS

 cC0iw2jrGmkCQe2Vcht5yXqvPARp3hohTOUpWFn1Qg1AxeGOe/baDYFlBASCnNLS375wq3jjuD

 s2/UQIC3IAIuwqCwMaR2tunm6H+L/q173di1fTh+Kf5lvjTYek/AoW8TPe6pPZFg2F98TGkOTk

 FDIDzpue00vCQv17SdTtMb/ClHdzCiLmubiXSyDCmnHa3OuHhzfns7Nvx+23/7dvr54/z2YsXS

 hHwUkOK7BtbcNfwobW/Cyy9NHI6UwAEvL37i5vb4eNrcnz/9+m4H3Te0He2QzFw6acDVO83sNN

 X9yZFpSpdRHd/eXmXjdr8sKkZnS8qmeC9vf/44/HCE066mFZQ3o3G7Um05NWyP2Ic5/OVsSYOS

 1R2sEf18vvv+/fDtj4d/+KdtA0UyJxVyL84n7NK0Ed2kK+RKsrMugEdCsog5rZImF0iijWrz3e

 Lx7aJXsiVPfyWKhSrQbeNxYPL1lt9sDbakB4ZAjkqm28a4PQpmZJ6b93JBDVus7hfwzofXl5+v

 P779+OOfL19/P3/9t/Pr97tXQ0KDLe9l8x2KbOGuURttzRWzCO+MHRFcqmmLYSfvZmF4Lu7Q24

 iq2B1DIqn84O5Rivy4+/xl8/hojeYkAjntjqyX4+Hn4e3l59u3n5fnt+2b3DmuQEtdBsPdzedP

 26eHjoWSSnJuupo7pg6CawsHAU10orCFHmZhyawZXcMiyftMUNkYBv793ZPxHdSVtYWYGiJ8cM

 VfXpAp+Fc48Bz35pWAJxh/S3tV8xt7Sn0Xp1ZlPexXMXP2rkfm09iko6BqovL2un3yP741nX7b

 3T5KDhM3XpvcM6bFdY/TH7VFh+hZ7EaiO/+KV9HbO7MYVVkOKU1mv01oc7fYMbkHGoWkqfmQBk

 K6UjiExtdM3uYHC48H9rL//u35b397+/3395/fER/O/rCSKHSccF3BCByj5dcmwCrHxsuBLNCc

 Wi593T46b7Hd/fZrS/kW9nc7Iefg+vbd0Lq0cv/4KKU8OP9oc/L29uHzp0+fvuwoV47j10iPx7

 c/vh++PjN2DszMLdu2oGIAbmUrcbsQtN6XbNK9JhrKt//8evgqHn29e+uo/O3jb9a5k03WohOh

 a+s2kYrDvhchPwc6eu0sxlbWI8jTZwJOr+5SQlibQg0BzgKkPi1Sxr21qldbk7LKHVI1boBtcY

 9v9v2yhVVLdtE6QtMHeDgv7pmEHOSw//Ht+c9/3n//4/3775eff2RUIEE0KecYy/DdKkA5eQah

 gHozAlM0J1udpZUbtdE4rsscPpRqDQKxIzvjiDXce5v3nx93nz5t7mWj97751UCT9TRCWdiwe0

 Dlyd0heTQS0I2k22ZOM+fPvzzM1iWobJmPOB1pLtkIWV6OLttE9pORImyh3jmj3dMvN+9PI4sO

 7wiMBKP7cmHzAPGnkbMBlrE2xeAWVgkzcntzl8PTrUU1/9/im2TGd21D3eAv07Jv2g7SBO60l3

 TpSyRpPs9AHCaXQfp2ezMQNMC649jOkfv6Mfgtj+8dzTUNlvW9SpPsXx4ve0nppoPAUSS9YSCz

 NYhCZjQKIX6Sa0xIMQM6jynC1AotVdsMJZRRmWbI8Z6tBaNDoOzI1dqraEQPq6IFPYGgybtamv

 eydvl8eP35/OP7n7+//f63958/to5GWZIITziavUQbhTeiQ1aUYnPW2Vo6LfXbPT482vXE5vbx

 uP3y/PZiduZ3eZ82X278aMn9Q1/rON3sbOXud69/ezv//GnUnplhP4JtZe/Tr//4y8Pnh+0XGZ

 HhAP7vp+8vfzhHdPvL/YP1CedmHPBgQT8N+E2C0zyOCQNHXKsXSvtnukWr55fvL7d/+2P3j7/f

 /MdvD7/+5enLf9ju7MTb+bOuJnIJiSYFk8uURjhE/O3w49md2d77X3+9vfttJk/OQ53uN0+mii

 MOCRcTIsCG8WtSZA0nt8767HWJqo+/3T/uH5/sqb9cnEJ5udv/eHq6eXw3fmWWjlE5MfB2Ou8d

 ybD2Jsbd3tx/lrvemWFaTTxatHr+8ePl/PX18mxtsN+ItR59Z/KQL2QfMewhJRowpGdtd2elyW

 F2QWXCHBezstdsqR14Vl620mJ5gcXW3+Hp5vYvt87hbO2kOqL+eMeNL09f7AU+XX69ebn98fXr

 8dvvLw/fpWkOCJiwZ5wQnfxqxSPxnR/Ph88PVhcAZl/JvwMb5ryR12hViCSiZm5tdnLLFkWePj

 s5oipW8NIyD7hj5mPHGAqYtCQztiOIwQHoQ0SZY1vN/m+fb/yUIQN1vpcT+Pbs/BCpaC0kCBn2

 2eEgq/5nccGszfGOyzceWz+YDdKZNZcKFQuTpJ/UPjgQw1aEFYfZ/XamIaX9zBgqf5ZumXgIUF

 E/tpfPoXyIH59xH+kZB5bTTpU8VTjoaqkUYSluYmtaCn7wasxzVbnxseTkgYA06JFEC6kdfjb8

 Hr5+Pf/44ZuDdUYVJ6dqmi8KQOEpRQgHKaiQz/U6vWcFSwBxgtJqwu7u6eH+M7Bfv359NXdFQE

 ZkHT+97D49Pn7m7//yr//jn5+/fycHGRiiH3/96395+vXJScz+w5pJGSxbPL/uDyeR/ZNllpme

 bHwHSVozG8lQxD8eWxfAS5YSqSk7JmnhZPn624/z92+8wf8Fh17VbUAii1kkngBQ2amU+/uPf/

 4fL3/7V99af/jyl93hz6fzP336y3+uQRlOWkukgU/kunOaGRPCzquxyS6njcfTb788HXjfz/3r

 6/7000I7P7vhGcIr4319ef358/n7t9fXF3P6G8tbX3759Msvj5+f7s/z8zv755fL87eWQk/+17

 6xqHSZtXemaPSBZTVJIdbTfgJAa2P/7te//tXE5mClGtlNHPSpx7KoFvZm9Vvu+2Aj9R+kJxbV

 fvnyH//p6R//49OXv3769bff7v/qdP+3339/+f1ff/7x51uLgq+SlIPTPmzGCoVx8XR53L0+OP

 7X2hWpCmbFM8TkwL5m5ZhPKuE2DSACtKmCnefN5tMvlsVW7EH/iDfTztxilHXK4c2dpdvMIoC0

 TtBINyG1PH98/maFYXP/3HEdVt06lhlIP+7zfvfJzxs5GDA/y9LKKoj9tHsOPN4b/w772A3lyQ

 YFk/D2KnnyyNlEry852qA2lRKnObX/NO9o1eHWMsFDYZynyaIzDGVJ3h9Or2pI3HAu7SyvjCkD

 oGapYa7WY9gSn5rumA/iVIHJsDMun9OruyQbBA5Iiu229tsaJ8c2OLDzAE38s1bDlOUg+5Qsfp

 BmIMIbTIgoRMBCnPuCMsY5sG30e/tm25v9f/mnTz/2z7//3//9fnf3143dm83dF9+UemwJ/25/

 OJz/7d/+/P7HV9ELTMh/+cvxH//z/+ocdoOc9GW//9t//2//7b/+19vz869f/kqL7MKUlP75wr

 5TBNd5QMG9f7gknHRIlhNzGqHMl9++/3j7l7/95X/9+uvzj8t/aOoBUpEoiM0WEziurDV+/dfL

 P/9fb//n/3F8+Hzzn/6L806Xw7NWT//Lf0pBXo6WxX28+5ghkC9T18JM0OpoJo1C8RfB8bKxhv

 mvv1vYPP7x/cUays8fz2pFDtH85eXt+bVvF4rnnz49/faXL5+kIM5QrBjDdvfn272vdJZ4CGt6

 oT8OU2Tv2ZBnU/oJHopiED9K7Xh8+ry17rL5ozDjBMm4lQGjHIRFWOXugDP3Nib+P0S9Z5Dk53

 3n1znnPD057e5sXmCRQYAEk2BmUZROJ9Xp6k5VdtllyW9cZV/pfFd+Yb9zle2qq7JVZ/vFKYsi

 JYIHBhAkQOQFdrFxdifnns45J3++/15IvbMz3f/+h+f5Pb+cHhdpw1ZSTUJ+VzzsicQCvpgvEA

 35Q06LLTgdbeRD9XK+Xav2m61+B9HUAyBIoFa/1SiWze0svjk8dcrB4gvD8uS2iriwJupDKaTE

 sgOTmBxbfzhAMqsvYvX5sZARB1wksQxQ0YgMnilix+jCQqMtPiVuDsgRT6s6ezJ4eSt77WbxhI

 iDPRA2OfGeEPGlRoFQnFN1laIfYbrCgWr2K9yXpjzEsdyRQoxiRVxU6fJAloJ3SIH4GzY02h3D

 QXMhUldjgwiL3YPSg+wwWloJgTxuIpRd8hyAMqMXfjBV3jF7YC3ZIkVXnF5yUh+1YpzAWHTUeI

 kQJUN4gU5cDC5JxBjiU2gqZi0Zq8VmQJoPb7gtHFDsUZgCb6R5BX7hJglYXTV5MPXFQYEyuXHK

 62L1IWUD8jzEuKk+CnG1LlgSDZU89GJpD84KoNgfNf2+wGI69uHHn97L5t27x/FUMgBa+P3tej

 2/d3S0s98oVYI+75lz5xDS9+/ez5wUTR/fLxeqnmAQptCuFbOZ3Xqj/eS5GQo0Rr2+12pvlClk

 GFYbBLvkqGAmGoAxXwOdJ7+AJYIRxUmcBptzUGu0Tgum02xqZva4UTEFpwQUkZh+i5uDiJxNEm

 Zmp7XzoHV8SOpgwO/JnxyOK0dun9uRCHhcQWx441kSu1oORb8kKSAtPhh8lhtNwC8oIeVdbmeY

 yhNW1DYulto42hv1eh1Gr8t1EzgXg8Z/5Pb5pqai0YjXS+IT+UGqgRM2mGToqS7EoFIwAr+T0g

 IxMVkX4Yex6vL6aiaoZhwyIiUyrFlgazgWz51mKbqBZyCTVXAqyIjlQ8i4BDsdziQUb+82K153

 CmcD2j00g68ZjEF7pDDE4Rw7Rj6HpUF6qhk1y2yKhcOeYIDR1xHK+Vyl6CFwZ6ALkEAAwv4BMA

 JNU50skSoSFLDvYRcj8rUJi8UftAYifdRdwjlCTGgJxOdCSA2pCJkadIanxUSEiy/4Z6AvRAJG

 o/oRlx4XsLcd4dCYnVPdBDG176uiDcT99Xg5qIUaEmQQoRRmNSIRGRmUJLjpPGE2a8kviQeC42

 jNoA8hzUbUOqoNDF2fb+ifiPHucdWaLXx/uBoeK6laL354mCDLvY2bIl41B0bLfHVEhKhHayIG

 +vKbB06i9lys9GvdRF9zD04VpjJ8JXrqs4YqFki9KkAa4SVmyJQQoRGhDYOROsGgDy0BsOUpDI

 FBcAOBc3KXz57NATO5QP1Svj5/NgSWkzSIBoiW63L6X3z2mfube/c39zdv34c/U0UI2xzQhshq

 ferJK6+++pXVs2ea9f5f/sVf/urnvzrc2c+dnOLLQDTxyGDMc25laWll5d4n76xduNo5zkNzBJ

 Ka1CoIDJoas+QtA+AIA+G2Os6IISRQSCBjOYZduMbh4dqT14e5XUt80eL1CUJoRcwVSIpx47ga

 lHcfWk9OFp3jsyvTtfy93MHu2ksv5Hv1TrvlD8RYFAOQXDmBAaYc70TGeiJuBUYA5ovMGYkEij

 DGoEavyjyq+Wyl12CtFK0GEbgdmX+8fBFfMhZNJEIej8PjVNyEZHwnH5wUYIFRHIA/a4UZLpaj

 0qK1HNxfSM5xkJVH2g23gJZKctmMUwPt/NzZtYd3PsUzBkLgbKZGTZxdBfNDm4OscUeVhE4kMc

 KHVaRnQwudvaykZkaHxqTeBKjM/Ta5Pc0a0QJBlRydUMATCuKRxCwPxBIjj6lZyeI1c0vpEOIw

 BxwtSivBL6e2ZYCPwYJ06HxOvHtUaxHNcZnj6aEtpHaIrB2qIOBrC89EoVpnZI0KKYj8O1wOn8

 9frpSINgNFmJ/WgROGTu6Nq8mOMwHk8YTkHBYT4ASyOahch7FCB9xfWTMqPIY7oCezCqqpgAnC

 AGVgIE75AveaFTGPto34wpfX6JE/Z61lHA5/3xpFwfSEvO6As7hXTyTCyHugL/AL3xi20s9YQY

 YmZgSsgQRIzUg1SmEnv5gXKKjvOFH8XdTK6TAZhinyFUbzju91F76k2pa3uicgVHSN7quwIvJf

 iFpb7QEbsBu7XLA6PJBMjWomlyx+KkzIoYR/Mz4kd4evRCvS3GSV6rHCo2EuUykWZ86cjbV7Ta

 /f3CIb3OTuVPu/+fWvfHnYf7S++WBzF4NU+tvYsrK2+vQzT3PHtz943xsIrz5xoVQtZ3aPwexw

 IhxLRFaWZ65cWeXm//C3f01aXzTk2jqqN0zdbKEq1mmARZCBgJgP6qhsZIwSIMBCoDO5pNYwEZ

 O9izN63Gi0spmDDVf6DOFmwGNsD0FGSQdCcHQqgXEj38jk7/5izRvL7mWPx41cJm92285fvLC/

 OH03V44lpoAljmnBXDtACOxaJF4SxUJPGDYtSeXwBFjgj5ZVuYNoEG6/3ee1+TzWQgGvDy/Zcq

 i0fh8Wp8fnd/kCXrmsZSWM8eiyk503EY/OJrrHaGpOcwuhovKX/qhOgp+Ei4p0wRxVgAgXUE0B

 AD5UkTasBJ8X2GvNneaTySmKTJHchPkYCkaiBAbNe/G1cqGx5wd57qSJ0TlsUK/ZrM2GndTNjg

 vFCunc9BKFBq6k9zdqJ8QLsKiD4XS737d2ccgOG+2e1+NP+n1FC2WkDNEo75yEWaAXGDZUIQIG

 u8FpPJGmnoOEa2E1cthrjaVRpC1Z8qns8A9hrIGvBsJLrWBKXNhoNgNBsjypNnehyhiAZ4XBQl

 AatXrgdKtMiHeiTLklmSShO0gDLFVOJXhrSF2xFlZPijoKAkvB46S6QwltYiA9jJpWk1p1CFJp

 DkSAB32XiyRT9o53FEVy+AkovbPh4JFKzwIgLFh1TgA7DB1MWMFkpeZo8AbFGOJQjM3AUlGwcR

 LUiJ/NeDEW0SvUaUBB0+FcCVSdKgbBPbkX3FxShCOcglZl94dCw1ozEgk0XJ4xGTaNugcvMKoB

 ipS213GqNFzKhSar5xsgntxXQxU7GLXavYf3j8+tzZO0kp4KFjbK5y8nCseVB+sPAonEq69+4X

 f/4HfxPSE/W2oW0Os02qcn2UajUajWI7Hov/jDfxnDZRIKkJmEV8zttr/1i5++/g8/KhRyv/db

 3zg5OaFJwe4nJaw28VamJUIyuJWUR8FJc+KIqAfH+JDuILyDgNAsaAnoc1lPT3ZX5y8SEoB4qN

 Ya9gb0+cQpTU6dzTW+8+YPyWDZr5iunl09PthaWVr46O7NjWJx5M+7nHMiSeNHT5XmrOXR86AS

 EbLUHAlkShUwfQw2irIo84jKMUjGZAk4fLQqCYdw9cjLRfwcZQXHvZtoigNXBL5OY1bAkwXDme

 T1xBYWmtkTsU9lB0kbhbsP7E58yqq4wffKasNMDF8vC0SDbgYi4TQce8mjcnhyhXylXF5YXN7e

 3LC5XCwV31ndtMu2qPCQAj7iXQ5Hu01HdnTQJOGSRvkogC3bH2O/DAKJVpUcK3lPBxSHd4kI9z

 z+FCnRXgMZ6q1G0B+JRaKlel7ii2xJUZ+mIJkk1MDJQwSCwyAlcBe64l5DH6C0SQLL7A/bo/HB

 LpRGDE2FPkOzOglzqbBadrGkE+NW6zNKaN1u3AlGDAIuyPpq3SFFvJAwKpQbzCYSaeSMYJEwaP

 lSK4Wnir9QO2RhUC/gFO3x4km0Q6h5/eEOWW/dLjFxzGFeGDLUtnVbNcI0UlcAtyG7yU9grRRw

 7PTtZKvJrw7esT7YNkaGkO79mBINcPAw8EKUyNJKhRY8jD+gEVDRZziAjnBcMxIV8wxYkOBg3I

 4DYLzh7eA0BiPOA2TGoWCg3MhOX1rbu79l9UQoOG20O+Tdk75N5wDldWNN6Qr+G6PklkAF4HJH

 UbTgwBSy2XK+UAvHQ6f5Zmp69vDgePnsorNU3z3M3Pmr+2fPnz1/eW16bnY+Ooc3xYu2SBcogi

 UU+tIlh0jLoNuoN/LF00PcV7ubDz7+yBtwLS9cwbFTKJaJwOVyDeEFM+SZGpHMGn4MtEDfkXhk

 jGQv4HqFeCh159Yyl5E7dvtpJvtUwEkD+A6OTgIgEtqEAru4AQ7ufXh46+NQ3+VBSJaL8UQ8nU

 5H8xnMZzIUolPTcl8xedGjqBOgPQa7AXqoltHwLVxfa8RLozTQA4Bp3ZHeVvRo0ADFlI/cgfNA

 HZEzt0SiCqSaT69LHQj8xxGdmRkMngYPChQekj6pzGcj3QtUJ87EMhP4lPKHAsRaDM1OjYP/zu

 GA3FVoHDL+4IP3Xv3mN3d3tnExEr3kmRSZiBMLMGiUZiLx5GhwS75DvlnM8VG9N6J2wmlqNQeo

 k+JMwirZklZrBB3U6YpQQvVoY7Ncq/7Ot7/XaVGK7WhzdxQsSIi7q7mEIAV+yfOOesLIeLI8Br

 AY+ldiCIyGxMRMPr97fr5614/66/XYyOse22owIUHQuJWInItN5mq5EY3HsCFYpeGoKZqWeCYY

 2aV+lfZv0DD6KXENRJQCuyiGqCN0yRu0xU00AoQSiIPUVv4/STBCZ7OFRHNaY5AHUa9WUEW6pG

 oMqKO0tbB2eNdtt/LbtshCuS11nvLqdrOmXVt5XG/M7j0QM4vHdPWf1+SX8EGoADj0ly+ZkRgI

 QwRNxVckA/hCdAU66S+XfnYP42bCXdBbCAQ8DUoDwfUAfeDOKjMgWQqdzONeWj3z3Evbv3h/HP

 J0coeZugXKGTuG9l6LGaOBYLJxE5L08DEBfj1ag5UrRc8xmyg1+/DG1m9858XBwOGKRvaytxN9

 egLUFi5Gp/vBnczuR99/H2p19AOhcHAhthgLRDVK8VBLtV2sNyuEzM3mIsHhgM2ytBK/+2jj6s

 Vn8sflkCvy0c17uAm1z7rB3aSvCPjiIuJoOBkpXiWe4XGi2VHViqqHMtqzk+0/ivgDLLa5b62Y

 bW63pWsdAHTmgrOuVq1EzKbbr79mrzbnkiG5Rs3DaHTq/vqjlQsXEjPzu8EkDQVZJwIXTBYsh3

 0Ieno8kxZ8BU7+82Jsxht9DcqwRozX4MkcQZbIWYQ5iDpsREUgYy2DoSYyH85hoagKMg6YPV53

 cm4GdB24/ZXdR+3TfQKtiB3LqDmwUczB0rEYik7xBnRUuYkO4gUaNgZYFSaPL7C3u390cnT1qa

 fuPrzncFN2Ikhxfov9ZnmkjeYLnkaF1itjvzt2dLwXD8Q8Hihc2WFoVvax3+kMgGpNFHzmb3U8

 uPMIhpbyh+6tP4gFQ9ubd8C95NB11hdndmKhwlzUAC0t4ptjzBFPnFZIs289XnTJY246djrnzt

 gicUv1VNcpZIsLwE6DDAGUBZZiyfTQBglwkKyBDJO3nHQhZSjT4cFJlg7BEswATHwHaS7K3DTw

 QsBggUASsSxuIiLQsjAk7ml3D3vNdrloFGfIxggEguVS3iAM3LgCEyvicHkq+UIwuXhS7th8Xm

 5SKlTBJ/5RRSK92SA+WU1aTFGgMXI9j6cJYYUVrIwxBESQVC0d0fQYiDAZ/gt/NA4aZG/MWNgj

 Jg87A1ScrFvqcTpfNyUB3d7v9fF4Ts2k93d2I5fOtevd4vpD66jSrtN8Q8EPGJ3H4WjVqk48FN

 JaJhtG6yaMDz6jQRs8gvDmzubxx+/ff+4r17h2eXV+69HOyoXlw1x2Npk6c351/up5MgJK66Wt

 3a3s+ml2J+vyuRu0C+j0rj11fmF5ZmZ+OhaYJ7bSLBaKtSOcWPhkK6V6NlPJ5RuMGlBpzgaU9F

 x9Im6ANS+3DfBTmQNFeWjIik2TgtnGFeT3Oo/RPoMuq4usEtxE2P7EauzUWk17nKdv/6S0u+mJ

 p0iHp/CeiqFwJHLzxo1Lv/29k2jaHAyCezyF3zikNGn+s0YszASIjGlyVH8mayc05mcisLWiBh

 LykSUCkdGYkRJ8NLrvSOkFG5jOZFUn0R6uB3XBydhU6sLzTx2Efdl1T7eQHdXK0CzZQGR+SGxD

 UyPK4VSNBGoLIuTrY/gYOgMBN4Dz2g9f++7vfNe+jbfSREkjkUEklctqISDnwWqFHmwWYoGCXr

 +byxUOd8qYp1wIqnj8IRqRo1pXul0qMebOzT3z8svXn3+p58Y929/f2F7/6L4/HupbPB4bdQ8y

 z3HjMXhc1bIhCFEQF2sBOx4EMSH0pGqjRqM3uJCMFpvHGlscz19sPah77D0zDc1MOaoLMQxZJv

 AXMuJ2rDgOMSyucDgIG8B4hV/LyINx0UkL02KIg1Q2NzWacmIxAS2MDT4kuAtTWDAEv4E9uIS0

 +aqF+hhGK0WIsLHdXTrN4sDqkKqK/qaMeyqbGIW/kM1HL5HORgkjWNWqV4gwahbkpmE9yiyhf4

 9oVzKVpxo0rE8souhNBM0vsSTjDPF7zhSa8Hmy7AY6iUZ1pr7nMDfADsGM0FE+aLrG2boc0sPQ

 Z4gOAvHoFlNzM/lM3r06F/I72vdG1nK5kT+BOhytttvqlVuEHiNYC6TyiISMJ0HAE6NdY6V0kB

 uabr33MDk9tXp+we8JWuwVp907ICrUruC7Q428cO2C61rgC8NhoOb6X/7o33e7nYDd8+JLz//z

 //L3q5bTXq9RPFjv9SrDTmFs7Vy79GRpt1MrdtY/3SUAoI1SNXx+mJSmxePE4JiyQ448mvnUmu

 S8UaOHnUh4ue9KJHBdHlO7Z3EuXniiFYtjkVnVPo9mXBZvvzQs5++98dqwM5hOe+yDRq/dnZ1N

 f3Djk+mlxXjcfuqbCVunWCj7CLko/BQgoUZx28ecd6JMT44zNohdwJXcFTSACwcAFuocCIY5oi

 iJfCo6qsnontAhf+T1Yn24g5KIhQkGHVpMsXTKG/ZPLS3nN7dPH9yvZw+GaBE9F8lcsiuZPv5q

 2zAwbDjHlExSpuNnXVTzoY4gI0ur/JPX/v7i+Svbe9vuiLsMImBys6GX3V1tdUgbg/CLpdLYEf

 fgahvZPUFyM4Yvf/7L//O//T87Y8ur//w7bDb25Mq5i9fPpdeW0XnrNOKqDJ+89GL/pJ9/uPf+

 Dz86vP8wFoL0NHNJSGI+1FEID0djqiQmjUiEsobTh9+gJPEK8uHROIYun3Xh3MARQHtGoSfCJK

 ZCsiI8Sjq/YA00uHkLVk/ZlkxNssRUqQFbxYEnyaf+JqrhFM3ANiZDgZClDwBbsXrDgIWEFX6B

 ixNBwwnhC/h1E9O4kDlWagCJJ/jsHZQ9ci8ARaFFo1OvYRT7CTJwIVU2sL7ByO1yTzzuXANz4r

 Faedab5xk/jwctqDACTcCgG627Pk5+dFgvncX1en121uSNWI5x8wnBc5pxK13NER2UdLY7qR7z

 zK5ML12YiyzOpq4/Gz5zzpWetgZjpkCwgVtTLb7kESDGA6Amj+G3WMZnvwE2ZWL0hfjZD9/NZy

 p8OrP8xMPt+xfPnasRgMUlayXY2KRsPBFNvfC5z6+dP9+sNE52DmdnZsLBmM3ibXZQ/Uh9afTH

 3ctXLlGyfnKU29s8JEcb+9JgxTyTF3N87FQEbEIajBMluY1IQ8QlJAWHqEkqak3NNHzRYSQx/9

 RL00++PI7PoWSDM6x6u1Ij+enRu78qHx6kYmEXtp5BQG636/Dw+Ju/9bWeL+h0xuzEPGDOJPSM

 aIqJ4abHa8r/uEyGRaPF46AB2wngJ6shOT350cqKZBG//EzOBP4wbr0mJxl34Lt/vJsMKbDKYn

 X5g9GZqdkLF5effX7xuZcTa094knM2f9ziCRED7Nld1B60h+6GKdA0BXoWd8/m67v8A09w5Ang

 Mz3JHO0f7vlcnmalZndRjm4F1yECSrawfV0u6/5BBpkdTsabze6r3/mi0+U4c2b1meefkKOm3f

 3673/3y9/6jUB6JtNoZ7N5gnnYUyQNX7zyxMnuKfmqLz51fnWGNNXv/I/MheRCDwSIm4qoK/5h

 9pzDvGaGeB5IHCVrx0MGPGxM3csxJWymjtXj624/HJSrQa98awAY0BhuV0ACewPN5FdCuZq0NA

 GorJYau4jhCeD4BoEVahUuMrQHfAt4eDjNOFFaOfeESRqLRSxdZIzGjYVPOlyrXm5XCvhJuqRU

 j8ZgAFAH0WEjiGxiCSNXwO31esLRMkFs0pXA7LWlUqFC75fkdJz14uEMkvsbT2HMj1FBzzdeOm

 TQrUHlBqlOcMX4AtQBXSYHYCaaiMADHhj8XWgjLDfQ4rMb6nkcFwXrENRFGjNZ+C57KBYkzu3w

 +gWaAV0gcbo1KOtHlyG/HhjA7MQVDK4xGbMGwAEENFIdfaw3ODnMXrv+RCIe39i+H474HQ5Xvd

 dxub3IRpc7cG3+SZfV8eO//UGz1ayVq2cunLvwzOVyI9OgVL1bY9Ej/uDqyvkb7z843sw9vL9r

 TEZzlLw1XszHeDSeSzt4InZJ1r6y+qR5jiN+U9w3CATbzrgvFUuvrS4/+1Jk6bx2kGeRYVnjcb

 1StPWqd177W2uvNRcNqKtepx2PRR+tb1WqzbNXL3XmLraDiziR8ceLRwsVDEJ7PARBXKuiP1o5

 IADAcfkYANUaGaMyxsxJ+BukbimOg4kGcjEXwy2rKWl5jNvyV8q0TocnG1Bl4aSlSf/CwxKIJ8

 JzyzZf2B2KeqaXbL4guX1cwNBQpFpWd8figj1RcqOaCVwV46HHyFosnBz5ghFtXwGW08EM2Q8S

 4+JuFkgCI+t6ZXXGGwyVsoWAYgGeYrZ56fLZn/3s3czBSZSQ1soSVEvzDhxjWCiQIlnAuCGffv

 7ZQjb7g795/d6jQ6v92/8D8/AYPT2gO0BANNXtUdkRg0Isq8SkP/J7HTjfEVr4nYjKwnNdvsi4

 Vq4cn9hdXnuvjmKK19mJ0NA6Ay2Dd6P7odn2B0TVDfyGyoTioB3QZ9GBq9PjVXE/X9BawxBp6O

 0CvBz0ypFknwIsXngimNoslxq5vUrhyGEdx6OJarXuolZbrVKcrXYbILlcvl6nT+AqEI/XS/XY

 3Lk+1W1uN6xgcSrudrpOCpWl5SnIhkezqEIHfsErgK6YsiF8dQxI8OI7Obv0Y7AknTf5lvUTQv

 NJFMvsuJ4ZCTFEpTjeWC29EwkYT+GIPsDeuC2nypvFTbEe7G6P2zMdM7vtxMDd9pEnEffyrpTt

 ttUj2oRnC4KBhYHQ0u9F5saLR3NTSUYwvlSsbK5vLS/PzaWnd3Y2YsnZRqfp9AapbqCPts3j6L

 U7r33/7/PFXLvaXl47d+XZ61jj9VrROiz0KqPV+dUb72webBduf7LFw0BeFFeYsvioRi4wiQjg

 JpCM8JXZmT0Byhet4XSCGLQzFImfvzL1xJMLTz117nPPRqamx1Zf1+LpDEwRB5V5Bz6f9dO/+/

 Oj9dtJEhhJYqhUkrH42tq5Rw+3Ln/lq2de/lLJ4x8H3PhLCO4yVR4FughYxkIwZQbBbBmSYIqF

 I1ySqWwoPYL45I3gw2W4ikWZYxQEY60nGsTjix9TMqdJ6QSOWiXWEfOYlRRDlmameBGwJ1WGDu

 DB5MzMhXOpc+cjS6vBqWlvIj2ESDz4991Dm59qXTaGYgBDiwvejK4XXz7LfqukbHRazXDQJ0+8

 VEhnrVKx+eLVQml67gK50z5vu5DPr1259ODO3gufe2Jv9+hg93B//dFxIVcq5TV5rGgtPZMiRD

 csZzLv//Kdg/VHyCDFwNJ5riUAAEAASURBVEEAikL4VgMHIqyZNBsJTKYt9chKH2bxQyE42U2E

 bUEcnGmLl9wP17utsmt8OBqU3c4AbneukSgmnGuIX6CCk6PV7pCxhvgl9sVvAMticJpBBNyLZW

 LiEzGLZFJlr7irToAVsxMtheZN2u3idG7USksLi1xyvH8cjoQbZZAggTerVq8TCm5TNGcyhaKR

 +Fx8YyvbqBS8bj9u9kZ/cHScW15bqT88YKrYbHrqhEyN5xj08I+/RJkCCPfiDy9+gwiMiiN8BS

 AAxuPvHn8jxsRZBs4Lr0jMMBiicfiz+xg3A+QodCwGawyM+eHeaA3hdDIYDlTWI0c3b3iuPOkM

 BEq3bzaPdpEGCA9DrwHZ9OJqODGohuQ0nDw8yx7weI4PT//mz370+//NtzxBf/74KLqUzhUy7l

 Fk4LEXqqdeknCI6RvVDviZWMxmq9TpNQb17kpqJr9bOT4sbNw7IEQp7USP0Xz4bYAKfiMepUQx

 +IXF1h700J0gZT8e7kQk/vQz7vS0ZyrtSs774jGvx9kf+EAXt9duog9ct13p1L1YhB++bXe7wn

 5nP9eE+APBwP17622T9fqXvghym1Lhsd1LkrzRyQG2KAtrsj4GezWoTSPTS+AWGCdvNEhZe8ZX

 WiZe4j2sFBPVJ51r/DxeRx2bzHHy7p9+i3hxK6NkwOLFMOGY7L3hwPPFvdwBnyNwxjubaByfRp

 cX+YpWJATKUGya9QyJ4JgWBGt6uYPgynJs2P70zZ/i3D4+yS7MzwqCwxGJNPV8hrrA08PMwkrE

 7w+2ah2P05lKxLBfXnnlxd2dTKVceePPf4CW6otHqHmIJOJOr59iRTbsOb5973B332ez/7Pf/A

 bNqazNPi5+M82Z4buMmIwvfPhQMb4iqAinszKQhUPiUSQ7KcFzgDPO0k8uuM491bz5jt23QJI4

 wpIGk4AREcMLpYIaBTgCbLFeb3p9HuAHMdPoU3UIuPuIgwlvoVzcDaobIsEGb54abFJgzVTlb8

 I0o/COVK8xIUuYyNkzF6i0YnrxVLpcKLiDsbYZv4EpEAmT8qfyRZs5OTsV9Pg91kxp617i6S8q

 kcA62N87XLtwnqxhuj05PXJ1yUKajBVqZGm07JJyDF6IwGdRo8H/xU50gG/0X2cYjJxBCsWFIM

 a3zBqs4TxROTxJN5LMFCpJGABWfaff/IJ2JUHwUBJcgBhNbdJVZy5fjM5Orf/5f2LXodTFq81u

 q5QvGM+BC2sNuA+xDZ/Pi45XqhAeU+oWtSo+j7s/cm483P5//ve//Pa/+JKUl4ol5PWj5Fo7Q4

 zckrXWI4XJ0DvcXie55FhCowY+yXCh3tnbPb33/nYl35D0YqRMjN9MB6LV9PBRQlHahgUPKl5D

 CoijwWgolQyunklfWmteuuSZW7Z7wyNLUHYYF+OXQAOmLqffLe09Cnn877/+D0nryO/z9goVso

 7iiejeo52bH33y/De+bopNETojKkrEVm46gVvPMyiOsTAKEY9xUMA35DBgFXB1WMvH0iBWRf7S

 fQUqjgpghJAN9ZmjnDtZFS0BYzQWk6O8e0z9Eu4cAAQGoOQHMHQm7innFc8EdW0mP3W1caspij

 KqUmqjs+eoQ9OnDs0J20q0HY3quQfLUde9X32AK75T3M0fHU+lQp0hWd+R2ump2+XLlU67znO4

 N8wR72EtGz8f+c8///lvfvc3Xzq93qw3Mkelg+2TcrVSLRZyWzu4bdDQUYF8Ltf5i+eeferCd7

 77LZtP5AT/xgwVigERVAaIFtAJKzVFQCRAMCVpHeA0flL2Yu+woUbIc/1zjZ3tVrVu80/36zk6

 EFGgLboQ+dL6AA1cRq8kZLU+wTlWhWRgBJRsYPJawVsxfFBUrkb9thEOY8clPNrWfqttYz8LUH

 U8JtLg8rhrlXKj1vD5AvxOpqcrtIwA3DZnu1aCIDDcySYNRcPUWQLsVvaAWljkAM0WyrkcPSP8

 ARe+MGNpjclp8Y21E5LyRogAPPnDB77jD4MDFNDZ42NY7zpFdAp4+FZ3MADDCQZ9cyZvdfQzpN

 AJxoN0jK9kmhlV5kIUy7DdUaIhPJQk+3F70CjkG/l89tGGKeC5fu3JWx99VMofGwuh4IqBsKTB

 qWVqtdVGoYERENTp9wehgJ+MGVb9+//3669+9xUcWNS7jGhjQuMed6/la9n9bjvMy1xDt2rV8X

 PVB+2+1el+cHf7k1+uV3J1FB40Jy2HgdIGwjNecSJNHyjQdXlIpa6iEiurK9PXrrXOn48uLrnn

 F4coBUOiGMq+k66vXHBwAZHfCLhD5c2N05PTaLPm8no6vYHPHWBkB9t70XAI0dZsNM2p6bGDnj

 LgAL47JSr+Ixg/Y6KsiChIVGuA06A1sEZAZXgKmmhdBGKtHcdBWiHzY+BrUsZLYBd35hwZCgZU

 NWnd9jGTBZUmCA9JcI4IQ7/14kxQhJE4wW4lWnJ/2X8Wp9Pn8HlGAaPDkdPVbGdy5uHyuSu7e+

 u+UKyU2XXbeiH6DZkpPUq3WtViuYwiQ9c9eEKmmL16babaq27ldhafnTndPP3Wb32X0eMozOVz

 aM7sOauybYfaV/oCvn6rduPW+9bY9/4964KRr/mrFgzFYURnS+Aox52F6xU/DftclPFMkmGUbK

 NUBKlShMbgNOPMOkdIFUMvAwIGp4Dv4ZWUwiDFw2SmqoX0RvUCYe5KMyI66MJTwIOAPQ+TeJIt

 ItYPVePfHJIe2mpQBsgBL4ZCp4O5z5BCoRDnkM/qcDrcPj8Oglq1ZKHaWFf0F5ZXUtNpEgBLCO

 paA8+QJRDmOJbV/PxMbQAEQySHyRoXR5WaO1kyIKAl1xoypMlCiggn68pJfJgggL7lLH2nl26g

 1+MDfDt5Cwt7LEKM63giX/AfgHKRivIBDViOHopZMqSHHPGboqnSmA0GaifH+YODVj6Po2Hx7B

 niYE0UEBZFN4DjWTBJpqeTJFHk8yW0G7HJ8WhqKgWEa9S81ltb67u0ZEzMJOh1KLFrHjtt3oP1

 g60b9/E7feO3vo0u3GhVmN3R1u4vfvhR4aRCf2JjsdTMcDIfKNAgh8nAAYzoQhJ5NH76hRde/I

 1XR4SqV88Gk8majd0JSRhEwfLK4OIGWsY+a547yYzbrRs//GtoeZYtnEymUrm4kJ69f/s2qVpX

 r1+jtVv0yjVbMtlz+uBkQBfxpwEY68AbMM2gVVG05m8cMijKID2eJn+DcdgADpcK2NgLdLRQ7R

 E2k3GpsXCsDtdOnBjGRbzXfcW99dmYu9i2GLSQXJJFjFrwB7kJtRghjLYSc01sy6Ejk5FxA+NU

 K7mpNO6plhqN0oX5+Yc33gnPLvdqxVoZBLZQIEA6bT533KhV587MhKNu6uShTe6Wmkq+++6Hz3

 /+hWaltbWxns3mvEHX1acvPvH8taeffeH8pfOE3OhyUMyXyoUsRGdNfu/fomXgYEbZAQrQAAoH

 xUyMGxCAWKRioOEFSMKD8zFFaG+kaiyvQY0wD8hjUFMu+rhXM9NGnk2ogQ06Nhaa8kQkPhE4TJ

 CbBwM+zDYgAiw6tLSXRFFxLyEiEqgUECdLnl2h+IqAW7fLQwEdXV9q5XI5V6QEDLqlMS1t8XiY

 xUNSd6hpGMYksEClvlDg4jOXKernscdHmSaFDWg4lMWOekiO4EyScgJ0IFy1ZLGKv0iH1bpJ4d

 ByicJYMuM3jlPWmrfGf4kg3uscYYsOgwWiaAV3OSq+z288HhOKniRpIjS4xPDJievjeG3ThF5Y

 avjo2RazUc/WC5lCPuMw9Rb9gXmX/9Ybb+z88ifjZjvodpZzeVK9Z9ORSqlMzgw2CfiF0y8aCb

 ClWSgROc0WkXROrws3HiBenE7XKjWiTpTQ7W4c5g9L4WDCF4r3mv2ZUSC3cbJ1awOh9M3/4uvK

 4G83H37y8J0ffVAvNAm5QjRUp4CNolNKDpgvEDJgwW80K+iIVeXgl7/wykvPvPyXr/3oy7/z25

 Gz1/tmT8XiUYCbGldZyLhIgAem2bBbrZH+/+mbPw7Vs5aj/ZWZ6b2N3WmCw6PRnU/vsLUatQWf

 /8oLtU51enE+P2ZTAkQDtXFdRmM0s5wwQ+44gTjw5q1+A00mwmPgk1oIGTz8V06QThBByv/Kqk

 iVB9l1A67ix3gxMz4bRi6X65bGH02P28rbauABzApvI0CfKNAkTchFi5ihVxE1O2MXWRPKlxOi

 chbKFc9ilyCyqYeNWmXv8LjWLO0fo2x6/f5WvVRtdvEQBD2eHM1Yuo34bCKRmpIp67PVG50z19

 c+uvXpyGFPrc627e22vbmdefDeRz+79ejjw6MMaTLJRGhhaubSpbUnn7p+4fIVa/K3/x3STKip

 0aqYE2QjDYjhoOAyMNrQ0qsg6FLSM3gq5UWJOLizgYihakMrocQgt2vuNFRAZWRBcitDuST509

 BD4EuK8g8azXYsFsXFRYK9NF6mBf+ifwA5C2w5A3FTZ9Vl7hRNqWcCajaSKp/LII99oQj+D84m

 IR3z2YFr2+1BZNWKeXLfiFRw5vlrl+LJOPKh0+jt757ggB/5I90+Jcd0b6wFI1E6HkC40/NzDA

 umBe0a3kitHiAQiuqd8QGrwUAa1pklZ7BizZOF1rmCg9BBfycqHXNFtEq3EooY+CKeAD5wvjyl

 Wl++Z+LI3m6rWy4Vh50qyWWrMzMrs3PjYu3Om+99+Ktfv/3mm/gD8QOBgOZuJ5urrC6mSRDF8p

 8MiRQ7KtEJIzsD3lDQt7efcXnpn+oksTng86GhFCuIa6VelHKl480jDwU4QS99Pe3d8QfvfHTl

 yWtfeOULDx/e/8WP33j/F++1q2ofweiRK/yFlWvAMpQ4Jixm4GjVahVkUMWrX3317Orqn/7g+/

 V2/e1P13vuwOziUjsQINgK7rKo/KcWjuwAgNzMnhaPD0o3fhUiyYyWPx26Plbn52f3NrZwZwIa

 LOpIOhbymUfxKQdBVF9MRAV7BWMk6T6DpjE2YymMXwK8QahaAlixwUpFwCIk4wutKfyS4VNBiI

 jUV1zKd8aaiWZ5w2tyupaUe8nQ5R03Mb7lKmGIoa/pAu4Eg+AFoSDeDQJW/sQ/3UaAlPWFoUiX

 8l6ltHfj3bjHfXqcjSXC/XaJb8vFfCQQdHrtlXqejwtnZu1eBKY2G+bOa9cu/eKnv7zyxFVPwA

 vyRJPxSCJGg9xytvLG22/89PWfvfXaux98dOPuvfVHm1uSwDxRgk4xSW6CejUgTRmTjMYbsDby

 +hrdgc+FYiQdGwFMZpPbYcVgM2aPqCXJeEzwepDN00WFTuraJchhB5dhAkq9RAmHkSsoR2cWtT

 YM+AOMm5zBDo5HsTYQlVQz9G3xD3AUFACYEDH9T1CmfQH6JBFxcuJzp3WQD0OWIqRu9/TkpNOk

 Vxu+bXI0HIn09PLFNe4GZhxvHx1ns5HpKTNtsmlnQFdOq8XrtF+7fGl3ay8eDSF/SBJtW8liBz

 upEYHOqMOEqjVUMVmYEdgj3i5MYXV5hy5h8F8tLkeMrH3huLHYhr8DqCDIlCLXY8NAyNVYT0A3

 cpCSOuhWSvlqMW9q16Ie55mZ6PW5qZjFvrG+hcvx3jufVEulIqV13babqnSFSZsu+GKjhgXDkp

 QgYKNIkSZsgaAXZz67Is3NzqJ67B3nAkE/A8+Vy9NpCugpbakjJrRkvcHWJw9PD07HffNMJI25

 Mjs/f+vmrf/8g9cONvdQi5x4W/G6COayZWBVrJE2qdIbwAJeCNuJG+HLWDtz5tzqyvd/+MPTUt

 li9YEiB+1BIV/owllJXyD3U9AS3Prtdr1UsHe62z/9Qbxd2bt569KVtQc3Pl5ACXS4b924m0im

 /JE0bYWoxL38hSe2jw/c0dQIRqDHGWzAEGkGmumWIjAthG5ufCN6Y3wQLEf1jxWaLJVxNhIGkx

 BQkAkmeoSAWRAu5i4iRh7CW24AvWp9dQdDtHJb4rh8z9eyIHGa0ERBsROV1U7IlQvFHVQ5hnfP

 cItAt5JwghV3rlQrLtrFF08P7tx0kKgmnlaYnp0bVKrU8Rdyp4sLc9Bb9jC/emVWrZ7coI6l0+

 3Mr65UW43Nna2VC5c9wXCpkHf7PHh/ZufSy0vnFtKrbLr8wft3f/Tj1z96533r7D/7E66jpgJJ

 iNaOWMVhqUJJ5kC1P9Mwm2rdPhq0h48iK3REk9dJuzGpKpi0GADantcTjMcWetU8mVco3Ux1QD

 918hpRVNgH2hsgoRcBy/XsdNegsJ420fAp2dVjtmoUosDoUNqVa609bJgJyfEAnrZPEAO5LB5/

 gI6KvkCY5To5OWq1miF/wI5D2RdQA36b5dkvfVG5bPiuGs3M7hHk5g2F8IXiW1D9jcUc9PnCc1

 PIdIfLm8tVJTl9eLxZaJ7PPkAovXSAImYG4wJ7tcqMinUxkAduK7wQLmjdsQr4y2oJaVCbGDjc

 R/lIkLjV0qWFvhosaD9yqh3r9WqLRjOdTtxuvjIVP5eeSsZChePMvfdu/uT7P/7gx79A4SKrLr

 e/021XPRgUygIcDZsFB1Wh9cpUKol2UioUGRBrg3Y0O5eEyfaGXZ8vGE/Fq812Ll8KBgIkNjIe

 oo7yvasTGgwSSI+qufLmvUc3b93K57LrDx7u3blLE0ayuHCfohrhRpRcESkYKG0yBXxoAGwXpz

 QNpon4BT3ok/7C00+9/8EHpWJJkEFZo5GV12sPhAYO9+F+pZgrwfixmXgiibUUOpk37h3eeLew

 vRNxWav5PIX+F86duX3rHqmYF9ZWB5YAcRnqQR3D2stf/Xzh8LiTmuJphMYZB94wgyRFXxMeKR

 IVmUjIM1RD8sFD9FECANIW8ch45nskgdwMFrTciT/HWEbpQ8ZtuKWUbeOFJqjZ8w1314tvRIgT

 44eeala1zODhLhnBMBd9jQbNCGgNy5NoosNxBK9gTcSkw3Lk5tPx9sHO7iefmIYVp8febFSC+F

 dd7kGz3Gpg5gx8Xh9JvqEYobeIyq2cqixqdjsra2dv3/uUmq3ltcvIgGY1z5IDFZ8jHI/HL15d

 uXztyp2P79RyZev87yKBGT0gUONJqIc5e+ieI6UDVFRL/8aEgDnJMAQAoZIm5cgzkULJrCS5Rq

 NYMJZcuuCJpob0UOMuFFixHwdAoVxBMAMT1J1YAtZqbZGzh9Erw1hRZR7fp1YZDRpXFWW7nS6e

 amp9OQT6+IPB2NQUqW247A+ODvcODqhjDQRDkLmXgtZkolGpfuV7X4PueCqIc7K7t7tzEEokqM

 Psk+Pm9GELUfocCIXm1s6ger/whavReKBSb20WjsBRdHEGiIcNikStI7MC3BCCPsYaLSgrLeFq

 rBwoIG4rCOgsEn2ENCwpziID52iojEcqX67ki5Vxuxq09kIex9J0aiYZWYpFsVAeHRz9+o2f/u

 Tvf3r37Tu5w8PU3AwXHmxtk7ZBEy/wjoA94pdeJY1s1h8KLs7PNav1Yj4PkvAohhGjXY7HxSbT

 ANMfiibSMWJ1aB3hQCBLdA2NxOXstIwtbWX+SSeEm5IjT62Q0tARziiE2KvMUXSgH3CXOzOLaD

 RMsIf+KcSEDQJG+IjVzs3MppPJO3fuMFqCfpyJgB+QV0iPl+5o6fLTcKjt7f29zT1Tv0mmhm3U

 f/T3f9Gq1UzVIkREc5s5tIPx+PbtB1cuXjjN5hud8UtffmVv8wGOtoXlqZ7Ldz9TCKdmTDbIQu

 k8oCVUKXqU4BVFsRiiUZDPOCT9VmJTbJbgBV+LdEV/KNawVCWKSWxOiJI5IiZYSG7EJVwJinMn

 4KPf3OfxQ2Dhep4QWygKgpKXxRW6lTQszgNV5NpRS1pWBG5Adr24pW5cr9WyEHAqMSgXNj74wO

 d30u0YB18pm51OJruNcsjv2zvYxyeZmko//PTh0qUZX9JH7Y+LvjH1li8QmJ2ZfXDvrsvtmV1c

 gZHhDvRZArgFMAf8LtfZ1ZX7nz483Nm1Tv/On0Ba4ih4tKBxlpq9hMSw6LQknapDeVrnVFvAU8

 fM9AWkgfgN5f2E+hDajB4AsMkZRM/2EFOL4ctPeVau9j0pR6vYqpSamK/mAVtiU8+AFKaWaiqd

 KparWiG8zcqDxvKlTkl1jVoaw1nOiDGDIa1YIk78ifKZU9IUDg867WZiYdGTmqtZvJ542hIKkr

 Dy1Fe/Gp+OHyhzLVgtFO9//DF7BERTi/2+u+9gu6BxiwIguzUQTiyeffLu0U5kJoWbcH46shaL

 jtt9EtM6VGMalpJh6xEMV2MPKdc0zAHT+QE0Mg5BGFBGghWLT0wfLHaoi5920R6Ym6V6K1Poli

 qeYTdsMV2fil2aS8/GYxGPi40PEML31w9/8tN33lQ7m4NWoehutuamzxCZMTc7/Xp71Gi64HFj

 S3DcJmWUlqJ4SuZXL6COlk6JJRBcQ0GQohYKh0OhACUhFHv2HEOH15acCtUqLQBLESwGP0zYS7

 cAEvn6AzfppLj9QVihmmbDkokfscDCN4MUhO1MZkBuYzqVFFaOh+Vaw9BAEL9CVhIAqQ/d3dtD

 GR3SuRbiJgxJpqrbWS2VTx/eHveb55bOLi6vttfvWvO51tHh0Z0P7CfbCTb+MVkatdpzTz7x4Y

 c3ESMMYn1r46vf/RYe1zt3bnqt3fUP7s5ePzuutwYEDmJTerwEv0FbBl0Z4xT1GnQKVYv0GIII

 mLcIQwBDmYoheMAjnKL49hkkoOBxj9mUEhN4i3zVDA1S1G9jaSVzwUGRt8hXP9wfVBHVAh7UHx

 shAJ6FzjXuSLqM3DyVx6obMrnb9DBu00y/vbtPl9Dy0Q5Vxnu3b9PLTlvesAnYsF8/OZlbXi23

 euwIX8uX/IEk7YX3HhwszS/NxmasLUoKnHS3TSVTZIys37/j8XjTy2fhaJTGjjwekwd3hy/inf

 7oZ+8W7z9CAv9PQkT5Eh6bE2iBOoJeTAoU6j81u7TYtDqDbORgdBVDQUJ9BgassbAans1e6MqN

 HdPkVH4mt5N2ndGl1ZkzF4FHq5qnu48PxwbZnN0uqhmu8Mxpnq4IAJfVIKQIuKSBoDSKkwI3mk

 gSVKZIwdZud2gRBkvTmYyAMEU04QmTqDfLjh+HBzvPfOHz11/8XKucw36jTm7vwf3s4RHdfLyx

 s12Hh3JCkjuU22Uxk50en5r/6ONPOjh/h+Nmiw4L46VEZJYeiCa2v6mXsqc0LrG53DBW1ldky/

 SMH5aYheK3PlFohTNWYkHI0qCXf44cz1KfYKbJtBB2rszEz6YjZ5KxiN+D03n3KLu+efjr9+7+

 /M2bt2/cOj7YJwnVXMp3S4VQfIY+f71OG1WKfDV0cBooMQuaZHRbDUyJxeUzJEQ0C7QgtDVrdX

 idzJvhmHZsfr+Pxkhmt4NiDWjT7fWsLM/n8+VquU6MgD0GJHYAJgPVHny8nbjRJJpEGI+nwyeD

 Koz4ViQSxMpVEETOCOw1GiFARjodYqK35dzcbIe+T40m7n3soA5bKA36No8vRpc4jlcqJw/Xc+

 v30zPp1Mz0Wz/8u2j9ZFDN0XKL9O4rl87nckVYNX7mzZ1dOLQ3Ev/K1169f+feh7/+yOtxucP+

 yKWLVVds5PQhREApktgZp9QOvSa/DRI2FEA+Q3mSt9LxoGbsDjmBtS7QHvod2i9NbCg9F9WKWR

 m3ElxgvZP78Uf3Na7imAGNz54EaaJgUh4nFyzUquY7MrDEQkzsfAI7x1DkeugZPCE1lVL0Jhvl

 FCgPtO98/M5UItXGV3l4QAcfnDMgsKXVwvkKBEDuej6PVjW7mjraOdp9cIDZMr88S+clmtq1G6

 14eorE9aPj42AoPDVPp8Eo2kMimJh3J8C+t19/s3e6NZHAypc09Apc+Fp0Wb/wM+xbCkialOVX

 pyNUKrYYODwIoKBIkJv9GE54pww/LLTu8aIA0uaBPjviheFwwDc9j+JcfHDTRXIZcrZHNNizsL

 SAtM3nCk43SQX4CVRNipeGOmFsYFQRtoxAFUEkN0lUIEuMZGAWA6U6EPLNL/vTc85AMF+pHZ/m

 vvLtrz/9ykuHh7sgHIjVzJyc7u9T5R9LzFM8DCuxOh2tXpsIB8IyEk+2bPZKr1uom3Z38/CcCt

 WF4kLmqWhkOhLBJjHV6plMvmslNU3lh1Ar851s34mmgKWLlk5lE6tJKkurSf1fzkWHGrttbTZ1

 ZS62mgqS6AuTJgCZrzY/3Tz4xbt3fv3+vbv3to+P820KT6oV2klCUS7otlAc5E7IsIh5neycYB

 923HAGOfPN1UIWrr9y7gL8tFQskHwDENhLoVGviauYzfR2CseCQ6/28GKTHIwutZ/wuBeW0rj6

 yzmapFkwRsA8IScxeSG45K2oVy/ec4TFppcMGb8wzzFq+YUrq2jchiGF669XKDdATNRoVBFSzS

 EAKDsxM8NmXLTOwEuB+dBv1+G0IW/ArP5srS7VkJnj5bmZk4271b0de/HAZnN56Ro7Hs7MTn/4

 8S1W+SSbY12eePL6+qONa088VSoUHty+GU+SGmvq+RKRtScpclN5GWYhag8vxica0SR4iWD0T3

 yHiRjEJ81Zw0OAyhwUd+ViFDvO4ImT6ziXWXOR8HPCxfRB//jhckNMiytwNz3IeBr2F7c02llS

 Cg+iCvP5st5sQ5BeNzY/iIGMUNtzrJ7bv3zTb7eFvY6TR/dMjcrK/PzJ7ias2et2wpaTkej+7t

 bMzBxLhmpZzp/AwZOJKO6DR7c2IIBYOo6Plu62bLwzn56r1ZroQVF/LBZJ+Lx+9pm3IPjb4w9+

 +cvT7R1r6nv/hmFCPHAXAwQmuKyiRLh2Rr1a+zjgG61M+y4vAJLqYa7mdsYYu5vqKGmW6JkoZL

 ITetqRl/rmHl2juRy1g56LreOt/V/9rHLz3VHuREmO9HOnKjUUDCeS/kDg5CQz0VaQvAAfWANA

 +BuuB3FSrFAzpjjszkLLYmXk+8OhuRXP8ir6wGm+WO91v/uvf+/sExfy5dNKp9JiF9VmI3u41y

 yUgHV4aoWtUNmnBkZb7bVQc+Ej8fScuhb1x05PhAZyJ9l6ptQqVbu5ShdkLFU7cY/n3Nz0XDxG

 06ajbKZUq3nsHsMda+CO3cbmV1jZpUqThgHuQdtrHqxNx64vzaxMRQMu8pCAw+DotLyxl3vrow

 fvffzg1p2tw/1so1AaNBu0ENGGUr2uvd11tDvubos+XcNCrnlyXDo6SAUdUxEf/grooVuvhWJx

 3HWZ0xxYRSKsdjd2oJWzBVoe1x8qDgpmMh1j7xg7K0QaLM3v+lQsuEKR6PRsatAaZE5oWSh/kh

 Q/5A0YKm3Y0CPATu5riBF5XOC/GNXJyMUnzxHKZXMUku5BxzYzLTepkqELKhwWzImEw0WSZlpN

 XzSSSCY6bRwIXUoJSd3wmUy0gSXWWG22QkH/xaWFD37w/7rJy6N3DE0bTKO5uemjo2O8IAVy6b

 qdJ559/voLL505u/bJB+8hxvd3H1558rwtvhh+4VWvL0B2GbFGyuiFGcaQwToJPmk/E4IztGBN

 Q4QI6kJTeKxUdq5ArT5jtKJKcIny20T2JAYaF4vmBZEJ3RqfODC5k9g5R6BYGIQkFm4RirK5GG

 FOXQQ5Twb5wu/ogU+XDzw8FMI5bGSCdmWEdhoPPnw3FQ1eTvhYfnpzgs5pn+9o74CSvgBbaWCd

 ykVL3M1HlxWc2LVsBmYDxyKFYuP21vHOqd8dmEpMsTB2kzWeSFJMSPsO17AcpJmHL6Ie8+3Rh2

 +9VTnZUb4zY8XbrlELEjL3kaXQLzc8kwytzvsRYz67efMoTyUDoIHpArTPEEDXi51TaQhrwqhi

 24pGqX20vbV+e7j+SenRfUu7SqKvzEZ0kOEoFAryLJxQyVTi8OAITwy6xMRjxD3pmqlqCJqsEF

 gCr2zauJWEDas/mDxz3heOHJ5k6u3OzNzs137vd4LhEPkPPZJNmAAbY9bLdo+3mD9NpmelUlit

 CFKZNNwIBQgPk93F/s6UehHbUR4YDvBe/zhT3DytHBbDnLG2EL8wGwkH7GcSibOJxHY2d1w+tD

 v9xMOCgSiew0qlQHbndDAytxCLBLzktWk5B6NKq5crN3aOCtskUB3n6i30X9Eh5IF/bIADg62x

 2A/d6aLZHxEGhoufiiHRQ5h+f81Wa/P+p8jYqblF4LmwMM3OAfli0U/3IqcTsx9uSJjXFQzD4B

 g2rlAYLmhAQpYwG7Qyk70Iufar9UrQFfziq5+PJqIfv/sx+ioKBI9AEMt2E88FGwUXLlQDOiTj

 cDi/kF67uMQ00S0gAL5zeJ3mJjE2M7GhJlvRj8dEmlloKsVRPDbu3E3PL569uJo/zSJPOtQq1E

 teb4AltpYrz778+b2NT33hWP74gGAXe4MNVNxiKmRywXj04OR48cza4uIKPdNm5ucf3btLdPPs

 ear5Q/6zlzzBkELDJNUrAkR2iehJyoLIWDjKX2m7vBMhPxaZmpchNnkjyhOpTwhecpUX1xoIrr

 +TFydMDgMP3VaXc8rjcyW/lfWs+3AzzjG4hNoPi/Anx8krxQsm6xo42Ur16lQ0Vcftxw4uJtOZ

 mWk3bg+ve3Nn/frSWjQSquROg4tz2VxmYW5+4+EDqiPw6qMcUxibzxei0VB6LnGwc/Lg7sbB0c

 kzLz/15OeuUhgcjnifiiV2iuWKvUQiRTKxFrIlNAYBwGSNffuPHNp6yqiPxQ/FZEYjmnFa7NR5

 92ZS1lTI1uz0fn57997WcTjsxwvG7t60OVKqKBVkZPOgYWAqt2p4UJu1Rmnrk70bb3SOd4a1nH

 X/lpXijFbJOtTmA/SmArSRZASHMFpRJBbPZLKQkNPloc+qQzX5NPjCOzaimgznAzmSaHY9my22

 fCa6crZpMR8eHdKn82vf+60vfetrdp87XyqZPeNGr14t5yMdihytO3fvNao1TyjEPqsggfZEoq

 ciVf3oX/1BHLO51e3RQwtNxYUnnFx+mdVEPupdUnb72WJzL8dbEk5QDwfJYORcOuHDyOk2t3Y2

 M0eHz6cTF6eSZ6fiXtkabNXRy+bLN3f23nj37i8+ePjpo6ODwxx2I3VTJKTQUJ+NmuhCwIbXCF

 5Cw7ZaydZrAkEcltyTGkuXdeDz271+D7hTKRQyJ8fBcKRWqxHU8vtDWiFc4tovCi8GfStd5dwp

 iVmRIJULLpJpvHE/xEZMD5c9bgiwj5bD6Dp085hZTXlDqQKqSlORJXmrtex4SllmK1Bhq7g2/s

 Vg4MLV5bNXz0DemEnNThXy4A7QOBsndpodty9QZc9xG7sdGs2A0bhdVBl7kPCNRv3C+QskybZa

 bZo/jS29bO4kmaauOHH3xg32K29Wi/GgF/aSTsQON3eQqpl8CU/m9NxMuV4mmSxfqNz55GOK5s

 h/SswuND2+04cPDx7cH9FfLsj+Acy7J3lBBpgsYpGnYGLQr6SIVDjRMXjF3IXV/Bf56gfyg3tB

 mxMbWCxscoLhBAAnROi6wrgOujeulmrNm89O5SicHXexTkdK4bED85GiwzGoxGb1CDWry0K6Oe

 hNbLXZbh7cvxsdjK5euFgoZLc2NmAhg3zx7MVLhxvrkPr0VLrergWikaODPdg3kjMZDAGrGhvQ

 NdtkwmK6oTxvP9g9frTPzho+hy0RsYfh2niXic/SzcZljfcdt99+c3/71Br+5h/jPDCqlKQ2oB

 hPWJHJ3GYhc9Xiew92P9446eAmtZqjsQj9dVCVHXYv1iACFd6FGCEjD7ovHx8Ubr/WO7m76LGF

 myeD4m4f726lDOmgfwAUAEHS1cLqPMsAfFLT0xjDtGKgrJf4ECoEAR48I4hFEgbE48AVpyt5/r

 I3FMnlTouN5tVnnvnm7//e8trZSq1aqFdxdDXUC6YdtTiiXl+32/7wp6/HU9PUGHfNygZF/NJ5

 CCZOwQQm+NT8UrfVhl+Mgn6a6+KUw1agqxsqKHuxsnB4turNbr7aPi2gQ7JCOG6s0YAnFQ5sHh

 4+tzD35OK8y2bbPDzxed0PNo/f+PWtt9+/d+vu3kkG1bLVLZYHVDVS0thuk/dLgRnSig51tm4b

 5VkqNMZSR/t3Q/0unGSYIaRVUq2hTAArpKucfqt1enaBHhqAQlY3gkCYJYMFV0WjVGzVq2xbEI

 2hZw5DCwkEDbStygYXXceGbHjGFqI1tkpH4w2ll1bP4bgmA4SwFl0aRMOUkSGvsIqttvnl+ade

 fCo5EwE76W3F5rhaT9Yah3qnW6l2QG1/IELiLctHYEm+HHZvJxZlGkfiiVarxUQIWVWrtVg81G

 4T/Cx+47e+fv/Wpzh46AoNUyCL0c+6mi0nR8c8ARUJBL1w6WKN/YcspsxJfuPePToCL6wunX/i

 Glh+6fwq1bO//vDG8eYjbzwWiMVOigVQAzQDSPB3g7wAiVxrwEUkLLmp97z4yw/nYeoiwZEsfE

 GSj7CJyfCdVGfpH8Sq+SgC5gymIZqXwmzcSI4xjvGeO8MZ6VZjqCw4hsj/0SXKOZbGrgQhYin1

 ZjkeD2cOM7hF+kV2lsmeP3PmzNnV9Xv30CSGxTJNx6LJKfyXBA/YoEQO1wHNhUr+UMAx6ofYQI

 MXrkHaoXmxSNRSklYeW/c297f2QYOZhQROX/ozdmvlwbAWNJnvf/hxs960Wl/6AxyPRvK6Irqw

 MjbLYYC4LYDDyDZwuUjIcCGQaMBz6dJKNlMnSYh9xaFArfhoUIG/N+snDx7k7t+wVHdbtcood1

 ApnhaymaDb266wSUyfVcQZg88OF/ji6iISAkOZCcRTieWV5Wa1VqlWUSoR/jJgYB4kTtntvlA4

 np6vk9ncrM2fP//5b3/nic99zhMJ53M5iFNV36SFDNtToRjJBFS93Pnwo+xRJjW3CPbTCRMzGs

 ucWeAbxO0MHsemF0rVtiMS6Tpc4CLWNWIezOAkWDXkBMOXF81i97uch6V+e2A+LdbRaWuNei5X

 +urVC3jCOsPRYSZ38+b65n724083Sftig266hJpbTVuHbOS+XeTK5rodG53W2w0sGxwbNgi412

 YDEbyZLD/xdrtiamSL4yARlhAGJw1remGZjqokUaGrYIhBlOgm4kSIR7ZxdzvZ7apRLWIfzM0l

 q9VmeCYKhbuDQSyrQDhKySieQBQ6N3sGgGzs7RmJra6usoVlsVRmGxfQn/thcoSCwWvPXLv4xA

 V/wN/ut5Ssrsq/psiAbG54ucVSKTYJS5L3liU9g64PHhoDQBWS88AEXPd5vegtxWKBY0SAq+Vq

 Yip1/uLaw7vrtAHlST632kDMTaV2Hm2JdkZjfxA6J3rv91KwUa0fbO0RX1hdO3fh+jWY+G4me/

 fR1p37DwuFCsMgm53oanJqGoXASKBg+I8pjaU30NUgPxGdXuAkg0PHlVGnU+kAg/dNqfv61jiH

 FQTJhek6AUmij8abiVhHXhrHOSSSFqEieKDmiYID0hnmi1LSyRrCP4MsQvzSOo70pOOd40695e

 mbTzYfTE2RcR8JhoIfvvdeOjlF+6dYMoaSeHxwFJ9OUJoSCoXLmRyc1DkaEr1nrRHDxB3gC3AP

 ebuJo2FpVxobd/eODvJECGcSwXQ84Bq1x5bB7vbJ3qMD6/jq19Iz0wCD6BNDN+gH1RUnFmFg2t

 zQbMuJz+qZldiL56bpMn1rN0M3cDftecDcUb9QK53ubDbXP2VHgKhzPAVXIoe5XjW1WrRsGJRO

 e+0qcZGAi23FIRHyGmljkKr1yK3wERNDG5yaSn7hxRdWVpZoBH9ymqm1mn3SGjF9bVaiEsBoeu

 3qt/71Hzzz1a+4Y9Fau5lv1bH3SSQgNxhcjHh8QyIZ40Els//W3/0kjNPb5sT/PLa40J5gfqzP

 gJxNtrYeDSMLZ47KY89Mki6o9NEkzgD4FBzAVIW/o7WTlUSvXxt4Cfzc9OWpdkbFSqtb6V5ORV

 fTEczvfKWVTMR+8P1fVIo1xCnmPQ3T2X7Tq876bXxlthFCtQt92noN87DtGPfsvbYFSSufzIDj

 LvPIbRqRAk1ojWnS4rd4Wu53BvMr54gFIdTowCLr3+ltD8cds50+D31xFTvps2x1lcsdR8I49G

 jsMqQcNBaPdVCww0kapo0DIbXvwGj3xx3hlDMVY8u/gNNz5bmLz7zyOVO9VS1VKF16/sUXnnvu

 WbtXu71BjHAXVBEK1QjRwbidFIk4SQYbZU+rgQBb9zlOskXO8/qI5fPXhAaNxBdXVCGKud3sAE

 YkdrfZSacSRzt7Lpu9eHRIxlvA5Z6ORCGXk+Njdda3Szmkcv3+ow28IXWchFWi1q7l1TO+aOJ4

 /8QW9F+6duX8yqq3b92+vW6l9Srpp41uZC4tHVkuZHgHvxTAhlyRuHxgDPpOFa8SuXA0CU9p1R

 R9y5GNV1UELI1ZERO9MOEQ3lwJtRsELOHNBz1DZxh3gMRJE+YedDK1qBsi2riHFk1sZUSLdKrH

 akgHEvMbzQrB0YcPts1Vs7llC9o61cxWJIbCMppfXSIx+WBnxxn0V0vFpeWVk/090h8obCARJO

 JxE8VAI8Poh4BxSiNX2LoM0NHtgQIHKv6QMCBl6aBwcPewsH7AqiyF7Se20MA/Q16HNfbN/5bB

 ef0B5I/mA0cS88V7QMoUgSsUKyRj9zwG+Wj8/sNTp9sbcXvxdHTIrDObDh9tuvCMj9uu0SBsal

 vb/ZgvEoiHqkqiP+hXSAGz0MgG8w+m3jWP6fQTTcSARCgaAlgER9hfErttYWHuxeeeW15cLJXK

 2bx2doNrfu5LX/yX//UfXfnKK5FEtAE1k5dDTQzQVWMA9kYlxO3RXsx0J88c7Ny5d/BoO5JKyn

 lltXW165DyrgE/y0W7bJYlOX+mWOv74kFiUwR74XYsCVEi8A9xJUI2gEDyMBmZKDnErem73aen

 dKf/pavTbpedbIv725mAz4m+88mNuwCoUanh1QYWKu4AK1WM1ENfJwEbVgpuKDVU6QRgkjLeCA

 MQV1RCD9qSjo7LhTKZrunpGbxJ7FKBeGQBaE6Ex5u5kE+nGak98jiAekwG+NEu/rNQwEtFYa3f

 mF+aJ4LsS00HIlF8yPQ4jiRSQX+UfUNHuJUoopye2t/b+/RX77Ln2JklXgsk+qysLiMc9o+OeB

 aRQexbwrkqFEF5adMNmoqSQS5XIbCEZ+L0FPfJ0O+nWBfQyh3N0sMQWQkwBNYCxOELUDEmAOlx

 VGuWi0XcXcB/Jp3e3t6mZZC8cZ0uRNMgC6/XRVwDd/qoLC4ueQP+YCyGRNrFsM7n9vcPc8UmPp

 5YOFYoVw/2dnzpRGRqCvmCsmQ0l5pQGYggshadieT4KDlpuJykAEsFQ8qQyGFEfibxM0lWiV3h

 AxeC6rqQCemLic4sgkZ88SzD7mW9yDpTogbXORzK/2UM5FEqvjge1huNaDi88XCrXK1Zyakfms

 Ns5ED/vkaLkg+2Ob389PVgMHqwtU29zrjTJWN/79E6GigqpIsEf5cjd3rK49gPlf6tRAqV3kQw

 A9RAUVWOxshlGQetJn8kcOXS7Csvnf3Vzdtb9VZ49UVTasGWno43ak3TCDcHG39jA2BkgI28MS

 L/zpZpSKuN9o8+LrFKlBEQdyxVjmb9oaTHtv7mW6HjLHGYnYNbZIc5OmUCDqwi69GolM2dJta1

 AVOajttwmfabXY+Xsib2fRjRyY0M1Vaz5XO5GRm7WZFbH/b7v/qFl8PRB3t7e//qD/8VvTk8pm

 Gj08phpjodNVig6ocxqJWujNWYy+ZjJIhRx9i3fPrxPf9UinQ16tMarRbudcU2WSekCjYbTiEr

 pJi3m+qO4SxZo9oOrNNkD1Q4lGx/KA9cwDDCOzfsopC0Oy2f21c5Ogl48DV1QkHvp9unu4dZvE

 KtJttwJPtFwsukalt9lgLZA7gcyajACqCwCoMBSiRHDfwiTQiLCYiSCKV6SRUFiKRxBGMvVYrV

 5FQKDcCYm4lWDkRswCMUVOgDRMNSFWZZnOiC5ZHTRfGoy1WqD+ZMdn8slM0dEj5zuL1Gciudmx

 DbPjQocSKC24DbbP4P/+v/9v6bv6RVGGEewt3k0B9msn/99699+SuvXLxycW9/320L9dvsOEWX

 EvrjjwkDyLUKblLWAlni4ESCdWDssiSdLjfcE95H8ICPgA1MdntdcCNKx1l+lDjSPND/7TYn9l

 6VfordgddLfYvN6ffQfQSfBRYeTLNZqZAqyD8GCxfe3t8/ymYXVlc9Xh/lO94kSdGmhfTUzz78

 YO/tn6ZTUW88rc2g2306siFSASsZcCyyJImMXtEw5Ko4tqgROpS3SjYvWM3ZYqdyTXMmVItnSh

 TMj+Hc0zFuyE2Q6DoDyMvOVk4TxZFWCn7EsFgcKXS9Fp5/p89UzlXoePdwY7NZ66jecjzwjFvu

 YXNuOvHg9qfVeo1Mh1K18sQrLzQGrZ//9Q+O8tlQPHb2+pXtu/dwwXgDAYglkoydnhwTLjo6OP

 D5WT7Mji61A1hbUEqY9klD03TI8dxV/xdfCqamTR9shWNP/+ZJ+tJwdcp69b/6E7p4+4P4bEk/

 EqoY6ELNG4o/SEeTWiXEwzDCkei416R7xPJMgoYXN//mr7fee7dbbiCoVoKehUh4aXFldjqBzV

 w9ZSPpOkoflcfACEpFtuGUBT5TszNk9gJV9kTHtwFDWFs7g5X9H/+v/2/jzr2TgwM2gwynUi+/

 /NKNDz/+qz/7y431h8vnz1GDUKKntYDNmGQ04oDHgkcsQOFuq+3dX72ZOTwmA7ANkO0uFkuOBo

 UWRC5cRcCFIKU/5q41G8HIdAecdMBT2ng2sL2RFeAft4f8QAG5SnDNa2Xxz3XYcHgh7qRq729+

 9M4nGw+zuXxmP0MPzxr7ZeeLmJfOfs3W7ziHPTstwTAjcbmP+tbREEUIUQz1gjMgnFNoAxeXho

 AnCPKlHgMFmGgKSZG4j6guNU6VyDW4KMyK69BdIEiohSidzeuw5Pc36eAxlQj5wv4O5kkYpSdM

 LofbQ664W3iL3HbZg4Sghpb/8N//uxtvvYMcR5AS0KTF7Gkun222AM7DR5voCBcvrGUzOYQKSy

 VMl1KtTfSq5VqlVEvPTTGqbKbYbfdC4QgzQK2DTsES/BoACg5Iu2D0HMMBCsqRAittGm8ka3X2

 3Lk7d++T0250IB9PLc7j2WE3Jgoe81k29R6xB2p6dpr+oazLg/X7IbIVwhH0SSo0SBdgr7Mhef

 TjYf54//ThXRoghqbnoUNl+hoaNcQ5IUJp9gbuInEJQsER+AYZBpuAmild1+wmxq4uEZbzyxDB

 hhmsb/WRU1DK9EZw1yJwGoESkFmMgopLGwyWuLYd3fQ0l/MH3Vtb+5njPAkQ+PfDo77H3HWNWu

 x6WM5nW+1menGJQhaYGmicnE5lDg5KxTK7kOMMI+MoFomAl0Q5iKPUylRu+2sopKhCkMpo5KFO

 12pGNw44rV+4HPvWy/502ldjv5uep3Pu+YI1aaerCZnJCAsJH02JYWv8sgcYDv2xpLGO2RnMNb

 bV67XFsOOJhWRx/eCt19/A4zJ/diXs9qJqDg+2WqUG7suY30neGEoFwMHZKwVQIIGqlIfGULkV

 pItPGnyipdnMVKpWqf/Fn/45BQp+8GA8fnB/3Xqc2dh4pHmGw+vrD3/+49f/8L/743azfdwZoN

 AyUrR83K1KQbWasaCqmeMHtz9JLSyiZbtU/Us5MXFHNW1jamAkt6X+0emF5bEq7AMypiMAS26o

 u4+nzYClWKF1DTrKAKA4yekljks42trJr7703Ls3H91f32bTuUahEvR4iYXGKIfYf2Rq0oQLa5

 Drkb0yu9HjjNQh0gaEC9wZ3iCywHWFEOAMaUfD7P7BucuXKsUK00R9QqdH8OnBVAeQHMB7SQtQ

 VWEk3jALCk+pzbK73NVqCcQkxSLqcxUL+cWL5/ONEuwH1gByQX6E0JxF8//xJ/9mi5AG+8o6vV

 zOA5TRQaWRFEJ2Y2q99db7tOh95Ysv7u8fUHzEtVAgGZIgASkaUzMp9UgaqPybgTAbEB8mhBpt

 YIkmDccjEZqbo+3Q46rl9bA9H5zJ5vWgrGezWSIKXnpsUkszHrBriUcbNCqlG5OYzZGDlIsR+u

 p2iCkAJJQLPKSRaMxk85KgWuk09vb3eG6z3xi1m2//1X/6aiyVmJ0TmkK7gIeLGQHczSA61hIW

 OcFizhHkJ8clR4wDxpe8A+P1vXG22JZxsuyZf7oKtOFeuAhADKaLTkMWhxm1kXu0e71CqYzDv1

 SuZ4tFhIoXHXFs9g77djwYZgqBW+m5hQe3b1x++hm8gI1qFYQ/d/n8wuwff/9P/+zRh+/BsinC

 2dvejiaTAZ8rEo3mTnAUHGMVkg+P2QVjDFuHBBJTIfs3nk8/txaLePdt3XHJOj2yuEJeV9nhKt

 OWvURlX9AFztqxy8XwiXSQ5GDqmloKbZja7EKMWypq852/MNXI5d74u9f37t4v7W1Pzy+O6wTw

 cmCbj327O9VH9x4+/dTT5Qrmahe91uoHjUwU+pGX9f+z9F5Blp7nfefJOefQp3P3dJocARAYBI

 IEQYJB0XKx7NKqZPnCe6Gqvdqq3b3Yqt2tWu+FrFJZteuSLdqyZVJMoGUiEGEwA0wO3T2dczg5

 53zO/p5v2AAG3dPnfOf73vd98v/5P4VsAglmtAQnCBZaY0/vNJtdBrtxaPrxv/+b1OEJUwxFd2

 CmLEan304zrMVmtNvtJrP23qefjC6Sgv5+8+Sk+iK/gpHstBj3UKeZzmD/+IOP4Dk0BiLMsahk

 CqRKOOkcQJafFkuy6sxG9Or0LodZ1204OhhCjKS6UxuQrQEqADICdUDOjk/X9uuof2QQ7x1EOv

 VbrmMxaZwO/eZP7/YKJ5KlanQa+ZrV06QiYiHNWc3pbCYdcqfkRVCnpP7wEgReNiTq55qCl+Dw

 U8mU4jFPyakQPIY6nUrbYBRpyTR1QTvgpUlowFR0IjPKi9wS/jMPo5hw4Dd9+Fm1Rl9omMnV4N

 tVAztXlYqFFgPBTJ5+vW106JABYmyP3vlv/5//fWd1GXgtXUsam8PiC7GeKH6S8gzkIDnAeTGZ

 sxvrWx6v8/z5xcPDI3qM1Vr0PtKlLVWbLjsUOW3MF1xIEl3wRGQfUD8SZ0IcJ/hG1u+Fi0mAAC

 UI9GVunxumGCt+sN12587daChCPqwCuttj523NOihXB40ZpD8w1BpEmentQ0329DgaCpGRoJEm

 n01nq02IVppMnoWfwOGYD0yWquVcT5+8+3k0+D1V1wyJNvgY0vQg/GTmhyLN6BHEGjOJwEr4JJ

 AlscOIHMuu2FhpSseLEzmVx6EzgY0QeRYx5keJ7cVEKG38YthwLtTajhKcCEyQFnLw/IVsCeRM

 6jSZSh6BODHgyQ309mHdxKB2cV1BRrQCEX/i2P7k1oevf+t71HaZqASA2eUL/PDP/8Wv/85x96

 PPHB4X+uboJD4Vco54nUylL2U69WrJQT6R+IWZK5phwKVfipmdpp5RXZVOOVLfum7IP0xUaya3

 ChHQoYDJZ5ZKdac9gL+h8FEruVmh46CBGwKYNnOQvUbzvY8exzeekwRr506bhUKLEYeEW6Q7qA

 24PKnDHaK1armMC8VKOfwhcEV4pug2GuygaDKixsWDpBRuxDbZLAwrdv7Dj38OBhh4KezsL7Ql

 xU+gWvLAmlY4HCkUCpla8x//09+FxyfGFhcqiUS522OUDldi4gO1z72Nje31jfD5c2yM04ub79

 0ne6nTBRRPDO8LOA3C6TLaiXHX9w8HphhMXDWiaOtvp3ZxCjmaXJCxSWhd8aGRHwnpBPbI9tth

 VAYVnMmjGqm04BF3cXNAwKr6JpevmjgQVaWEZLgGPLvYXU66HBrF+SAM5iDIX/BWCdpeqCqH21

 nM5WH1okQCzxtHSDlEYq1xU19YXc4ZISgODFIC+h3bzsrATALMUCwb7HDqBkX8rb3dl772Ksk/

 slDgauwW+9//xV8/+vwLijV4PdlSwW+2yi3hosP+h3nvVm3SjAqTC97QAABAAElEQVRKNIgF++

 zTL0mBTk6NkOvy+nzUMcRpJ5rlaZR7ZVO4a0SJHwl/CT/k/DNShAwwC8e9cltUVoH0tZBG2j9d

 HLbV5RUuYLPZWNFyEnIFP7Vt49ACfRCkP7wDZUJZnpQhJWe6zdw+HxxLxXyuWCoZ3IFzl6/hv1

 ltNoCWJLbMncqEb9Kldx6vrY8tXWaJe1r4CQm5SV+IBRUngKVW9kDsJloB2ylhsRgG+Qv+J4LL

 f/wsAi2/lZ+UvXkRLMv3PIEca/HDWXlOD2s0HKCVKHfCVARzII5JpdSEjWwA9JtoYqgKdnMocc

 l9sX/KzbBfk7Pzj776PJu66vP7GQotbUpaxLL/g3/5pyPT05/+5Gf1TtcdChQKaR0trYwNgRY/

 QwlVeOEpIwXNWkwDNXCTtqPrV3hCaTAANudxFzIPzYx+DlzVut75YTjsy2eyhBy4CgT2ILI1Bg

 1svgRMTmNvKuJ2aQe/+U8fHK881taq+ioda/mo127XMUVQCqBKV3k9nzjmudn6TDLpCUb8I6Ng

 g+wmQO+2dCJBTlI6mW2m0GgMGmGb0RYIBIlyHzx8FImFSeSijFk4lsxAP4HbRRcdKtzn9W5vbd

 eKhWGzvre9MXn5fDASKpTyYErBqFnUQ6fd/ptf/TdiVoatQOVkszs5WzDoZk5SrXgKoyZ9Ic1a

 Ym9nf31tc229kMwQkhrDo31xxTk55JrBjbbZZ7JKdBGgj3gKSYg0a6RyBKDdKM9GvQat6sm9+3

 B0kW42D/uGVtnYb7FEJr2mkk1YaTHjLdL9wvHA0AJc4XsliSayLH4dJ0Y5TUoSRVFW1FTKuazL

 48NmKgUAOSwIjXA6cQqwJDhtACe4C+VHjIWkRUHqaAyF5BYBy/nrlwYC4TA/Xd26ePmquNmNRi

 jg/+wnv/j0pz/lkJrA7kJthT8NJwWwNocHSuIBJpppMzBTlkt0POFLc15hwWP5w7EQvcRwPJGb

 S6eyAO8oT6CXU5lCsVgNj02BP6WKK1O0GOMhT0VYjlphwXDdqIc1Oe2kV4lNiI35EVcTcwhiLF

 cpxiZHmSFaaTSP6FpOZcDP8OX2e0EBNBtCzBKKhCW3YbZcuPG1yfHpcjJBRykuHhwAVvq8sjR9

 xsEShkYDFDHNVs4yTQZ4tEqgoYiiYnVltdGn3Bz/iUYeMvwFn5Ru2RcyLkGE/JK/4QX4G6QYxQ

 yzQ2wiBpokcJMnG7SrbGG7lCvn09BphBzmqVCAm6xWWlsre4PWoEsDWb1p0xsdDAceyBAFFL/k

 KYWFwkycBnK5QidKOjl7ZoJkC5k69hUOCoB60enJq197uUL1ZOM5XMJlmGd6+K0qh8HQbTKWkA

 EjgwmT+mzUPhs1ePTVgKs/MNAboKmD1HSYG9U2VQew0zrgveLVS6cpbSRMu+dDSJCq+u0axWUX

 EqjqfvqLD4qHO1pMKwVMvSrf6VAHpk8dtYY9YWIkYEqUbq6RLOSKkIC4AiExJ4Q0MHKo1ZSnuW

 +P34NbwiHz+gIWjQGk4e0vvoyMhalGyhjVao3zTaYF94ECBjkzeh6K+QI5LbNOknW1QuZnf/v/

 /sv/+X8N+7ylaoXw2mEV7vLd5dWxC4sd6j0We6NVNeoszI+ZvXAu82j52Re3EAGK+YhVtwUQmk

 mIRtopAfu2uswBpMyASSJpT5YOI9nXkKIj/JPiDZiGpkTQlNIruVjgfCaRadYqAmTDIpKB61UZ

 VqcGOQfVo0HbrddMdrptxO/iP4mf+Z5zwnkgHSF/IycG1SgCLnoKLx1kG3GqnhGEFj+oGDJU4t

 gRxLD/2A7JnbKCos5xp4EEa2gIxPOvD2lYcHLUKtVirdW89sarTx4/iUZGNrcPrly5OKhXN+49

 /M0//PTa1cWNzb1evs7qSl2KS0uvCN3b1JmMtFPVm8xL4KqqXL7gcJIycuwdH6iNKq/X16vUuz

 JJnhEiDq2BLi4Jrblb9AjhN+tM37niZiqIJJ5MgD9SdWQoJPlpnGIMVp/6uHoYikUzaTinaXKF

 A8iJzSi12plyiTvvNzo8MDgQcmDVQil2ZqpFVtKqAjiydv8en+7x+1mNwunp8d5ur5qnZsj8HI

 u62z4MG3pMNjg/cEQoZfJQIqvyJUAtOWEiSGJ3xQ6LrMoL+Bs53GqVMs9WdoT0OTkBVoBeM6FR

 YtlluXtsWb/f7paSzItCO47bneGRcWBDudYgkS2vbW+m0oV6vggQFxPlAQLY1TCTmv0mtSYBOV

 s30FLGAFYc8Hgm5y/c/fiXp/uT45NTerXVoLbgj7CeuWwGJP0f/0//49LVC7/6m79JHubq/YGX

 uZqDvtlqYzgSl8oU+4+oVsDhG+iNwb9i11Br0BRzdovXlV0LtGN28re1ah0SUrxWSvyegAwRBh

 9ULeQjAXvm9LRl6hSOtraXV7UMKKOJwWjJH+8ZzcBBqc3UiIZ0ehOgpXo+w/vIbfRUHVpuSTXJ

 QihZFvgzwBU53PTSe6kXkoLHJzAZre//8pd2l31ydgrXIms5lbMlR1YNrxJ9/H5/mIs8X1530/

 Y6FjOYZCImJcFf/OhH3/vnf1yqVdH0IHh+9fc/tnpdctaY+6Y1YEwMGkrtTDDrn7l0hSjr+b3b

 CC9KltPPRawT89qJMzLJyWCikYYkBCU+ACmcZEq+bDiLSx8VSpSd7zfopGNYbz8S9D1bfsCCcv

 3fQgKgrJcTQORMk4Wzkjg1Wxg8JLMk0bJyTBQFL/8XMVS+eD72VlLoEqBRmcRo2ZzuYiqFyQIT

 yytRNiTZWEblXfzJAca4Sa6Gv+HtSBGXMJoo7/pocylk8zOzs/CX6Ey2jY3db3/nnc1HJz/+dz

 86f+Wi164fa7a3c5vwG5GkQKBYYfxCVLuy1IgbKPO2gHEGA7qX7A7biCuyubfDMwYcbvxz6pAY

 bUmaM9GmTo4cacfrNRhs9j7YO9goRHBFMkj18v8Xcm6wWJluTJaKSjpvoZ4ZDPrTqRwM/+QsoQ

 Qq5PN0fqHEyJbxXKV8gdOM2iOgqBSKKO6T3W1mX5nMzv3nq8AtI5NTl1+6MR52lYsli7FHldrY

 KehS9V39cOxaUPFOwGaI5Im6ZJFEtQhSkp/Qz6I++U/8IAloyCsgzVTqcY94IYkAvG4AJvJb6L

 OZNw0qpdZmCO2Y3zo5GvLaHdTGTvPFlZ34Qa59mCrqW3W4+QjUy7QfxKIOqpbImNSb5IJkD3ks

 WWrWBKh5o0bAGB2fefjVnTB1fpBR2rpW5hzpvR5fOZs+OD2YXlr8V//n/3Hr5z/76L/8PT3TGr

 ebHhjcT3pzqJfXO8NcpT/qJPUA3w7ZmkFDNYgGnOVKq1h4PnXpiq5dasW34wuLpPs3XS5grfo2

 fp3D3ivljj77wBH21wtpQ7umqjfJvxkH0DqdhjxRIykgWh8HVHGGJBOrzRoUKoNug3jY6LZRQi

 YTTOajpValCwXZTWCA49OVZh4foGYy3l5eOWrXXvv6W1QRckfHHCtFYjhVasbIDywm5lMe5XM5

 XefClSuB0UkOByS0DCh4snto/cXPX3rjJn7k8qOnR/H96fPXOkCnqN4Nbby70obZVi4GEGzq4h

 UQQ0/vf45IeMbcntA4M4iypk6mX9B23Dqg++xbq8XglmGrKq4tCVjmeDabwuVAM3R/4MDJ6zbJ

 KDDElG3BcFqIOfmOiRIagsGCjskh1mGuV611dU6DHfi1YnpxzXiRxLSK5GEV5Hzxk/glnCfx9+

 DyH3hc7nIyRRjSbpgNdicuHVAw0t8cN3FuBOiLNEtcM4C7CsJ7ZL/XC1hVeqt3mE8fJDL7TWPg

 ws2q7eDJs62NJ5u/+rtfzCwtBrw2WO/9/mDcfVqu1e1UITi56E2Vxib3h42stvoN8pZ0ULGSI2

 dnAqNjmVRyduKt5bu3VeOx1O5B3aTFFjA4VE9HYJPzqBvClGR0clxl5GmvbYTzC5gQMQgPRdDc

 bSHtpKR0Zmt/gH0fdEh30L2px4sfwqBJ7ofkVCGZBslJ1kHS1hJq4sU3ya4NCmVjp69rtVPJDB

 xpKmfn9bduTs1Ooul4RT11lIgf1PppfoiNeaKTIbd62Nz+zL30Q4BwDTwUNAKWTdZXVheFJYpH

 0vJkM7DJsvgS23BMkGy2RtCRSBk1dNzeHqMYabjSVAsuveFlSs8uCnA6ut6eH2a3Mo1kqYbnX6

 vCuM8b9H5NJ4AGV3WAxblsbJAUltCzSJdoNAWRzALRcdutF6Bdnjwz+fjT51try7PnLhOdCgue

 tmWAmDHgyndLudQhg+dffe+N6TOxj//zL/c3d2gpafWAGCk93AKlIrUJyp0nHEKq5tQM7e1yoF

 /QZcuh6jNJJeztHsbGR3F7qOBJjR4+KoMuv7Ncih/Vcid4Gagc+uaoMZRLRXQNpO8gP2Xolpwz

 TamQ50yQhEC7+qJTosyUeobJaK5BPJHPobih0xudn9tdf0xZppBNnh7tvfX9P4oG3JS5AXBTKF

 Y8Sw2mmUUFEwvSBR9jZHz8ze9+b/7G1wimCuXy+s7uo6++2t/cBNAfnZj4/MMPorERojtqN6S8

 hJMOQRHRkKAMCM5aLj86v/SSy7b59JHV7aW9tsx0cLaX3WP/ZPs6OJboYXkX3zRq5EwY7yQyRm

 TU6dZbLWowhETYDVS1tFhKtEchklNAOgOkl8xHADRGKg6WA+YVyy6KNkFi0cjSJilRhoitfGFN

 xTTIdwLo4cTT2VOv0gkQZDEptVBIZb8ksOT94hAKUIif0U3SID1QldXDmr7v9NjKKT2lb1bjws

 uvBEfHrr/3e3/7l/+3126NjEZAOeHGGQLu4MxE9fEK/ghVgk6jPOgGuCnjEG4W1kDSIWDQIcEf

 P3v+3M3X1x4+GBjMsYmZ54/upuNx3D+2EiWCJPBKkgtas01rspLYhF4JLANFVgbmitcg8Ad5HY

 alQw1cSsUU8Yz4dkS0RKpixRkg3GyxjGwlBoiFZYUIHMCDsxSsMCB2stZNraZUqfgDvovXbyyd

 P0/r1fLKSpl57roMySq3dkgbmMPcrQ81frftXjw3dhbJQWhFbyoagUvyrdy3hOh8I7gObk18Zl

 6oWF1FnXLHslPqVqUOfSQtn0sBx5kzcySl253+VrqeqDYS5Xq+1t7N1Oifl8I9gFX2SI0zR7Mt

 2049sj2wmuXzWAO2R5xw6a1QIlg+m1tRkUWHg2FybuHB7U9d/rAnxOJAWmPESdaazf7JM8Vj3e

 nJ7tNaddTt+sH/8MMnX95f+eSzWiZLTgYfRiDx4utBNDRkdGUuWw/ORUgKe3XtWrpY2F7Wmm/+

 PuqKTyUvRCSvaVQx/MmNlUYhUYofAvcadhrdaslMIpXphs2ibUhTCzkxHgjKISJAY7PRLFJ+Bs

 6l0bmjMawchPykZcm2FFKJbDppcdhnX7oamZsrV8sbm5uok+vf+H5wbJIA1czzq1VHT1eZBg9y

 h+Ih2xoIhsuterpWH794Nbh4Di5ZvdXWEthaB0KmkVCkmS/ubmyBl3a4PKQxJD1DGUbLUrKCkn

 pkAyX9yoJWSx4zHqeV0VJDo5N4q2HgE0EaCyEbUkq/mRpNhA5oVKk0orChlRdBkSw0SbAGJBKR

 aPDB3bv4nAQGTAeTcpOSG+EKhD0C56w3yrkSQFY8KwSQ3ypiKqdIOU0SmMkR5285a2gQ/uWPF1

 WZdosEkh0khtGC54dbiQkj64Tt5V+kXHFP8FB0mAy2E6eWaeAgKvMnh3xOdH5haokUwNARirWa

 tdj0lDU04p05w4iPAUHCYJiHS4CeQQtEegabWe+wk1JQMRatXq8X4RIoV+avX1t86SV3MKiyum

 i1D03MwELMCYMZS0tpi8LyoL+9sU+mOTwyB5Ck02ngMSMTOOdcGeXCueZWeToeU86ytBBIUQ0X

 xWyxchhQ07hTRDTXb1wDD0dbEr1flGfwx8U1kaWRFnTQEWqjHqhVJBKCG7QCKfrmFmBDwnJgE8

 cH6dZJ2UipTKf1wJI2Pr6VaYZmXhNoMqsiFXTZeeSYLy6JGsGPRpFxU/DMoA+p9/Aq7o+VxMgz

 t2PYqIfN+vNB942JkMtqKbY7hWbnebq+m6+c5Et7yeJuqgj4k6uR5gEGA3OJoyfZU2RT22vWiu

 VIgAwv4oOc8cRi63HlCArESSfhKHgoCqI29H7mNF5IZ8hLS5ZLtl4LqbLMIbMz7Bod1knl8410

 LjA5enZhknYkcB29OpiQIYzOAY85EnRlSyVHwB+aoJMXWJ0mf1KHNU2ru/JN0rHDRm1uZKScOU

 H4Wpn4/oNb1WJCrBAMXfUyDIlAuuQWm1WIa9vlViVXIC6CobtYhGycP8skn9z+ELqFDeMUQ/PK

 id/bXENKfKPRyZeum2hMdnraperMlZeZtkoFr92ueR2MsTXs3n2QO43DIKk1WVwwPbg8a6mD8N

 w5rT/ajYwEQyNttS6RTnUq6ZnZpYnpuUszZ2bnFh8ur0JSQV6Kw8R2dZhWryhDRYwB+bDWPfDW

 w2qxnMnu7iW6RqcMXxbkHuB9KTmQedY1SEdJgAe+jydEmDuNijQStwgZ4CWqX7h4vtWq760/N5

 PfguZWdDBpG+BJmCUwF9RyrBzhbCIF7p/eGyWqUswWaAe2ieMjhlTOqSREcYH5aOXYUqEkEa2l

 IEE2GDOltyDbjHajJ4HZfz2sNy0NkD9S0SFliDIikYTFVhnterNbpz/eeEaJGHzalTffotmTKc

 Nw/enMlrFzVyKzcxPnloLTs9iMZPw0n0r5HZDq6QHLQ4SCSNYanVqpUEgm0CSv/M73HQ4fIEeN

 L5ot5QFwe91O6ucwhtFmyvGn/2l3+1Cnt/gmL6TVFg4yrUccUmpihN/iP+uVme8kT6RkKBAZkR

 BmmolfifulIfWFMYofxne39uDZw92QvqWAH1tktUFMIvhbzDfF00q5CBoEb5dv6rUyE+pKuWLq

 JK6u0xfh9lqHLqsKBzcwHuna7IWe1jN2pap1SEAv1k70JWoZ/S3ejbLOyLCsHB2bVNfIj2hUxU

 Kp1aBDJTsTcJyP+ZmCh0YuNNppePYbreWT9E6+tJ5IHMZzEgbqNWb1AEZ8c69hHdYdmpaJ6/FF

 05++e7qzPTk5JtlBynN0liOXoowkl624XeKvSUdyp+syWZwO9/LtW9GRGEB00EEcTLXRTHaRBb

 I6rGReqOlwnnCSderm9Fx4fm42bHPoW916uZEstssd28y0Y/z8gs5elZa9ziB/0mxVauQKJY1R

 LWSb7RZkDnqNM3m4T9qTiQH4zMQoctRZDFIerTYZSZ/eorXQKM9fQLcr3c17BwcEgihlE/Rxoq

 00VgdV6VaNbAAkqXqj1eXGN8bnoIklOD6OekY1GG2kooFGoRBxGIUvEWEgi1AuFfbVA5vBefnG

 K4kydLHlRCrXaHXtes3ExILJbCtXq8Fw5Itbn7NJnEWklwviXyneknjR4qWyiazmkJ6ohtts2d

 vealdq1jatthgwVKPA68QsUuIXqKNsu3jhOIXw4EI8wIwIHEU6B+hA9Pt2djeRduRdUi98J5VG

 eU4emb5l5Ji5TXyPJwKYSbGz3IREsLxF/hV7LV4776HMrlxJbpFX8j1mxx3wF1JZu4/F7quIrc

 SOoVGIuZXTRycz5QP8VbHcSngnaUycczoi9Exsg6nTGoxyP+5g1Of1oRDp3aS44oqOzl+/cbK9

 nd07gHRKW9KpcoWjgz1RO6wYsJB63R0MeIJBtc243SifDUQ8vlA+nehL0ErwLfPr+MBqtcnFMW

 J4B0AUsLEEttQYCV7cwZF2o4pNxis22uwwh+BDSLlfDjJeDjlTAYbhNdLqQBZKVBhgm1KZ4Xrw

 bCJUcPk5vY5KEfAPfMIwlohvSs+DxQ2Vv3p9bT3o9aFyEyenpLfHnINGqmqwGKe/Fcl3+9HJSb

 gJsRZwLLKcfCyNf3yiLC5PwAJyBuRLPHyMIvRxQIyCbkfQqvdPTlYanVytZcYbHgyPi9Xl4+Rx

 Js9YIEJ5KrHE3mhc9s3ZaxEsc2qMwKDEmsMJJ+oYfAnnD5pRsIWciGG/SeGXzJ5sq/xeKdDIhh

 Fn8I4BDR6hcPTxp594o1GkoV3Oc3f9gY0bpvXOHxuFILmaTOSP4zri8W4d2fray1d6c1O5nc3T

 jdWXz4UXllzMNeNwYJ34FOK3fLmrCyrU2cVqs5g86WQoTZMiT3NHAkZSdS0k2qXDrgepBXYm6I

 u6TULPT5WZ6BkpAeJM3wwgCg2lIIOhJbkBWii7brc7sZZAh6kMKsdItA9BmRbkkkNj9dUaXQsl

 GQpUalOno2nXerSn0Fjp8fnHpmdzuezu7uHUxQv2mTMDJWRiIvCoN+ik+chqSsWPfWZjIp9aPT

 qi6Y8+GhqC0SMkATvC2aBUA8SRGrhoY4Rnxmza29vmmtg3o8+np9tDNlZtQWIRY7F4/KR29GFg

 hgGq39GCikRXkZCjBUtrbJbcZk01daJTt43Cw9OXsUfYVQmkRcMzRRPVCd08GfV2vdajVUMoG5

 gUg+tGwUnm24owsCiKRLPwfImQ4zTiCMCEpNE67a7cabIH8N3uwO4CBCXmkhKWuICSzCLukvMJ

 NayA42q9rkljd8IDKZ39ze7e6sZ8KEbERL2V5ANaAKZi1YBMidbkDcUWlnYeP0483xJtx1FG3+

 B58D0qZtAbmZ13OPx1q5tRr7ACRWITjXIdxqY+xTxQo0o7V7ZQR2LhYGnhiRlg6jb0geq0O3aT

 He7DTkddoRoJEJR0C+gkjarZJZLVMx4ABnryripBnevBv9li2mouvb67FQuEKw0SDeB/HFa3Y3

 dnQ83QAKm54oSC7qM1zzpidgBR8hosNrX27pf3xoAZ2Z2XL55P78QtuCVJqD414wuX9jtGOvEw

 wCwpuyJejqL0iJD4hjthH7S4vjLxoMNQv6mRqMNirtfaiQqzojStnjZdzKfyhcNMFgptA8S7UF

 4NaUoBEABWdwCa3Qg1AhlHDA1/UB3rCiE7LSL2ttqpa+saRb2M+zSBrkcclVsRFwA3jXPFjRER

 kLuA2iqXKbB7yYPt5OrK5OISJf6Wqt4F/65hgpRFuHVcfgf4yUHVklV76MAvVb/64ANjuQTp2r

 ffukp++ye/WO+q2tdueBgmx+rBR5rP5gn3gCFxa+piMo7GZYk5wBwccUs5a/D+kmKT1WA7qOwY

 IPgSGJBCdEAHbyaVEdZcHdVB0SVoBTFT0jtqgy2JhZWmBZ+X04Pa5zKU6bG3zD7lX2nwh5i81i

 DVxQaQ8CX5ATCY/gxSppyYsViMK4ttsVkdNnutVqOGyaXu37+fzECzakAOSMJhLdG0UvtR7hNz

 ysqRuKXUjOBtrjzjxogMcdo5syJ74teyylhg5h4TyRPe01ED5Q2srmInSeURoZFZoV+PvHyzWs

 Zh5HSB0BObwhcdQrI22EygRzIUhpHiTF/gTbwOzSYnig2UU6VIK26JSL0kWORn5Uv8GjHC0lNJ

 hy2wVFwKbLdsOVLL6+RxeKmoc/nid9SV1JKQUtHUGYYeqEYm7mhlmd8LSwaPhIlnvwwGuimpho

 CVsAOtio7gJyAVIX+Auwj6/WPjE7yFtY3NzPIwyDVkw9UaXKJg/fzSht3r0xtBdY5HS1aqdZOp

 AYRDx8GmrUJPJwrMDBqHOTjqn1ycCcTGwLhDo0I40zcYa4BYVYx5FveZ0EYcWwnmCXfssGSxOI

 fJUxYKo00HfCAS8YfCaoPOGQ7weBzGdCLDp1PNYZgQW/ng/iPYZhdmpvFJRoNjuWwZZyt+lADM

 yIDSLmpONpO1lPUSJcXBxU2RraHIJ/Mx8KdsZjqjXeNRP+Z45zh9lK7Ec9X9RO6T52sfra49OD

 jMUalmVAE4MTLh0JSi+zQqm6oHtz1d4/Rv66WwzQHjXBHZcngGNIQCU4Xpmtos50fIImWruBdl

 1zBuHANuCyYTB2NJBnsbmxPT0+evXrv7ySfGLiBf4dxkVDXp2QK0TPkCJGqNSj7oCJ6fWiLj/Z

 O/+a8PHtw7TiSOT+OPNnb/44d3b905fnw/98ufnG6vgfqACMUCEYNOpfCVMf2E4LdbrZTzKTxh

 cOfcKbBe6LkA1xLHQlEI2yv914Mmw+7Bu2sb0PCAqx0OcGnoRUSSxG9CYmlxtFnThKywUhh0wK

 ksHo+sMAan22PWSYthp9IYiBtH1/IwubVWyGbxJGkzBBNMJGwNhUg78OwToRA0UcDcma5mxVlt

 lAlfAZzsbG/ihLBSHALWuouaFQiFpI65LDLKaqImYJB4fucruszNTo8RAYakT3o60Y6y1BI0wW

 kEqUK33utU2HHx79DVw77FQOmEQ6Xzu0J4dEzHNNowX2JM5TQKxA5PiniiDc92s9HowjBkseIs

 QVrAxBjyhy8klA3k/Iq7IzL4Qhplh0UYuZZYC0FxInj4Y4nDU1etSlJbTxFFB5OjFc8eIZBrIA

 DsB6G3nA4pYZH5t3kC/JoMdvLgsJ7NmF2uDpN+SdHRpVDBQPEqcXYZWORweoQCzGhgrFyCsrPR

 4PG6E8kEe0G0jKJEYSHOLF+n3mRsFZEGAka07/J6T3f3WtUaj0b/p5g6lgmDwtPoTbV656CeZS

 E9oXBofHpYyZ0c7pUKOa5F+RBQO+EdUCQARsScbD8TcCBy4SLdTOpU0CNultJwcgrxNcnWQiaP

 NW6UK5iUcj5/snPk8bhy6Qwplfn5M8lUemlxIZ/MkGL0+JfuPY93vc1zVdp6PHUNVSvSakp/BS

 vKJkIkIwqXBYPIqDczMQpzze2HqyQrR0I+sOo1kLRABjN5ELI26bfm8HBmetQUcYON8Cgx94Vj

 QApKnhV79iLElo1DhYpYUkOlBdpi7pSrZrMVN4wIk4Zngl6pHfSgx0Ibc0BaPrc9lUiv3r3/xj

 e+TojIiIZkMv748a0LL92ESYnBYkQckr43mQBZWwf6mNb+5PYX/+4v/wp2ophNDfbhWbliBj5E

 tyAKRKsq5jr3f5P12t3eQMDizGsc3QbOn7FRBh5l7JNJxlBSzgWUinXD8QN9zuFGumvNciERP0

 5m0/Fkghbk46OjPL0M5cKANghqgRx6GHO0etJAKO9sPiM0Qjq1kfyqGcpRritzR41WB/gj4hlq

 3A1VdVBN7jMDhswr6GbmvtP0bzT2meLdIWOVJjU5id+ro7rLIaiZOjW3bri7uUbcJ+0xLKQkDD

 QY7jaOCI4798nas52k5TTGXLaY3DlgiqEpMGLw+AZEL5DatDqUlCH7oGmV3gYjeSwgbFTtaEvE

 SRr0jL22AW4NPmBAXtQIzFMcQYYbiKCJHuITlE9GRQAhkwog7Q0AVUA1Q6yD2ae8JPEqjkCfeh

 OqhTP1ouPrxTngzHMohGkJMSPHwG3bvF6txVgqZQHWWqD1xYghQJJTVxSOYr8x4OipLqNFDeZa

 d0ir7cDqInOB25B4+shOq2eHc2ymObJQbHDw0G3QkuiYA0usQf7cREexHG9p36A1l8Ignn8kbB

 +Juv1BdhpkCWM48DuZRUrmnmZmUlnlTEHX7Jg7HafDR2zNQ+Evd1Sk1kxNtb6s0gJe2949fr6+

 w/Keu/HS5NJZQh3o5+2h2MjS5YHBXm4RRGKZTTWVpq7RIn+G2cWm0ZwoV2sGRxEOOFL9k1NOjw

 vXz8KNoSUaLQSQHh1gHhOM04QHs9lePHf24f0Hc7ORsdGRwmF6YDDuri+rhi0ZaCKKW3Qy6WAc

 cZQsTWH4z0zaiwQD6Xzlyfpxf2jMFvrLW9mV7ezmUXZj9wQtRcqR/LaxqTbXh0zf8fSa9k7DMu

 g4B01GWohZIA5iFSWcFJgXCXzZWWyriETbabOWjvZy5Iy6bQfMhPr+sFKBo0DqHD2OE9AAbXZr

 c/fB/ZvfebeuGuZqZbXFeObKhTuffdisZnyM6DObvS6r02pXi0M/CA7s9+7d+zd/8VfxbIEiOk

 e12dM2Bro6wSZNMYRVat1kxK+rG9ZvNaz6kM3t54MkLiOBYHe5aaOX2gs5O/GE8crojSIJgTni

 pA1oOPb5fBhAzozNLJxrm6uriDnalrcIFoqaghwynNdWtVSSHJNRY3W7sTaAmEhQEX7B20Q/cL

 FQYPJWQG2o5Esnu4ecKMVdR38iISIdmGeuUC2VHV4vYV6uWjHTdtsGRt9+9OA+9oEkLZkdXk9W

 STGNyIaICuvLycO35jQcLq9AvW51+4xup0wAkZCEO6GjHEgqko75U0yaONxcirOtWEVwpURzRi

 3dwiOjI/HjE6CI/JWRQig6Sfpy+ZJP5iPkO0lf1XGhyeSVslm8YYGmSryJKya2V4wbayTrJHE3

 35C84BhgI1H1lO6oXaHyXC5PPpuBallrshF4EMu2yJfzKXKj8l6+5HqSxqKZGGATnLP2biXFOu

 8tL5997ZVKJes2u8hN8ErUGffAjpC/YOwDOoQtAnnGDSu+Du6FlDEoX+NzwnsOGo+uIzxMiitg

 NwxWm5pyUbMWP45T8GzgIhpM3IoAUqnGMMdRqZ9zPzg1FNIYwrT+7ClDG4KTk1q36+jxg2I6Ax

 T47I1rtVppb2WFEFS8OSAJMP6ohtbIWCseb5eybYuGrndgkjHIK1otRJGnRTfB+VIu0VKujQQC

 m3v7F+cXiPeK5dLcN2l3q2Qr5ZnIWC192t546LjigyccJ1GOkKyV6FfS2qwUyhQ7ee/B1vbeMZ

 GgUYbwaqifcTB56lw6x9xpKOfBEcOXi2tHuglxxbFE7cp4awlxlC/+x8FSThrXf7Eb7C8kxwaz

 +davfo6N8Tsd0xcvOMJBtzsIvRn5bp7l+YMnJPm+9YPvFNoDPDVEh8wzudzx6ZmHd26/+8N/bq

 VOznLQN0Lwo9N99cknf/tv/nJQq4ZpWYGDiTYKthKtjTNDdUKvtVj0586ONHPNp092pqdBc4EE

 ozUUl1il8UNQXK0zAAIvro4vhbDzIJx0JLnbCkci2IRCtUQUSXRIKylbWOcACkyPIypgPZKOiA

 QjFWEJFvIUtL7Lg+PE0aHSiq8OU7jB5gJ7qK4Vyesz2Grv8KBUyUOfQ+hJg4GkLHVG6oOdVqua

 LxYTcZvJErabUuVsjRFamuHp4V4umwZ+DMGpHFMuq3jPiizhCsisPQlaDNrCwUFqd4f9MzKGxw

 xGl4ZbRTsgQwxVk8fiI1k9stAAnGTfWUfS7qgDthc0TKdam5wc393Z6Q478KjwcWhilBtSzovF

 vqJngRtpdC0a+epVt8NSTEGujsMJa64kHimQohpYQ/6HfhEYELIs/WtK74M4xtw+rxMKAYOZzt

 su859CU3N6FagHldbiEtK0F7Vh8BeYZGBZxMAUDfm/PWy2uRqZ/WGvkSsV6JWhVwjCLLMDEhwQ

 TWDvNOpmxaDqlioF7h60O7oYh4HPpFlFbzEXlH6aCApcR44SxA84YXWqmIcSyONw4TPk0sCiMh

 DF19PFBqymRjdtwuTSMHDgyntdpLILQtloNYd90bHQdQhQ8dSD7oWF6xfXn66fbu/tHOxNzU3d

 /IPvP3+2njg6Fc+DpCjejakDE2E1n2MUy34yFxqzWXpa4/h8/WBb28qlixk6XkrtDjCE/USKoG

 ok4r5169blV66UhobMUYb8zyt+f7LX+nxj8/yl93SqtrhiKEZShXg0IN+HLQAhYYc7c5rYWt9j

 hgTuEoM6sKBwDJH34U4MHmf9+GBgt4IJIWKG4wPcHUaBQywJElSenDE2T0c+EoX9wn0iylNEeF

 Dpq2H8Wnz9tZG5qdLpSWH/4MsPfk0lJRgenVlYtHo9T+89GJ0cf/nNbxWpidUoFPZdLrjsSlS/

 Qc588t9+Nra6dO7qpU697TA7yZ7d/ejz//L//Qcu7qVlHjig0F+KiWC7LUr6aQCzGueSmr/TWy

 iv3Lm9cf3imCRlKoUC+okSoRXaMmj4W01fOJApF2y0B1TKeN+wK0tzXbMtTyOYPqDERhmkAIKi

 32cbmSzKA6L2oHXmH8kqcdoIElxus8POkYcmGbtBq72NzhLBCVhahP+l+uHmJpyXAx3juUnyIh

 WoLWop1CCZLVvtMBmmXIIKo9oQs4I12VpbpdqL54ofiX/JsgInIAaWeE9cB2JivLyhul07er6K

 QOpcDlMwSPTL9r7Q7pgMikXYJjw1ch1w8Knwt8WzJAciFpIAVsmK0DSrpd0ceJnYezX8EuynvE

 okWOQd3Ir03DUrJTg+Ydp3uBwcEEW8KaZIeUkwH+Jb8FrFWMup4N28SEqFok7EaSCrjbbo0Q2C

 rasWMu5IjPCd+JDiW0HCeiVvTuxLnYtnQ4PyXjDtfRn1lB+qKumMJeBPHB5Ozc/HywU4pvESyB

 nJxeEGMOrBz4mngYqV6tFvkX6AK9qJQiZOn7bk/LgZXoJertKWpOp7XOQRjbub29wwjTUYZr3d

 JfTdA1VdSTZy73bGckV8oKa4cr3WjKdz2moJATbHoqPjo6/+znvQ+5AWVdWLEHAE5mYP9452Hq

 /ksxBNaqB3Jzgk1h2k803Gt2cKFtsQnnxr0FfPqCvNQilTYr2B5jBAZzwU/OjTr8IhX63Z8oWD

 n3x+LzYSCThIUOs/3s1W8/k+eEW6sGVxOAgy0Zq8DANQJ4OB25+v1Yol3AUVwARCAoEbQniEQ6

 oNMOgi4Do4OLYZQzC9EbryUPgkiJNoc1wY1llKjqKBQRCS+hDfWVw3uEU5kBCYScRr8/vhGCbN

 BrPC7urm7sbm9vra6NTsq2/cDE6PHxwdYAhh7uZPjjf3SbiOVXMHQx/84qdTUzHQxJp668mtL/

 7hr/89U6CDrIxOXYqnmahCLQMJI3kiB0WrMRk5TDSxtALM2TXod4/zY2G3jmCUSXbhSLAP/18H

 gv0eycLsUcrgttGgiK6HTAC72MTz5GYlAuTpWCbacTmj5DQIX0ktcVQ5hpJ0AQjJpD8ECkeMg8

 jpoJTSoFhPm2KfwU4NADocfaRL8EupNE1XLBGuiAAUuQLwJoEbydVEPBB4q4F2fxpxUWTba+sI

 KZE2WTAeS1JAHEhFqpAZXAOjCX4IY3Jll8GeZG8co2NoJpE2MaGyDXjnosRYFdSwYGL4wj6yfX

 y02EPJQIkDBvEAc8UdtJUjuLwcgZRdU84IsimvRoQVrQE8kDpm0OtglfkexlAyhKwJwsqVX8iG

 iLEsH1cSba7cvbjVrKUE16RzrFb/6Bic5swxI+Gkt3twQyQNwUwDjCYpc1kSuSKyCB9Vtt0KjE

 4cPVVX0nnPWCN5eDi9dBbGnHqpQC89bjsqX5HMYTkLY444N/RCoPtAvPEQbBOD8+itpVmPEiBf

 5LGp23NG8cE4FM1KLZ1IQ34JC5YoMK5AnpmSrklH9xKBgsPYhXudMcfhcDgUCdFbgwLiI3GUMe

 dQjtInYw5CVzfNsiyyMjcuVL/9ZpHxxLk8mDyAHCxIYn0ne3Jyun9UrbQz2YSt2rc7YwTo5Wyx

 US+x5la9IVMs0BVXKFcmZ6efb+yeprL/5M//2cFpNhT18tidctHgHBUCQDG/KG82RQWGCcImnu

 L0+BTrqsLB6LTJpOm1ftLggkGhg7JSi4HMtOifLz8LjzJtywYsIRWPEwGxgEiuxFyiXwlGSE8S

 vnEwJa8uvpvINe6++FMShIInUGs84chYR2xVMBp5/Z1v0cqeTKU4rijBF9ZbDioMCe0mPNVLFy

 7d+eijv/ur//DGd95Obx1//vMPaDs/OxGkkEQ22AqV4u4RtLsOPlWjgZxV0+oInkujSRTrPpfK

 RNmy2dhL5CHDqzWLublXLutr+QszsYXXXjs6TUbDoY+/+DKdShlteqpj2Ky62iFTtoWThXtQty

 SHjEqDFIGyEsUGYeBAieNgWKCn7dfIBQP8ofLLWEUoXWmVFy9Xo+Z8t+oNJhJgrJiNVG4ICx28

 urx/oAPhR6F1aOwx41DYsmXwSbUCTRj8kYNWY39zo91g4ChoR4w/ZUkx8oo+4WhTtm2jfWmObe

 dzx2vPqaYYwuM6b5SNgNELbUBKUXak28ZZRBBZTEr1kpimika4SAoE5xAtJUaP+H/IZDbMVL2a

 MagpEpharYYFpc8lgPbg1wCDxpwBWOeq9E4PaS0mpUiCDKY6NY4My8T2irgqtStRExStkGq+49

 P5LOkcHHaASJDyVFZH7/TyxnouNRaLNsG7QZ8D1spIXYPiDdOK+HA42ck30ZHfavVbzoDb5HDh

 AnTAsh4fgszD/lVyGROf5eYY9IEsU+oTrnn4yaymAcO1rCYS5R1xpOjbs5XjJ23GoJGn0Oua5T

 K3RdVWODeqtXa+xGRYTyBQbmlaRjttRgOryUuEYyg7bI1L52ZnzyxFAz6qDgeFUpKk5X7DbndC

 R1yp5vEZaHjgA+rDyvrqOnlvzh4dMnBQjExPLlw8j7OWS6ZYv+vnL9QrlXgy/eFv7uwfnHh6jf

 zWZqPniE2NMi2yX800MwkGiNPMNDoRrveGH959+PZ33uvoHR/dX7l+bprpu5Wnt8NjPxToBXRz

 ot2G9r66UWk5tab4yWk9lyCBzrhHRFFbKZCJA9SmUI/D6TWAepF3LC1OPb7/lf/yJZS4A1xmpQ

 ARLFhtUsT4a1g95schq3gTeh3UcbKD7ARhKfQXaiYWUYrRDRsGdQYNlE5cfvdNiL9W1vekLqUn

 76BrQPVM3CM6WwjxsCLDjhpE8PzswsbtB/957a8JPYJe+9h4zEKlmZqzxU5lJWY2bzx5nm627E

 YjxDpUaHNgJ/ARSg1bDRY7Q8irzVTLukwmDdLFbrWdHO2kkul/urCw/HwDUoA//fM/f/jll/fv

 3y6X83hT+Nj4ytgdUjmiUdhjTCrBG7UmKYpKII5gY7lkCiaiTKGZgUb4rgrSSyyqeJG0KQ9xng

 2ALtSqSi7HVZi6p8WFFhtEkk9OvRhMLoVvjM4A5kPdneEgxcLR/jH6jN8C2SKRishzULgQ5Ts+

 D8XFfbACW8vPheXDNwJUWvrvJAMsrCqSosaEcZdyu+J/y2opH8hd8an8JXqVIJj8LWO7QpEI8y

 8xp1haoTVD0bBzvE1yUYp7IHPbNTC2Ed6iBlgW+INIvIlHJz4Kn4JNR6cpbU9iiiUAlaXhpvml

 6B75VLH78thiPMxOVz2XAQdr8ntwJRqCmSAqkxew6vIe0QTyM/5JV6W3+aKNYr5ZzhVStszhvm

 fuevpkm1XyOwOio5hlWYHXS4J2dA02kniSO2MvMKHcRLVYzCUSzrGoYtgFHspvy82Gl7E16bhs

 ihRFcD10Do/bOR6y2S1TUceVJfInEP22mVDBeBUQeTXORrly//1/PFp73gBKAGy9RbXYYvV71T

 78oFEinkajQmABoSSNwWcWZsKhINzuib19xn0snF2gc5h87ernd5zA2WzOQrrYXX3S7vscM0xH

 r4es2lqt+eXT2y+//LVodOT9Lx5ajPp4sQjHTO54L1LJaEwOcQfFAHPYVflyjVvd2UqyMczYU5

 E9GvSJhBvVCqwPaGBIqxgFgt5zUAC02abnz64tP71w+SrGv1opmW02ndUlIEiF9hAHG4elXqqj

 oLC2LCabIgBGDCK9JzpBszx88JAU78uvvwYIKn54RPmO/aI2TgFWTgaqUfZOxfWRGTw2DsH0/F

 xme587PDMWI6dDA/zUpXNws6Rh1T04dkcj4+3e/uo6fOqwfoDQ45jQw81U4mQG32TgDThKw56O

 OT7BYAD/4/jwZP3xwzuffPy7v/vd/+t/+d9MTsfbv/Pd0NzI7vba47uPqoUaGXBOD42i8DE3iz

 UA9GwGfYoMDQeLJM4GJ1iQ3QxaJBtMIlcPHR4VI3QO64rPa2BjwctROhnUONvZTNFgd3NqoewU

 f1Qjk0S4kkrbIrmP868n8KC1vEWSol9lzk6lwqAABkdI9ohImU51YjwkWUk+W1QdHNfcaSIbT+

 jtdovHrjXpOI/0mQs/AkXfRg01gsTwNglWlYgUoRQxVhiYEXFZYkFpoP1LsckxtBvDJ+hI0w7a

 eDI8vryC3UAaRDglS4VqkwIV/Hdthle48vEUG0bql+wgS04cquy4WHjZRDaBLw4Z34tSw2hQks

 Dh5VtGH5jUsXHU6/FBfMIRNVXjLoeXWiXdklTsmcbBx+EoSlVeY6gOdOaOwRYdzx+skcUItkdO

 V5ZDZ5YoyOGC0DgENQaDXmu1Mos4ZASeGjZWDcl04R8ZIMwWqJ+Zyp7JJGzAv0kuw75L5RKVpN

 fTsr++saNx+nSe0NTC2JzBPH/14uTc9NzcFHFWMZtLbu9UazAl1WHMODk+wnMHqVhOJa1ako26

 GqlsgM2Jk9RmhbGSzmDIGHBRMAHF2uiqCmr97sefsW2RycmLL91QTU4n1/djly+cu3hpdnrq1z

 /+2ZdfPaWU5Xv9m5qjQzwLq1u9ergOhPby6295Rif++xcP2yaLx+zKxMtky88EHOXdde3cDUyi

 BEeIiYGpokOfzpw5ODWQ2W4LdYP093VqqnwKHiIqIlK55XQCF22WIAkfDbm7p/r0xnIgHNmPnz

 QdNmpXDo2m1mvSNkANguRqvwm/MpwWOH2SySdM4NP8JvXaw1Wcyq+/fpPKzGk6BRE8ihCzjcrl

 aHNQOQ8oFVw2ThYqEjNBYhIyGBg4PRNR+IPOv/pSwOeV3JkjVAPDf8ZVJuasFP3TzOioJDYP6q

 R1GZPQ7NlsbI7uMFtH+rq6oWfKA/eOkSwiji0pR2YTffz++ze+9Y1L55c+ff9X81cvhEYjOqv6

 4ivX73zxaOPRMzaG4Am8u5TpEU3h/pVSt0DwFYngNokhybhhpWhsIHzSEEhjMznKfUG0gEvrwP

 hBT323Wy1W6MLnYvJmgexwivkDM97G1RCxBP7C3xHattonR4dgaqRUjj8s2VhEAOdYYuY6eAyu

 rOtY+trjlWcA+s2grz0+qdxJplfgKGKuRPAlTyVyI+ZMYl25CNeg+I3U0nMpAgJbCJvG7B/P8d

 Ee64UfAGQat4eBD4pM8lbFYsuf4gGgg3k341wxC3wkJIBECjb8X/nixShsyR3wH1qMHJS8jQ9C

 FWAM0TBS85WyI3kYUlB6codF5pfiMWmNWg/Chqfe4D2/dd64jszzEEVGM0BoBG1C11Cn2dx+9P

 Ds1990WM2ZWrnQrLk1MA8RuzWEIRhlYtCxTLSwyYg5nHK6E2z2aqVGGiJUKVrsDnIUJMxQKNSO

 D5PJntEaOzcLSrSvNUwszs7PTy6cnS1XGkd7+8v3H22vbMT3E7TgQ/8AERvVDGu/zCg0rDpU5i

 hWu82G1mRHwMmWj/a18YGFiWyBkGmg6ZaLXTUzlUup1eX9Wx/HZudHz54/OdhffO3m1Pz07/3J

 D0cXl37yo589OzxmSMPUwvydn/+82ekv3Xxn9MyZOx/fGrjgPtXnGPFl0IU8lpDD8ujwefDMKx

 Kb6uAGolsSYiIC9m4lmVQ168AYqdOy75pOgy53TWgEwg0yl2hW9Hi7We2pmQ6QvXzpwqe/eh9W

 W8S7WS5CUU6iyKBi6FGr74A9T3rcW1CvmOxshUCIyIhgcOq1052dd37wLsONUidJNhFeCP7hjZ

 xccZRE4cs7+EJ6OQqod/a8BNesVjM2O5W4+4DMn3ckVi1V2npwJZpeveCYmGyuPCLzFTozXkkX

 4EihyM8Z5ODaoPFt9QIBO3pKw5yp4NmXfX5vv91KHuzC5VHMJD1+3+K1ax998DG9JovXLxaLhc

 8+vMWxXrhxlbiSDjuErVOrcPoElQKNu8vLGUJwcdFxcNlyogVabW1eP6lLnpQEFbkoxIQEPfwp

 VDIATtDmljw5pKqIURTGcAloySWSuTRCpIQAjIyN0OjDpGOEvVLMrz15KLkZTjr5KzG/WErKvZ

 xmNYMCmX5qoT396DiTAGlkYfQ14CbUBwLM9aFZqJVLRLtYPvDOct8caZCrOIc4B5KMw5bKIiNv

 Cl5Dfnrz2+8+ufcFgSDDEBj7S1XNYDAjRfxOtkj54tMVPxMu2hYZeLR7Kpkim4b1M5NXVbQ1VX

 1eyxuQdXkjos4G8j+IHdEnqC8YofmB44fSkpSVppnPkw92h8LUVtomFz0TFBDx77kO54KTinXn

 UWDs95gt+Y3HDCUjzOT+HRbr+NQUw0sxidRLsKTHG+t7y89wH9xBP5OTKE/R8e2wCBAfaCpkVJ

 g6+2gY35ruQ/Qu54RnobJAZVhdb85cOv/GO29furBEcuv+w9VPbn316x+/f7i2USmU8Knww+mv

 NMNoWydXD08RU1WJOcoN3lytkM4jfpLHYlXpKYdNLZuhzcvvEXAOrQxS2mpUCsn48fYmyeSj9e

 f0ijHDfWQ0QpskEdbK2hopkqmZaefkRffkuY/vP8zSExaa4qouTcdmGwa1ldmAdpdkz+IbnArq

 EZKf7AndFi7Syu07nCT8EG2jKq3LQqnSd3AshRK8yk/IFIBZIBlsN32MTod9Y20dIAr0SR5fgM

 3FtJLNph+Vc8SDIYTAXxBBCS2gRut1TMPO7ho4c30xXcBwQJ3JiQRxRYOA6Hq2+4X0isKW3ceO

 sRi0EOFYsSgepwOoQr5UvXDlFSxJqoZjD6s5I+DMrVIBnwjXnfisnMhKsIX73KFxQ+2yGCrVds

 SvdwUcWvfUfDA6mthdb7ZLpCiacJTrh++9863Vzc2n66vm8JgzNOEMjTF2eO80iwt+4cKlV9/+

 RigapDVNCjGiWAYtEi1mA/GNxmhraY2tShNRdaIJrC5TT+20OmiNRttBaQz5EIqTU5yKJ5qFCh

 h5QWD9NpsL/h71omMgJ1xhsdEoQSAOKijOfDp9unfodbvw4GsDXHQ8PpMUycAwYUxhpeP52r2d

 Jw/JAKisDks4BmEkRll69rsVWrJokqcphFIC+R+sEWcKAUaVwKUrZXehhqBJp98CqKi4OIRv17

 722uN79wH292sFFpG8GzKJ8iIZJhKI/uRtqHECV2bYAw8YDDxOD4lHKHa5HTOdCQRbvEaRclYf

 +VMkWkwyB4AIGhdCqkRiXIWNH04Cppv0iVByOTo29ZA2WNxQ87dgRTKSzCRHgzjIgAdcbgUqNn

 QP7M3kTquYJIMWDgbytdrMlUuUS5qVooN1HfTie9v7z59SWQSRS6Kb8eSkSa12Nx288I3milmX

 z2udmBavX6urkCQDV1aqxY/is+fOvfdP/2Dm3Fm8vePDY2AUdNe1QWuidyrFcny/ub3WScdr8c

 N2rYxSYPITJJjTExNj0VHOBOAWAB/cJ2gnUG7kJmnbMBFewa+Rz7ZrVRMmjL1rtwRD1+82s4ls

 8nhnZYVxdow8sLms569fUNca9z74YmRx7sq77z5ZeVpqDLWOMDBpJk6F9B1DozEd0DEr/qDYGo

 2d0ZkcFBjK8D4NhszSKKQLBysbgKEtTITWdjguuKjIjc2oIrrqNyqCz6EeJCiHCmXJbq4wMzl9

 vPmcgV30l8NlC09kEyxYPmMz62xme7PdZ1wBIbOkTrlxKKAF9246WdvNHScisRCnScpZEERT13

 9BVS3qGpcSA4H9opNEgAssCwcNRwxT4NPovDb78vp6ZHTcE4rkMYMcTfJe+QQsF9oGt61rl6vF

 eErR2lqnwwZspgYpEA3NNqMlFNYGFq/BPHi0uYpKCZitmUoBVqrvfPt7zKhZW152+yKQraBEYl

 PTh4cHVHKyp3HO5OXr5xaunr329s0Lr780Pj/LLGlqOBL1dQegrAZUJigA2G2gCx0+v9QoGGar

 1bnIU9HV1OOWGEV2DG8fja+ILCQjIOslayd2WMt0HZJXsbEY94r7CP5xZ22dNSB24882KlZw+D

 gpEvCwNJTHYK/f21irlYtoEHt0HAAA80QRE7olWoKsoEuG/kXwHYgrmDZkihk2uJZcA/ImFDdJ

 lxbKCA4EwlTCFkgFziwu3r1/C64vY0vg3+wEyF7uD/HDl2APuVnwkDhjUvVCsJkJZDAwqg9UOr

 dKG7dkkSUAQuB4Cb6w2F3cZnhk+Y5vmCIgyhzho/VXb+iIeRfAXo/2rEqRXgWbJ9Q1BHg7+CDB

 l3ARLDbJbufi7gAAQABJREFUdsUTIwpjeEGvGK9k9tB9FKJZ/PEL58C65QEVC6xleLy1cbTxHC

 JeVDu9PRLvcIixwEruDEy19MGcOQOpXZusjNEEm/pIKHzh5euwndjYN6sFLit3wMcBMkAVqh4E

 reapkdjMwrmgnRR9laoQIQZHtNNtELDlCgXGHTHlKBaOyjltk8CQp1bKL+IugaJg6Vhh4bAhZ6

 bYKEafYwZACBUTFVqvXWGvyekkk7R07TLIpef3ny5euQI7WrZQARLI9Zymuo+50Zru3ITF5o2u

 Hh8Ex5c0jiBkH+TYe+UyfOI7u3snW+uMtDOgXFCMUjt6kWpR+YOMdFRTm+E2THBINeqccGh10P

 bwNq89eWxzOvGNkIs6bCDlMqUBu8ff7A7yRRm5TnYBHaqsn8pOnKhSrX5xJxD2s+PEDhwPoBpk

 nvBZeCjR8Twn3yDAkvykywNHmsMsh4ZMP3EtXiA0YGOT03A1VEtVkX2SMlgIPJR6o0KVPJGl5h

 fwOIjRGFoAfJJqRrPb8sGgHghH46dHtFSHvRZxLkkFU9pSDUZGg+C80ocH6Xy5waM7nDduvvXV

 xx8N+6X7j5+2Os2R6VkYFPwBS2h+7tyr139g0OdyhXg80UoU42vrjWyWNGlqZz11sIG1q1OhNR

 ppPgXaARcr5F2DSlGsqCRzSPSwCDiH8qBIiogKnCOSBGxXpdOozZUpKmNMkXYS2GQJiMDFvEIr

 x+EwG4uZdCGdNludWhcTk01NIH9OHGRpKpLmEo3G57GHI6GD3V2RH3KwwkYpxVxaqzlOpC/ZMO

 Jo9DHX7jG4ZIzsQq7VqSOkoEAAWtCWTjzDnhAKSFeSePPCEY6/BvKWsaldZhL2O3So5ATEzeTF

 Gn4pHy0bxdsk8pVIGG3ywpPmYogMP2GX5ViiogkKGJWCdgoG24mTTq2ZS5w6Amd0qg7lsz5bg+

 /PSyVNKHVr0eWaNmNIKIRxaOgFNQUCG3cfvfWHv6dRsoVMNIGfkMK53AEzvjE2KCu9Ge4CVoGV

 Njjs8JkRvZMho++s1qzGxsdwSWwwcgQDDrMVW/vkwZPVL26DNKptb5ZyGQJ8LSXr6MRixP/d77

 2r6r/7/i9/sbW1Idk+onHAN9UaaDkbmD7mG1nNXeJXNlXyHJLkl8nIoohZOwo1baIGinw8MSg0

 DDFde/Xjw//+r//15T/8J9NXro4vLLz9O9+w2Ewff/D+n/2rP9uLJytrxzxDS+dJaG1GeG/MQV

 PPpNJ5OgO1R6vLkBDmVLSb9LHUKlk2EneaYwT2m3MGIQMhH60eNMAR/9taPVI/qha6Ud+ulMEa

 pE9OzywthryucvyYIVJDxl82ahDKot1pj4eKSNfKd2sQaJA6MXJWEMdSsx4ej03Mzyx/duet3/

 8+Ft7h9wBElGKNAP4438gBKSJplWH30b7YCP6PQwffNYtA+ROv/vnqanR2fmRpye1xNRpVAyO/

 i7Dag8impazVt2jMdhtdpowowPuG8AEMfqndPTotaMevvZVMJtiVyUiwyfK3GpMzs6+99fXj1M

 nak7UhM+UCQTCfxXaPbt7RkVj8aJ8ifymfB+VM1NSolbY2dp0eiE41wvdbzEKYPh5lNGrgeGfr

 dONZq15ePH/x7Nx5m8WGaSHGzp0etQs58NJW3GVkQRwMKm4A/HguHo+UGE86pBmFEAvxhsownk

 iQUUC4MbzC+yAyQOMBtLWUovsoKhk/K7Bti84V7ZldAyNDABRdTcJZgpz+1Zeu0teUTacJ0zFc

 BhSkqEVpPBi2mKpMXkdRkIocMYft2htvEHiuPX1o73Rw9hjsIqRQtBxJIVf0HFZVImquwOmUNo

 0+1TzQtzjKmSwcTgT79NhxgygA4QxBfvBakU+RW6UJjhSgaHE0Cq4HNlZ0glSVqdk6MSMM5K7V

 +s2mI+ChO9hiiDJmjjuWIFk8aMGBckWXQWd3WbM76xarvl5vWXwB3LyZpQWKe1XGzfWG248fQ1

 dEKk4AVaA1WDquoDVwGlBBuCDMcBuZm9f7/STp/NEozs/0CPmHER759OD02VcP7/7jh7u3v0w8

 eVY4PRjQbqWB+qSrIuVSKBzu7hBVfu2V1+hzQhgESSNoRFLcBpAV8ELLYRWkl5qwE4uEP0XtVE

 nfssesIwvB4cYt4GY4AawQ6ches1Qi9cUr8JlQsTPnFnd2dyxm3cLSYq5YT2aLUPgyVw7ylK7e

 5AVT2bcYQXuNLOWIsEH+1kpWr3f34Z3K6SnpUuwChG4sLmkojgrjb+EnBXeIz4D3BJBJurVpHW

 WsTLvNzXvttu3V5ZHRMUJfaIfo0COpgrwPoczIJqhp6+hBE9Mq6VX6ZiyDvl2n3X36DB/SHw5i

 DKT+CepWPpMnk0YAjIRyajneLIZkW1DbKG+lJI1GtUK9zKhdFt5kJ0lGx2i116q3pbekebi1yW

 KSYOKNHDpqylTF23SG0ECKsbVOLECLoyT0nPlcBhF65zvvjY6PV9u1Z49WtPQeBMNU5IkYILEm

 yo+Eg0Sk5fgh2pX92Fp5xp8On3t772Bre5cy7Mn6WnZr9+nHn7Jhb7z7TmxyJl8tZQDlWkxuhx

 2HjTYoRlSTVSLVATcSVN6013A2eWK8UmJRgATtVicYCjidduzMyfEBUgIGHIEhbqIFlGOMAZHG

 AvBlem3y+KQET69si0tt80gx0AjyXsJfhAJ0K5mArfXNUgEYKillADn0ocNGpMJaQFWmJF8lQC

 VZhSHCreJSL3/z7eRJ/HBzTVXl9XSPtUmwiVNqsaI+MOpICBsogTDQMYoSkNTiGFEjA/2XK4jq

 xb4x6QcIg/RRYH0pIUruiqPKLsrOItV8KukRfCYOLr+ExgknWT0APk7YUc1mW9Wq0WI3eny6oa

 OO2GJIlNCA9yuXZODiEFNXOd3rVAvU2ODIgwbIPxLxBYOdSo3O5u2nT+g0psVCsiMwDbDlkgCj

 yCH4fOaXkESJjI5bo1FAJmjwpfnF0WCIFV5Zef70w9u3f/VxcXuTPjuouc/PL84tnR+NxYI+v8

 frZz1Q5bt7e1/d/ZLHmJ2dm5ycwlECaSQkBwYd3RYuh42OLnFDUBYUbZWyuY8ZXphIk4kyFsBC

 WRMlF8AJBftN4oObzKVSaFWia4a89+r189eufvThJ6+/9RoM/pAal0gvM2pj2MmmDm4vb3kjI6

 ViMTR9sULBAQNQLlntzudf/IZWWx0I8AFlPs4MSB1+KXLHslPWRnfi0nah/hGfTPr+6QJgCMH0

 xGTi9LTTrDmoyZeKNHLgSZHZwgmGWp6aMLVc2V3iHeFj6VKhdJll7Ov6o2f+aBg3knbaluJQiH

 kg4SbVBz5CojM+SLkBPpecsuJ0SnRGJAlH0sbsmTP452Qp+fROvQI7db8EMdimOKq0HeBy0fiJ

 kRPoERpckgday8iUxUzADJ+ctQJxZrf7z/7kj3k1LuCdT39NL5ozusiMZzAcqXoNZWb3+hkZ19

 o6qO0e14/3xqJutPWDr77KHh0Hh8PM1vP60VHi8d3FyYkf/sm/6FBWoSXeH6iQNSBbYCDdpUoX

 0z6H9czSktdu7tLMn8mIvZJxNhhYFBypAS3aByo50nrkwJOJE9lUhFZaAVg2yF0GJtL4tP6ZjL

 RNHOzsCjG01WmwuuCVppeYXBhygkIVGA1QExpAOMBWaUaF9AviK3IASE+3BuM8jT14RBKkUSWg

 jRumQZ3VtnjzzYO9vdzmNoMdMLY20hpSIlU7bS7Q+BTDsazIGg48qz9sNSli92s1rIwgTyplJB

 qHkVAcVI1AzZRXM/RIFC+WQAjrJIbmNewGn44+UOwzEkxWnMaFAYO5JZdbzKPmweiRV4G/WG20

 kb2U3BvXoRTN2de03ADjyu1Sch/qM+DXTAaDWHhmYZriUqtc2HjyiGNEMoJhtGgzcohE4Lwd75

 uDQv6s3qhNzs6p6ME2mF5auoD31G/1vvzi4T/++NfJp7tWi31pcv76pZcmpxfgA6fElT7Zf/Lk

 4e7eTjKeyORzpLIprzAjaHtnM5PJwH/gD5IaNzNSVAqEOkBmNPlL7xoEhhJ1iuuMARs4ae93kn

 ZifKzw0UpYyVpKiV4dDQU6rUbx5Cjo9SfX12DwAJpZVQ92156/ev1iLZcwe3zx1EGVU6Kz1oeG

 YOz80X5lbGYM+vFWqVjNpt122+NPPoQzim5Zg4YEK+q2T3ZYPD4JPYYYEqGGxGMib8SwKPC8ZK

 qhd6iVYDkNh/ybjx/PjAVbpTxVMjfJHHBeWn09nRQEKgTzJGkF6tbikbCxZPM9LhcpmOOdndj0

 pAV1CS6v25cBjQLXFTssIiiqQ0w3IYQ0xTSZ1EOFsg+wI+R0Jo8OsBIOn48XEt5VYSOsiwsGsx

 8HRnIl4s1wTDhBMrdBZ7LUyChNXb9ZqVRmpqfzmQzfeL3u3/3DP4CKnQbc259/prE5LZFZ/I0G

 To5WA0cVw9dszCBymY8frjq8Lt+Id+PLz0ylpLqczZ4wb6JT290qHu4HRmK+YEjvdJXKFah2aJ

 Gjv4TBVimZUtGdCUdGRqLldBpwBgY8fZIgjQlIjxQly0tPDA8cHQ2Dtzw5iVcrebS1JDwkXy0H

 HiONPKJj0FvMOyfvguRbHD6TzSsUOfAqUHtHH0jMTKVaxiCgH4ipUbXqVhVCXPLxKAzKHqLPsK

 RdDjN8ojSXim9J+vfSm18/2Nos7O+StaWID7UuepTzaLZJbhlnUewJSDqUCnlyLA6ofRIYlHsE

 /FRGjDEtuP3UtDB5jIjnXbINiNwLO8wh5s2i+tlb5JAhvIqhVhAvSCt5Y6xwo1RAGsEuGegd11

 vZf3Ay3DBPJCaU9wl0QQ1ksnC8QczREyyphfqNmwFYKubDlHdWV3Dh4Pfi0XDU5R38i+0RQeI8

 YHYMZ19+xRGLXTt/PhAMHB2d/uS/vk9YNDcz/vqVc0sXFibC5EkCsM9RnKErG59TmhxxmFApGh

 2JQXQqx5uGPDzHTDqdTWfRUnAqkQBjgiqLBGm7x+ciJYkjQCqHUhaPgPfEFEtRcdB6kreX+0Ep

 SRsmoGwyoA3kr1qhVzmXSQGSObM4/8VHt4KxGOWcVl87v7CIsWEeOMswOj6TTxWQRMYdp1kxxk

 9226v3blM5xdlmldlBl9UhXPN8YUnJ9UqnjUtZfiI48W8ZWsS8aAwBjOkjY6MHm3s2hh73yEnX

 yU5Bt0jto5rLAofHhZaqBIeUzaMnj9IRlCywfjnsCBsupN3lEsyGUKDB1EdWhWdjz1BWbJYYYs

 m/0lGG5ZDzQEwFTy2pDNvK8hNSS/je2HOWtVsr40IzWEHxxiX/IToO90mm4eIwaUiMkyg1BWUq

 3LBYLII+/9Z336HEinomzuJtaCYCG36Lq8Ppg7ywVS57Yz53bGz64lxi5f5RaavXqAUnJ+LpZD

 mdGlarkP+6I+HdtaeFdHz86rWFufmBxXaS3C0DCapVx3xhyFfTh3tP793v5LLJw1MOuQQYvUb2

 uGALhn0OB4E6HgFLCp4RoCwTwXk8sr34YZwbnh/ZYGV5I1xw5XwZoeJfo9ku4QX7xYtIX4lc4I

 3K0vEHepJ4h2fm7zEDiJww7sDAJh0aIlwssLxSVGQfglirk3YcfVfZck4rCGe2tttqcCmqH2we

 0R4XRfA4x/SJIMB8KLgnmB9xKLgMWRrwJxSxIUQXCSWNwy2x6/KvAtBCmwgcSzIasi/y0dJvSC

 dXmenRsAtYzbZgMN8oF+MHPruDCYxkuejSxFYpp0CWAjzRQNMx2Yw6k72nsWEcGMUTikX2V1av

 XL+Wp3Wl3kREeTQeDqcBclrheyIW5dNVWv/otDcU3Xmy+t3LVybHx5OpzPqz56/cuExzC1lOJ4

 /Y7ZTyp8nN7ez20dHBHi1kvUpezgMoX5AEINbZCUEmQaOJF8WDEwRIeiGdzhC5uJxAPHhETb3R

 cjhsXpstEA0Vs4XESZLpKtT54Xhhr2A1I1nD8/APq0co01XV6LAt5LM6eA738yAtGrnciD/y93

 /xb//oz/509eHt2De/dfbslWZBB1UNHH7EMs8fPnnn978JBsNusiR3d5mwA3IQq4fCEzYok9E2

 sEOZCOqGKBWedvijUBicEImCWpTAxTHgOjgJNIGPT43BCWV3ChsOa8d+CxMkITQnCwyI2EiEj7

 1k6iCv0BBe4+NNLc5vP3vm8rmJSnhucP+4aWTReLEcLeUkKlstqoM6qKhgrtHrMWLSaCXnaNxZ

 frp0+TKLwHHhDfQAMTYKaK5soNyi/AHNiHJmWGmNbv8kPjk2ks5mdCaT06+/dvNNgmniLAacIr

 Fahk3iCInzSrqInelRKOzlchat+eKFhfgnPzJ3XCGvt7G3o8rn/+jrX3/z6994/PTx3Sf3j05P

 U8e7x4er6x7v1NLlyIUrIbv59KiS3TuyTcTq2ezx0xUSV5PT0/Pz88IECHDSaHz6bDl3tKPxRR

 iiVYM0i9It2yxMfCoskqSNlXS8GFUsT09byuRYUPAJBjoqIdkRXCSNBk0eDwXGWHmyjjB+4sgo

 GSQ2CwUoKWIGmkEnjf/KDCRcAC6GGRaxpK1CrQ6MRBFg9JY0CkP63G9aDNC8t4Z6G3uPDmDpSW

 HSxU5YTygIYBmnvV9oCHCuwZ7xNKJne/BlVCoSO8uMEpaQz0Mxy7FBBgCscUMAXdhcZB3LKNNh

 2B+twiw1aLp06sDERK2YrhaTlvKkzyM4nzK02kYLQi61LxSZ1lrt1h2GodHuKTbUbsZFcigG/d

 2V1TO0cIPNaHfoKqOKJEkTPHzmqrJGOAZOt9MVBEW4vLz9nffeunzjJSZLdhuNt9++CRokubsf

 39h59mQZDzyxt1GvlNBEuHOslTihmFFOFf/xoDwc2gagDw/FoE2qlwYD5hdARqVa29vd5RSS0M

 YpZdcwBmab0eGxM0Q2kWCwSMID/NVspHaCmyJnXEkOkZ1XoTIhgtXqTp49OTs/f3x4AO7nxs33

 7t/+KHHxkiuXO97ZhKT6xs1XE0dbadiIHJ7lrY2DrVVoXzvF1uHqNiR/RjWtH5IcxKBhAJxOJy

 5TsVahJQ3vtw36BceEMyPDHwD/SakfY4ibwEyTUMj35GhHYEeybZzQOg8JppK4dAjwm/iFtkRh

 w5ISIHlRkHogltwhb3A0vP3kCTXLkYkJ3G8kTpwLPlG2nE2QZxS3W0JCKY9zHvgNHiim9P8n6j

 5jLE2z+7BXuHWrbg6Vc6fqOGEnbpjZNMvM5ZJciUHBAi1RkAUD9gcbhj/YlgQINuAPkgHbMixB

 kiXAkGzJErWkuEsuyQ0zs5O6J/SEzl1dXTnfVPdW3Ur+ndtruba3p6r63ve+7/M8J/3POf8zND

 754NPPzpw7oygIn5GFRT9ou3FLOM3ebjHdj52PYsgASvp6R556Cev34soarPzZl1/8xi//vGYD

 V6TIf/KDH6vGSAxNS2qjMG6pZLLG0rIHB6XTw3J/110cW4uPuOMX5y4KfrZ3d27fuzMyNPKlr7

 76/MsvTExM0naVWvWjT28tLazubexcODcze27q1o2b8zdu+PBXvvyVuQsXGU24P43kXJcHBxce

 P9a9oV0BXUhld1uOEd4Rj8hYRbG0PJ+S14hzt5ZXm3hxGev+mE4fXKfxYB2F4zlD8Xtfx7JZOL

 aUqRBzUohN4220+yZ8ymHoSGo4mER9BDzJNOu5V16ZunjpnR//2Dzk071qt4KYSK5Bvk7zxSHn

 Nu6Ez9BsCna48VGpoSJa6YIiTKXn0ZcH07Xz3uVLA2gKMOaNHQfYXYQtjhjRCygXEfhPgxv6BW

 pteIv/yhaeAuohK7XdLSdsID8ohjxIFz1kvJMoUQpGlR9UB5Pdhve1djc1gDmE6tjMaqJrAOcL

 8w8Rt1BnXo7wugUp0lOTLYyPjmn613T627/7l3/hN351Z2MDV7OJZ5++fePf/y//++//g3/43v

 f+aP3BXZFCsDZ1IGROQae5jcx2Ppyq6fC2OVWeI54FuQeOmPIgD9/Tqc6fm5sbSPevLa+uRV++

 /k6lYHwZ/0vEsGJ9LwapHcacVP4wvMcWcKFjszs7zgFkjUWrQ7liXW/jQN/9hcdTM9P9ycy9R/

 PpsUn8AtrXbaOSPlkZUnGU4m5037x+Q7edqZxokgJylH+OOdXAEJURWn3AAhgLcZ/Rax27SJyk

 Xq24Phkt1vW69p6VxQV3K7chWO9VX3h8ahavWkHBp33teGuBf9lWJ5jX4bA5W2LUjcVltQAmd0

 fTNUyF2xamhdwRXv/3U7A1UxY+2wM7MxZY4WNPNiu/oyS+VC5FAS+SqUZj9eGCCMJBUmkbOjPM

 fhwB+I5Ct97pl19BJhuoTGLgl3/r24WhclOI2NO7+eDem2++MWAK/dhMsjzu7BsaSIh8pGTTwG

 njbH8bG9Dqg/vC983NDbf2wQcfEde7d+9++uknWxtb41Njzz77wte++rXL5+aocyRde0sb6f32

 yq3bB7XWL/zcr+TzBeziD+cfLy6tLS2ub29yb5LKyPc2NsWjeCWOKtUy6KVPEMuRiZ4YsSWQDu

 BTl9Tf3Imukf70AJyW9BLYUGtRJdXxMe1GfFk+9iKBfTLgphPmUkGNNhMkZoIfoLY9EMF55HDN

 kdrlS1/85q/Vjvs++uj9o72tkwr2c6PJo+TTAtJ5ELFIAAWvl5nLx4GPPbH4jp4wWhXKPl8rdi

 hEzOF2/KMvsC8ojZDydOJh2EfoLAsaSaGQiLDrakxxm9ipiOFD+3hRNiVTdljd2jruSfePziQx

 2Pcct/hfdj7YMaIKTcEq9G1t6SM5KIQnvNrRUhF32WChjNQQzxRAXLHmUSItdBouTyhLiBLx45

 O//p/9Jy996fOV1d0773/29h/+yb/7X//R/XffH0qnrz77OTHnYDG9u7veru0oC9TrYPiGxfTB

 cRaVwVA+HaMQmipOVpAXEAmFwHXjpwW8aZWn3ZOzk+WRQeHuo4UFLBml0iCWyz11mnxXZSGjw9

 s7VTLs+UWPHYsOnbAjcUw9vlz01rZ5fP2FTGpz72R/j5Y8nrlw7uHbP3ru2Wc/u3ljuJxv15ZT

 sOaD+tL6Mq7z+uZqffFOrleC+EgeUt0iw8O/cwysOrPGboUeg027405bCrMEl+oR7yhxA2rE0j

 pHifXlTUonSpL6k1IMyhu5dSkc/12HydN9YG7AJ2F9FQtB7SQ1DthHeNf8rXs+xiARpT58taTM

 oXINKpsV7JxKz+g5oQlOVaBTatdQkXcdZ/v71hcXJ6Yn+afUuqEnG4tL0ckISLLEgYUFvkPwTa

 zhYCTcVbVqaPrY7Jlz1z73TK1S4QR5s5FTRwrDZW6iIzlCb7FBFBAm0qdH6HbVmsKYe1XN5jKZ

 q88+vfDoMd2wvrKmYINSjG7mleWhiXEJ/dHhkb/wm79x/d13VxYWFu4+3FpZf+21X8C+8Nb1tz

 bRKUQJl/8lbOrNd6/jv8ZvsL66rtN49uxcqi+JQXhPJ2AH4LUo0jJGWmytwAOjPiH0vu0g1OFf

 MAW+Ot+EfyLqV5Qi/exksL1k21ZG9U/HKwqNaO0o/q6o7vQTNxo/bmniwqXrNzEH9Gnx6sZoja

 uuG3WvaS0JmjVfCvoRshhN4qp9C/l+xZSSlrlce0cCiVSG7DkarkioSfVho+E6MXM5IqqoJI27

 7Zx6v7ArgYQ9EYZQsk8u4Ya6zJyV18qUBxPb9X12uLU3kBioq4uOV3skG+8U9EKNCnyllIRzd6

 3RyCb7ZIPHx8Y+eO+9fjgwde0A2a2exFBhFDJgSKCF/Kv/6d84d3nu3T9748/+7Xc/evvdXDY9

 OjI4dWZmdnrGQMMHn7z/+PbHla3N46Zjyjh2+BzopECwPF2oR2vt+YBkCouU1gSjpoKF2r7Mww

 4Gq2pNHRXY8uzZM59/9aW7t+7oePvwg5tXnroCiN9Ge9jT2zhpTU6NrS1JGh16lwx86AiGPRbR

 vjHk8QkLy6tPz53darWNNl9cfjyxvor2wNi07ZVHwxNTHF3pDkmE3lxm9eH943ZD4xxwLUlmLB

 NF4DZjJirIpz8YbvsS+YGy9Qc+qgNkoG1UR2jDn/WkXoBJkwYyNSIaUMSijT1uliOE+t+T0rEh

 SmFO2VaAc0t7CB9NmofHxQoqhpv/7O7I+Kh0mtNgsWIPOuijy4UFfqL9/LLjqXlGykTDHJ6zxc

 WFmE01Pm5mLf/OqYvXxNGNEkRXorddg2S6ZsI89Kkz5yzSS69+AbZKdsPHaLWWFhbcrVWwmOjb

 IzJzCe87bEW50JFJtPvLDxfOzF340ldeHZ2ZfOkrX/oLv/OXVUpcf+fdd3/yjpp+LGQmEuFqaD

 f2qxvVM2fOlXOFn/wENnhkTsqP3/ghoCw3MjYyNVWcmVUce1Qx0OmA3ahsrIvdWuvrFunqM896

 VLfhtrgAFpHGCZIQR0xZ2YH+DTWVwJZI6NipOFghqPzWON7hUwVUwDiEfY2KC42q4Ktmw3kUnM

 Zq9na1NKB7m0xSV/rKuQtKlObn73oBVXaKR6ZRAWAfqHlyUc09EL7AcCALCYBzpXdD+ZeF5hhC

 gI0diE+1yrFYkfxUotTDxUJZmimhSImd72gdu+/QEAMQG4GOuw+ln2SanAmbpWMjVhprV7qQmT

 hTX17a31nrLc2x5DSBwumO78BY9bZ7DE3MJpI5sYDmSZXkHqowOJjOF1YXlwpa1aCA4b0BGlKg

 Q1yQv/0Xf+vyhfP/8H/4+2/90Z/Ra6Njw2qAPv+lly4/+/THb777g3/zL6qba4PlHOvjntlDbr

 lCvVA6zrpbdd/WuovPnCRlEqJcy2azJWE0kCmQaZ4IP8FHIoK9sbFVKuZHRoflbpbmF25/ehtl

 z1ApD+Y4aB0pVpyaGodH4lGCSAdbaRzPkA7fIKn2N+ZKGORgsn/XPMiu00ef3ZRBaFXXuhrbp5

 XFwoAS2T1B6cTgmTsrK+29ammyxOEkI2HuQvuTAbi3eUbqwlBtMcF9AD/PouQgjH3Ue1DkIWkB

 EbvtyHTAldKNrUp5dDhpJqhQP0zoEevN8EbVpB1zJvjRqq5aqNzUOdoKgc3x+Svnb3/wyd0Pb1

 586iqec4W61GgUhLG4hN4DEr4AwlwiXEHJzLhVT1pvGIN+79atiYkJEwRF6cpI6qI86YmTmJsd

 6+8HyTGlT5j10Ywk+jPKDM9cubJTa6ahidIkTdNPt2RfVS1kEkcDlOoxroJDUoJ5zclPHhyvbl

 WUs/7Mr/x85bD96MMboDaVc6T067/yS3/uL/4W+b/+1ruv//DH77/+9qPyvZ/5mV/A7AzUUcoj

 N/DGW29IjVz72V+afe7FreZJxWhS/MGp7FF9N50upmcvVlce74O1V9fm5x8Mz51lWTw0h4EB2N

 3e0CkjpPMohFMNXjdkhvsZpf5R5GZx9UiqHwzHNo4QIenqV/9tYdVKBf50iDjWLlh9awBGdvxk

 Jvw7ATj7zPPYITfm73f19w8PZFojUxv1Xc16DmxBX7UO/b26qFsU2K8ar1XD2lUShPfkmHxcvZ

 WdanfTkLSgVo44h52UzTAt8qDVc4gXXbdM9GRJZtsvX+EaOKvhE3kGf5w0gIv/9RzqXmTzVdse

 tfukPJbaza2FxMSM2M2V69AqUu509ydb3ccp+1w+d7B8byw/okGu3Xu4UalNnD23U9njg+BBNn

 vBgJMovj3puToz84uvfeUf/Ld/56N33h8qFc1Jf+ErL/3W7/6VzWrjn/6Tf9m1+XgU16yBvYuP

 dCbh6IkOQTcfxp6/78x1grEgVKYbTw2X5mGG6pH/gJrCY/oSo+PjOLTu3blbq+44hVWFQJu7PM

 PR4SHpLFVxEjAaYo8O6rLBG2sOWyoj0VpTCcy3Dy8pHs3/RUVRwwC+a41mezfWlrFJ4Rw2n/pw

 89Ph08rZ3tVGT2/z4FC7VrZWm0plIaRZgTYUgO8IHwyeILWziiwjQyURofVEqQ/XN9KAYlcdTs

 JQxj4CBAXTFoxo8GCDobK+W+8z/WOAud5Di0ETsm+xcxGZ0bSIifVnE2ZOLU64DqbNtQ7Povzw

 waOhYaw9UEST3BsUNr81HGaf23m0jsUJgmHr6NMpSNctZvNLjx7VNrb7eF5yhKk0kuRcQruUIr

 gBN3wYpQQURfTk9T79zd9gNH7u279aLhQiFDnFgZMwdfrN7/y+Gon8+HR++oIqPHySMHFiQ5UV

 uvYL3Ucrn3zQ2lm59vznmHiebTGGC+srPngwP4+RIJ/Nfukrr3z9539m9uwZE8TffP11lhNx6c

 b6apyCfPGLv/qbF7/y9Y1mV3vA2IyR1MiU+VpI5PuLZTWS2mIFA/tG+mxsRfdMIUfXgbkaW1tm

 fioPpYQoVMsYzrMVZ9RgVGHuPITsvBWBxwKAY+8BnAGRhk+rGUKqugaEtAJOiEDD/w1GY5ywzM

 hoffEXf3lpbfXBrU8E3DBd/pbWAjNow1XHkifapGnzRdwxFDbBjokqR1rb8s43L0qUjlSH0LoH

 2+FTfXGu4Fh9KVRVCXrYVXxouAT0C2A/XkImBMCdAF+tvH8Vs8rcCo4FDVSLPHZ1p13ZxRSRyJ

 ppjp/HM8VBCvcb5UCiJ318VFmal5JBuS+7EaVO+/tTZ6bv37qXLhiEkj5GPZbJtfaa//Ff/ct/

 8Ht/cP3t93RfWLL/4m/9V9/6rV9//Udvvf7W++cunIW4fvaTN9bnH+Cv2Nxc50SEXeLFuMnOV6

 QD/HEQ1aQjO5Qj2ldfrIrRnfaOjI0NDg0299tGVp4FqEaDxzb2Z0Rf9ZqcvTIpmbZe3xeLeWLF

 x4Mg7rcOxoYGpe6ZbhsTohXGKSxUFNFoZkr2z46MPFxdhn4lWsDCwzOX5ta2KtMzEzBFDSkLG5

 hx9THlmtvrdcmk4bJIPd5JjQZpDCTB+Nw2TxVjbvhdMrSOSgcQsgvhr3UeU4RPLkyUw3AOxNIy

 PTE5oRAGOdHK0mNCa4iRO2SmqQcSGHoh8rpSEcyxd0OJAC7hpWHY39mqQEm0XXKSbXagXhH22N

 44Hf7iG7PFT9SBmxVS7Wu0xHq7uTE9PWuFsaasr67lkD1oBEDezDWLzLtVoT6opqdeePHVL567

 fNGSBClO77GOk7XFxR98/09UoPWPTaZn5k5M9j5udbWrwRh8clQ+baRatdtv/NHK40V+C3QLtO

 OoAetpLDXs6m5qjdrDh/PtagsmOToycuPGByYbIfBbfvhYOdGFb//OxCuvrTZPugfHilOTWCM9

 kXln5rAYJnoykO86BkS3TrMmHNXru1sOWaFUPEG0trkhMIoS6khnx5gVzsUBiN/aWUvFVTCqiG

 e0XGLnin1zZW5rWDzrjNo2QMtI9FtJyx2RqrCgx0TAvqMUVTJ66eUXPrv+LtBFR4sinWLiGPfM

 SW1Pnz6HWCe3ltC+fD4m7oEy+EbqriJeCip4QYauBmLj1xIDYatih+IzArvq5d4m8Zjo8iQPtp

 h1iJS9V6jgtfdOrYuQ1ji4Skv66Wbxjoy0QMaj7m9vyWQMaMBODmBmibeFT+5xXbov3W5uLz+S

 puxHItUjDNpXraAJUpJ8faOaL45oS987PL5oSFZx+Dv/7g9Z10uXLvw3/+N/P3du6v03fjKkiC

 fV/b1/9k8++uEPWxV1EbhUDi2aTwxF03GZPYg7c84dnfhSLtrXm81ZPB+j0qu7Xq2tr60rbNS8

 DU6T3tSfMDhYRpm4vbFFKOUUdjb1V/TS1ZXd6vBQaXN9S5ccj9gI6LHhsm9khu2mpQsJjixolJ

 6UcqbNl1eXljQbQMEGTk/Pj4+2eg8uz46YS+Q9S7v1ZnfaFHJZwcbGamlsJmitAtMMXR84i1yi

 g2GZDzGxkbSAHzwXRejOw53pyA81T9Z8ZnU7CqHRoA+NDYmdOe27mzXsjnKNIOIDfI+Nvaihja

 yDEvJAksNRJNvHGI6hSweaXTwjrYSQLJfPUu6eqLOGkVfquNAWVtUvRePYRmYpbuH4WFs0fqvx

 IQ1FhsJVV1Y3dMIpoSO9DglzBaCBK6ucT8xdu3Th6iWCUEPtncYbeqKSjhpsWiPsBOGmCvz4aG

 C6dt9h3XRwteG7O9tIDBjeG2+9447FCjrORidGJ6YmxkbHml6vUTKTMpBs/u6Dj25+BC3YAiau

 f9BfGJz7jb/YGJ+umIpWHobrOyigWU49xL7ZixFqSSo9nR/BWto/2+orDTbu3dxeWbn7fpUNEY

 h4PSofZsH62xTfUCv8Vctgq5CUC5h9wzQcnDSIjUJr23Tc1NIg+7sPzBC7OoCxfE6Jr3AKoVdl

 OOjI7BS74pQkjhs9zYN6T1/mRFtZplUeUg8MsfZBwnVgg9Iyzl4nidXf3d7TDiWEoKqJE2y8tr

 0dF3bouUoW3Zba40a9N2UCS4zMCjEIhtFAFmFAvgtgLeTWP6lLMClbyIMoT+Y2Ws8oRfX6A+Xh

 dr1yuLM+EJ3J3hLRfbDud5kw1i4pSC2WTg6CJcOmiZ7YGZWF5g9t1fYbu3sn5aS2sEuXn37zjb

 dNQvr2r3/rb/zNv+oU1nZ3X/36V/75P/jf/unf/3uMTlKIHT69w6hCKDyfOFcde+uhKE1BsbPK

 0GuQlkkdkCigntR8c2GCJ7xneXnp7q3bgN/BwcGUVlt0wtz+clatbmVbwrO/aV61w9jdpVRLjd

 fqyhoy92pN65TJZunqUZ0M0Q+sFV0WMtHdReBxKhHskGtFYKzaUXs8cXK+mNnbPnkcFJyHtVYz

 NTRRnDq7ff8zosvJ8lofE6Kq24r/yM8CaMkWNSqhgET4IhHL3aeEW3TFmQtAJWCXpEMiUhEZH6

 vn1d2obn+vdjB8ZuTZZ58Rr2h69XuPJmeIEUXwryGBjXd/NHhveGDH+rGGh4bUtIixLIXHAc16

 ZWxzgDMWNeLtsMnxPTj1pz0PlC80a/7hw9JzJbV17DVdAGfxGk/FWvIpTjThS+x97oXnOdncgy

 fBmkKgaK5pNUXxLIE+CdZOTXl4B65g9ooYp+tw/s7NL33j1StXr2w+Wv3g/Q8/u3vn8cP5O599

 ltP7MDo2MTU9MoqivnioBRBI0NFz7hJq+9LP/tZxsVyvw0hnelLpyCQmevcPGw8fbjhJUu2DM1

 d7GztMZc9pI33a0laSm5temX+49uD+5uICQTfmdtiAWeWK0nmwhM5yi8ApNi4FCYuFiPGtiF0j

 zmw16h6BbotGopA/o6UZFr+IoxDmyxvdmwXt6dX8iiZG7KAuQ1WnnZUGpCLpGh7h8UGd2CvLog

 usujdHEjiwPWFvQzi1s70l3nPK/d6Txac4QqE/kA7gJeX8txKaisMzQIujxBIQZwAtOyuGhxR2

 JN7HRkuSPbWdRNRm8+pU0qRTg8P6v/Y3lhLDUyepopdLUnhBPHoc6mR/sbD3aIODb4P5pWJSCA

 c4+MrzL9796APF1WPTs6K9u/fvTCtW/52/Qp0xj3j9/+5/+V9/7//518abc8g7dxyr4vTHufLl

 MdwxVzViYNEhnwmMrdRXBlT+NaBjzaEArFJ5kLV2V6E+enp3t7faCocDRIrheMODhb3WYX2v6d

 2smHO7sb7N8Js7K5LEhbq6tGxBocodVDE+Oz43/pC9buQYoHKJfLiCedyE5+lz47Xl9dTAILkM

 q0m5sLbI1Cw5r/iJSgwP3OOEmQ2IhPaku4NEyXkI3edER7AlFnMOiJ0XkHlkltCHzhfqLywCHR

 84vOuHDx4o+8U/5ZraOOks74PPlYtlkY4LhGnByhmzTXzflbybWF1ehRRMTE+YTCxGoAHjIxjH

 eMT42M4nC7qO45889elJSn/o+roTFcUkHYc8/OdYCWpfNtogscBTEjv7e/1Dg9Wt9SJkBLRz0m

 6aiFNd16iSTfQVsoMDDBtlhpjZ/L5Qmv1Hm4+6muu1g/H784+Gs7lf/Y1f+42BPoO+H96f//jG

 x/fu3X/4yYORESmk8Z5nnl+4dVtTgb1nI59/5Rd7syML1ZP8ubnjVCHN05N0qDc+uf3IDL25uS

 vamlHXk0mTKaLr60hqAcFnofz006MXL7XmH37wox+loyLiRF81cRXPw+E8k92KckmHuGNUaYUo

 zJDBQfjQkzA8YHe7AtlWxZEwnDpK0UKgIVh2NNIxQGYVSr39hbGJtY1t03wGOEZd3Tq7mtkU4t

 x0OdOs7J5sBq7qs5RMinnUWWf6c63+dHsANdqum6gcHRdLRQdWdQmUjA0LKe/IAN17ctBItDPH

 zf4oe7YiuvqUl8U0qcYRmjV1F6bdkrrDAciylCAeWWE92eRYxGha+O7ImBCgvrKU2103EOFgoK

 Cxg70N4oLTrqrxpMMT9ccPTMzI8c+RGApDBkwDbbW3d0YvXX147/bY6JT92U0m/qPf/uY4VNd8

 nI9u/v2//Xc++PGPEK5R0iGnEZaHgxnF06wx0kEgArCPPIdYBLG+P5SNxkBirPA0TqB6xIP2ij

 6h2IKukcHS4+XVkIf9HrMsZckgIA57ilj0DZhi6zWOr0Y50+FVXFa3K/TaYHyzY3E4mvzYkHwq

 uytaULrqNfQAT09P311Z7m3uj+PdP2hcmHnuT99+6/JLk+/c2exJDh0nzE/TZ9Z7iFMe00MPI6

 Q0NZBK2+CKIRx0ENEN03qqAymqvgwKVB3NKfV4SNvE5IF2tTFbUEqRsyEr5oWhusYyuYfPK/pB

 OXgernWyT6T5I7xOa0D4xdnCoGK4WnKx7EoPWyayAL/n5PRzBSyZDlEn4LYANEogM2FDaGC/P7

 ALvSgJHV+cAPdu3b50+VpgTzR6TLeK4vvefmfypMGVpK8MyzaVw8AxsZPDHCohihGjkxOWazvp

 EPKuetjNkRmc2bsrS8wWD0r5dPdBu1KpBtadzXz+8y99/ZUvY2N6//33//0f/tGnn9462K3yoz

 d2UYUcCmHGnnrujZ2N6YvTyVx2IJu2r9s7Jt005uYu4HDAdUgr8/oQSrdbuzyd5jHGpWNcHqf1

 qqpADOLXvviFG3/8px6BF03BOn+gnDC/TpyZWHuWpmNQyZmiiCgFTUwMj1L5wCc3bF9IBM61AB

 xB95LqMbqqY4ztgl7QoeEHDx44gASJheRQRcEUQVQmVxxq1XeOq2Zw9kQgbZJ6MlpooFM8Fu+l

 IIgaKtiIhZkB5z10aVw8vnN+eNF7SsfSEhXxI55tlLpK8WgVCx+y7oWegC8XMAYdzovtCBWbEW

 YcItmv62V9tb6xVCoOOWJOD1RZLZgT6XOSuSJ3NtQBkJ7BceAO2wO5sr4/z3f22lOpQv7ezY9m

 psa+9dUvond944//6H/+W3/7kxs3OA6quJ8M3XYPbC8kuZNvDBTdpeJss8DmyGpaFO5T6ZGGQx

 bGNYk5WHzr6DrqT6IAthGm7aR5WIZs1Oo2GubE6PUXk8JX79Vp6JyIYVjymP95YPBwWgYlW1TS

 nwaKWUJqOry+JzEwcvP9g/FC3vQQGI8P8rRDpUFXsOzHPWYbRT4WEvVkEUOddAxbiEh44REEWN

 zOZXkGfboHQ0NAjx0BvW5BEMhFCPiQNOpVkBojHboIGf6olOIntqIXwnVDu7i5SAGGvDha8Sk+

 ImQQchpr4XtuiE9wFFxsemb89q0Hi4+Xz15U2CpQ3dfGGMY0bje+XCFOABUZiGxcmxNXLg8qpk

 AKYiKshUJ0GuFAlFTx2lEY8IMGEhKZoDm9XT5aobzMsZMd9uxoX94r3WdEnfGbDb4ngThu7py0

 K/XaFr3Ue6TRxEe1yUDQ3+4d3TOpuR3Pc/HCzMhf+c3/61/+3vrC0pUrl2sYw0+OLzz3xU+XN4

 yrjUaBsoGXiZXtnZX1DZzAHAdN8PoVHHZK7/CgoTbOiJsupcQkSCFNIn/U3Tqt7oxMTs1du7q+

 uEzlo8fu7Up3D6QliEQUAg/6Em+mI+swBSrdVi6XW17fDKm2g2A2SQKzNjW2IVjBVOgr1vok2Z

 1qyLMMC1jKN2/8hIBibe83mweurLtQgUQ3UsUSpj0ED5qZ2vvBH4O3jrJLpfNHUcrL55ZiRIOz

 p/LU+jkIgVTEkQpIPFKIvlW4o4i53ujNGcZH/YY/BNamU0+6a3Ez3UY3HvR215AReY+jwQJTIC

 E9TqCsRWk4M1yrri0P7VeyKoCyE1E8mewPZ+PwJCMvmy3vby6dpobFXXvS3rZzr7ofI7hPm6ut

 ShtLfe9f+PVf2U8X/s2/+Nf/+O/87Y3VtXNnzm9vb1IulOYAKQ2pCXA2zlM8h2egSvwdfa2K+4

 hKJ+2tgVIoG8+oDl+NInxH07XDo8JUKKanj3LH2wblAak4x9t0PVC925wTpZTppgSDjhJuTr2B

 spI3VK/WhwfLBozSOJxa1e3gvhSoTFXG6ckXLl5ceLRQOj42QizXe/LzL1/9d2/+4NrsufVdoN

 EAMvfurDoqDNQa8ZpHjVpxGMGoKSo86oDh0Oows/xMDRMnB5EBi/jEA+BdVsnDm1PGqq0f6s4e

 cNThoLxo/87bp/R53RGjUkRRXhoAgYMXcgfeVtrRMZPsBv+/E6CFGFPVB1G9yopPTw4vmFObSY

 6Oj3HzU2KcuKILRHjH1gQwHkRp+j2Rn+LDwpvVlyyN31vdwcwr/1dFDxPDDzBsH+ZLJdjzM8+/

 oBVxr5AzfMRjRZE0feWWVAIcHTQ9qsqFo3b96FAJqF7p/YTtq+82GzsTo4OY6u0unSfZwSXwjD

 R34MK9vTg0OMbw+pGhoaq51d09+aFRf+5utJ567oJ506f9yc3V9cfLj59++XPQqL1qwy7qLuA8

 BDaFWa6L36RmUD5No0PUEnY391NEua/vwlOX1xaXIx8QI8D2hFaamBkqY1BUcdl4hOyjY+Pgik

 a9zlq6svoehTlsxd3bn5UxxeRyOxsqxhyJyLVIDIkdD/blB3JyIrubq+bNiH0HFNwo9goyHag9

 K3TSXxphh/ZWHgmMW/VGplimig2ulrw46N4hXvYBkQVxFeP5iZZx6r2GgWRZI2MV4rSX6El1Ed

 heJzbsllmADkH72CIQN7nGmP8HpOT20fYkxyLw8xwvOczABofGcFbsPp4vT08dtI39HYvIBlSh

 jMlIlsJIc33ZeYu39WpvNppbtkgz4F6yHAHChStG27/w+o9f/z/+u79VW1n61q//uYeffbyyMG

 +/gmckRmJofKdaOjnfAPbhCq4VXwE3YpCNjis+UP/k5JjtNhhpt4KJssnQigww1JDkjcaGLJGU

 BOTJFRQeaw909BW6y9FDGbiIBAp4b0QPS0gv+H6/BtRvwC9h0aHb4KOkVy7wuGtuZGh6sHjzvR

 vnh0dRvr700lNLiw8Nannmtd+qLO6uGBVFmx6Tn766DjaZ542ViZFzPHyEZhoa+OKeIiKE+CsU

 E+AwUDKekG5Tzwo7BBgYDOTE2Bg7xywHVqfLVeIimCt9RFSiBTJ/3EPAA+bgNNvV4CrovIWIk0

 plNiEJgdGEXuiFC4uqcpmBx48WeFHjOC0YdKEc3hirypgC2cCZyCfiGRIHJ/AS7l9PUwm/gD+f

 Kl+aGhueHT173qT75PHxvc9uaxRdun87Yvd4oLhb2sUdcr2Pt1eWXdeeWWAzxAG6SOFO2ioa9/

 YrFadRbwQMKZSHNlpF2M5ZFAOCgfqDTqPRwhrLOZ7I5TfWN9iGM89+YXtjderCF3BQ88nld2/f

 voUQj/HAwZ9LGUFq9cNG8SukVZTgYR3olr7mUihQleFVkqseaD/61y9cu/TJ9ffLo0WehrJNji

 jUfGp66uGDhzwNYuz82xGjIbh0HRTqGLGuM8E/A2YOl0uKE3wKoL99uk/6T45QVQxMjI42lUpq

 7wRfWT1KO4i8Vbyq8lDBEd6yNPX+zjpjgjntsLwnYeOp+9N5kbDmhidem5uMAxEyRYg8U0iwJQ

 4ZiDk9B9QdRobupJEOFtnJs54ItwZPDuvhCHtPrP0T78p/4hKUGg2pwwZ/fZ8ApJCvrSxnRka7

 +9T6IQ8I309usN7bVZ46s3r3Q9d0D2FJ4ymOcT33RKiB3q37haef5v//6F/9i+215V/95rcajd

 ri4mPHQFAJBpG/5dh1DnQcbXcYmS0n2gWZHRq9i36PomjcLpVqLpMacL4Ft2m0eLTFHq44K0rM

 FWbtq6fk7qoIck1fThvFhHVUIkbBrHuzCxYwldKPacKgu8DyoUlIJ2WKqFs0aqvgQB+fvHjl4v

 Jnt8vHBxNjFNH48PDg//l733n5z3+72mrf3q1tGyZydFrMwUd6lAMPT59dW7i3vVMbGsyfCAfD

 1MaihjMddxJ//dTL9j2FIkGgucl4OlaELMbOxTskU4SHcU5ws3XkPxYkgDA4qP9qP3viVwdiZs

 dVKJqg6rnkPFwpctreFZ0wPe3W8dBgcXF1/eH9+Yw0USolTUeHhFKAlfLXAnpAMGzmPH0RKets

 aejKU8+UJ6fy0zNZDUW5YZgbjof6whKrk0olF+7fUoeHSIWeMPsi6I7IoAiM2+0ExWB11uSkkV

 L2G+MFT5zR9m7MznIKqSzSJlJ2JvkTdE5Xv5JyNqKnaXbzdnVnt5rtSeCbaqXLXcWza71944N9

 XcpLT9ufffzp7NU5puvu/QUaMdebjn4F422E4m3DYBTGnHTlsoaZQiNBDLt7ovfUSP4UQ3SrNz

 l0/kJ+YdFhkXtUYtdtJkMaMsIHPzxFDWUUTtdBV0P+5ainLvkNS3RrPQYOAwyl46RoYTOOtZHD

 nCrrDrc7OD44f+aMkiNNgsgcPbCaDzNZmTx2sNk2wAg3FrKAZgZ768pS6I69praeKEVPKtIoHN

 SrugKtoM8NJEPwEzEBD1PJjN2NqZwsboxDauORU4xZUFXrQPNz+KRd7l8mpNVgE7QSS4N3d6eB

 LV2itT7D2aEaXKQuZJNYOHvzw4lKo7pVz82UumpL7eRF+2+DpCNpmWRpUJCkjEshCPuOrUCXLD

 vcfdIaGy0/e2XunT/4w4/feuPlV7/I8f3g7esaD0yEdbQdHW/xCBbSAXbeXVMkHIgfNqaAUQZK

 iE3FcWhGnxCs0vdQ3D5lL3IXTlVfJ9t6ojCD+2o6hyeRuxMPjw8NYa4w30Row2hI22RTGWhCUK

 VxJHieCuLkajtpGJ6RMDGP9Bvzmblh5XTBcNnd1c+9fFngf3Zu/M0/++HVF79QTeQerCzcbySV

 m/Z1t4dz2YOa+2jki4OlyXNbq8soeKwAD1ZCj4wRuxiDDO8MOtkoxXsirJHpbreOmkl5PsIEnH

 MExPiOv7FD69u7oR+oQvtpYZi66EoIZzXUIysqDiDQdBzLHghCfMWgMDaJH6suuNlUvECDFDJZ

 9Ytrj1fm5i4iWJGFsMRI24XbUbBihxoYSjQPpl78yqtPP/eyrc4MDSWLpWatfnMbue9m/3ajOF

 CUrp0o9Ezk+3tf/J3f7Xwc/+4kJVCCOuzuvP3d3281gqS73xjp0TG+umAcNZG5YXsbG1rGsr28

 kgjJPA+vkLHyt1uBvtPH9a1KvbG3trUd+3+MhWesODJzlM2nR8pYpu8/XPLms1fnllc3VjZ3h4

 qFJHqQSAiDNEOiIokQno2xSTyavqaQhri0deBGENCvKIpW6+naWlxUKoAai2s0WC479ZXdikCA

 j8lAEuKOeiMwYkiE4cmlhcVcPqdkF5oVOTiuiR4sNYBsUyIG8L36c7/0aP7eowf3WKscIxnvx5

 /Dk40r8LNZFbrAvZ4cNqHUekQwRTHykB3LsN+sOQSxCWJWms1Ouo2OV+PvULF+FWsWbo5EkwMS

 Bto3+iUifIh/wwnuUr4DmMOBvJ6hDr8E7hJuHWHqVCP0R/vEQbUSxV99wOrg5dXSuHe0r9Y1QQ

 /tbCCkkjIERYYV7lGOfVAcGZmaPfP800//87/3dxUZf+PLX3v7jR+PTYwbTcprcIaj9ttdhqvQ

 cQB8YNw5sFPlaqIvOCfy2GUkk7hRJg3JIZF50hiVz8bcqOeJjABt+8TQue/uqAyTykylarJHCd

 yoZSGbsMLqWsL+KFCJpBmVPTRYiFCCqMgC4kg4PhqSAw0AAEAASURBVCn19JwNiuj0C8/MbC0s

 TM5MupuJ2bGPbz2cOTfRXRx4486jnqk5I8DCGT3sGZkc3Vpbhvanc8VUrrS7+EDBvBqdsDBOtr

 MQzf0+0PEC3Ec20aNF0iv8xyBpiB3ifniJl4fFDl6XrY0dReGkIOjyiyauBHDBN4hlIrb+jlfa

 zBBr58qPcfIJt63EnNNshZjEj+G+G+tZ2624cmloqNKoW7QooRUxtvXCbHmZajmqYGt9Qxmi06

 UidXNtwyDYVOvoTHFoLFP66Pq79957+/FH15vb285Q+OjMYAf1DPC+Va01NnaL5RFF2I8//LAw

 obs9b7jD4ebWMQacdkuNKYUcp5RpIcaOTgTiOuzQZMbsdskwwyA7rPMxg3Tu3NzG4T7u6FRBnc

 3e+trKU6++0t5rb6ztFlL5YrZ4steMeR8sltZ9mry6DQ2i//HQ29FUIoV4MpEphB990K7J8Rz1

 FEdnk+nbtHxfGvZ+NDw8gsjaiIqARGIKckyDa+3VtBmKLKJwPfRT70AR1bGMV4Wdj0QrYgBKVg

 1mL87W6BhVgqZDVIzBI+DZ0LihmDql8LbApDrc0DaNvziwF00RzUoVVb9fK8xS2nHcxPcfQssE

 c8ZCaGUI3JIFDpEI5e3docLbLSGJoi5EeNGrp0ClU+6n3LLroE6WnDGke8FoqRIsoRUu4E0XEL

 1RSSTlJJve3+1qbi5ls5cOKit9g9MMJU6g+kl3sjiY3FwgY1rp4nT19fFLFWDxXGeHB+98/NHS

 /aWf+bmfvXv7weD49PL8fUrWmYQwwx/ovogS4yCTsfCE/cdPvrTmrFXrNE2uoGAx59TwFYTaeE

 KiMMgwB4GKaQ91/R5oKmShwyX2bs45Hzw7oBp3f2mtPlQopXyYWT/RkxhP5ANHB7ONPXEvGAkY

 ZhxkF8JNzkxRafxoupBodsUU7t2Z80OPH9+9/PT4Urv9w+sfl156pTU8sXm9YqqHAvWWGQzNeq

 o0qe2IO5EZmqzW28m8HgLWhYTGHlAQ9IUkLxgiRqt6DJz2fB8CJhPGraOz3LcSNwm1/YPONkYL

 jU3x/tCGntoqhfvPJwoPJS4cwQ/BdfTic6wIax3VHJ0eOG+Jt56eCg0oKLPLzU5H84g13YpRG7

 r3ZEC+/LWvI6NuHwGpj0guEPMH3/nO2PTMM195jS179PGtP/3o+sFeFehSGhIOP4eIxRGOTiM6

 1j1x1dj7VqV+tNcem5qZmZu7+fGd++9cf+pLLxRpuKPjxuZarrdd6trvwXFK5INnQnJDxzrDGX

 Ve0IuGPT7ldWxrUAYfOIKDo8NrmzVl2Bzyxbuf5aMdU/HNFs6FM1NTkb6FUcDWTqqJ7uZWrfLy

 ZHlbVrC7b2Jyksu1u2G8SQV5WrIk39qQ1JLdtMvu8M7tO2N9w/hRRkZGTWw63WXC5B7QXIK/YM

 hdymUYn/FyuXGKFa1NBxSz5UpVUuqgB/W7MJjihJwdHpkjofRSB393rc4P4Et4JlBE7HtEk8HM

 LkqLzIbsb+ksRozm2iNn9nRwzHPJa5kJcrCzScU4k5DY8DsjlKJb7WhIQRjgCL06kZgq3DZOso

 whA7hkJWaYeC/oGUhH+/OBCTsk48jBUwDO+gVcyd+BrTsuzGH3EST/0ETQ5RVd+er0uvZrqe48

 koiGWLgwc5BaErqP5TIObqv36NILUbK+ff/2+Ne/8uPvfT8zMDJx/qmFg8/4whubb9s5ro4QJq

 S3c88dAXb7nXwJqfY/KWkFYfpyS1kpH09zchjMUvYYgTboiPU2tz2PGmpGBiQRbMaREQGCyZi0

 NSrmc5l6HS4e0ACmJP/Ipu9VWfE2UFpeA194IZurNlpqdHjVw/xZmLi6bx1Ke00zQpjWkZH97F

 Rpaa/yhx+uHHalJ6em59erSMspRD05jRaXKt2dGRZKsKD9I3Mrdz9BRoFYW5tKKCLelnPitAcj

 kCa7GqaVAlkVqUT2J2SSEwtJUZSiEA5mSQSjAXsfPUD0hIdl1oDUkXZP13ElwvoCPSjn0AGdv4

 LOLj6PEmXUwkw7SCRIWhqTRD6ndKq5srw0LbSzp+3Waz/7M2oz9EPJ/gGcOYaGJw0cJ566dPn9

 d97iP9MsmVTymUtnMWFEJhLPSb4vb2YENJGO3m+jbqIj4/NlYugTTk++VH7my1/44R/+Gf/n2v

 lztcpu28yBcp/W1GKkLxk1N26luqgpMXtYKsmX1iH6fdIrqhHynJm7XMNwFF1mWajb2uO1cy8+

 r0B8aWV1auaMvRR9iZsAJDJCcK/PXZtrLC4tPF4zj+ef/ZN/WR4snZuetkCDY+P7Wvewvexslc

 RZp4dQq5Xl5Uajnsml15aWIf38Ll1+Fo7ADWgMMaKjUGTECeDw8ITHBJAK+jmYhr0pTbCoipOU

 MduW2XMXdrc28QBbaxtJekL8hDlagvzIOjkTbBNJNkdCnJQpD5RaR3vVZnW7MDgJA5JL58TGtn

 U8JX+HvMYu+svfttkeyggRhUj8dqXI5z4mVZm3E5wkGra9UfY1Ecy1eFsiNul4feGPPYlK6RpO

 agRoqp9N+C0eFowf3B0emtw92kud5KikEC0jGbIj7co9KzAwUZy+eP7TOw+MUDg/OOE43v3k9o

 uvfl7aIJvPvvP9P4rxrmGeggk+VAhD0vliM584wxaQZXG2xQouj9Gqu2ubawfeAQoqnhsaTQlr

 9zXxB+tFj0lUIJ9UWppE8UVDU8r47DgJl5KZmhhOFdNqbJRhR4wgKG1C5b1jT2Exb7beOEaJu7

 6xc1hvDQ8XUr2t2UFt2YahZNG0IPXks8/MFvcWt4zCamVLJ5nSg3sQjGjAFBzpYkymy2E8lQYo

 IoylTRy393QJxXaoMeM+KbTu63WjiEkdfmkVFcQ/Ba7+v51CSGCGhZW2TR0vIuICUA/xjm/C9+

 Z3itIILf/GFM3ocrG/sItYv9PTvUCkxNJUotg5rADv5sl6AgW8koowguf+nTtnzp+/cPHSo/kH

 Up5sL0OlThZbhBXe31G02zRIeeapZyfOXyj0HI6NDFbqewO5AnexRyM/3lwDDILlRGurFAFLIj

 tkeJxBk8zp4fHUyNAXX3zm9gc3Y7Lg9uru8uZoYixM3WGDPgBgg3gcc3XVimE5jEmEJvAnDA5H

 R+lsutLTjVj6oIWwyz70bj68n2fAs9n764/7u/ZLuYwzW9/bLue7dZPNr6y8+OwcBOKNT5b/0p

 //xq3PFrvzk73F8Q/uLGOqOT16lOkBtKjO07uwP1bOJbOF0XMXHn56MzMyvL6z6xGgrJE0VHsE

 IQxeC1wM3QAHng4bnh3Ii+obwCGJ4i6OioIbfD0ZW8pVLw4Pr62uUqLhCzG6muOiI0XZUXhSZJ

 raFmhJVCf6c72pdoqrou/o+GSjst2vwgaskwGHI8r1u3gdoetAjOH1PpGIQIK4nYTBL55A7uxw

 d5/p5ghdutVu0SnuVUEO/qU236jphTjoEl2tQ6/hUvL2LK0Yoa8gBO9JGai9c3xUa+xu48TG0d

 tfLnkWmFApP7S9+2lyKDU5OX7vw4+aewd2NzWQc5hbxwfjL73QbLfr1U2FnZLUCqtNEgt1FeLL

 QQjD2/EF/RgP4a7d8alysGh2D1ISWU8Q9c4uZLBR1M1gxHQ6762H+w2jMHcrrd263EzXhbnxs1

 MjWYwpLF6YK91dx/lM4nCvH7DIc4larFbyuIU8QzMcU8R17J2d7V97vCRJlwGypZHCdp3s1RxM

 iv70oCufnk0NFS/PNR8eD/cdpvdaOGIz9VYr3Ztty3l191F7h9kh0ix87B3MN9rc/iGHOTJynG

 dV/cobo5hRrUmureJ97yjv2HTcDQeHKoiIvValm7xe3ix4dwzJDTggEKlwUvzeL0SNJmPavLj1

 AyZUwoWSoJg6bq2QJ9azY8fdeoQTYiNVSIcnaaWNbTPEas2lpfXHS2sCR0JnLdKZnCrDmelZVb

 H1+vajB4+IUm9tK59NToyUevZq/hye7vWdCAaTZi4mzE2vdZ3sVnf7UnkfTOtur676SBqFzjA4

 eu7SHD6XjxEpXLu0Ov+oulvzqLm0jE6bboQOhM8PBuinirzFAjG/MSWI1+5U+xhoR9/ghAB24/

 H8mYtP00x6yoaGcOYkF1Yfqxqjjx8+Xr96bbaYTb9999PXvvo8guof/OTTS9deNBV6qDxa3VpF

 CmQ+qhK2dLFUX7ub6UcU2mt+X2bpMQNnrHZmIKN0AfRMdFjISK3Ji2sDpyWbze0t09X0gTbGxk

 YicuO4cxj6hMXqlvYVbKjrfHj3nrMbqjX+DTKVDQTcaXYSlR/Yx6jIUM8S5jTqCclPU2XRrlF8

 gbf19+na4+3oBvGCJ//rgBtkIeTAQkW4x3hyLIWI8klRKWhoLyzFHUUS07vivVSjbidAS3Rf1E

 8HjlBFc/VPB8z1cAzkCuGdkb/qQ44jVV7ZzA6kpWG7kbfAhITUqbKI34i9m+9flwUzQ4VCxuxr

 oRRgGX1eKpXvfvBednzioFJpr81bEo/tw5/4+SHA/t/56ngP8RwBZTnlmm9hD7zcbjQAo8PIbJ

 PJqrCkssuFBrHKQNjiodHstWdmyigBCDu8tZ+wBs5s4Byj1Etg4mhH60Yoxd6+XDoHFMMCZ2ms

 s4FNjlmpez+l3T1ABIkpRy0mbosvJgezzPNJT8qQUXsFNsIYJTDrJHWC6kB/DDfMtZOFwfpWte

 BEJE1yYPatHuem03avfgZiJPpQpBm8LapBPJNtcrXIO0VQ6eoW3u8tTjg3RDIQSiFF9OATdwmD

 SOJECoCt9q/hvcVXxMQRL4U9iJ6W+E+sKfk4rdUaAgdvHpqYNB0yXx50+2gDu/abjxcfLS8+3l

 nfwA8nKaXYUTOfbMXDe/eee+pXIKw+nD5dnX+4vLTWIoPMr71UgZzQaXSSMA5jc3HR5ygzQvJl

 vXoq3S+++oU/XlhYXFq9/PTVD370htGv6mQo1aBjj2Y4VkWXvK4gN3dYLOQaLRycvNUkqEODZm

 V126SAvc2NZqOWLxUPmjV9dIVyaX1nFeSQGxqq7beTuQFB4etvXP/tX//5ew+X/813/gwwtru+

 vLuzlmo3TWx+6rnzh82R0sjgh+9+kE5Nbz5amMkMoqdiOWXzFabABg4bh9IA0qvuJzoJolQy4j

 TrHwRCwfkSxEJR4YZKKtIjA2jcPADxwyH+xuKfWmcn1EIf8ZMT/Vah00I4oLc+UirqgoQJ9kL9

 mbRACo1rtqvSg1miVCyx97j1rMv+wd6TDYu9D0noBME2L1RdSIlV8h+OALZTdWOOZcCk2mDTqR

 BwaVvuSofIUr6UVxbuW6fvn9up4SIK+z1bYNRdA/lim9tPqOpVRJNdrWZ+ANgAae8pDc3cffCw

 g0mFnRNl87obh8dXXvi8lGAhlV7camYOT0ujU+sLt9TaWpc4YHFncdPUhFv1ra/QP4TS4Vba3F

 BzcgJZHh0fofU4hHoMHGLMcttIIFJaLXOjI6WnPjeVBrYYYCszgVExnPCw7AEiUH8hlH4Vjg16

 Sw9EgRE6IX7USsVTGivt2p2CffJBkGxqtKKA3qvZM0O4Y1P58q0a8vQuBAZqZyQgdPEf9x41ev

 sO/BExHZ1kMoONrVXyUi5LuQTxndtwPZcOV0KhTuoYJ6bCrZyNBT1BdAGLWlZ51yatqNXtrIi3

 RIrI3sUi2diQWfrop+JKm8Lt+IlOiScLQ+iJw0TbUIJrv3l1rAJroejFSKbc0PD4+bNp9AZpOW

 GDnCXPu7K9vWcvXpm/e3v+3t31tTX0FGY160ienhj/4z/+43/7f+8NDhYFYXdu31Z2irIwzkmt

 XRmemh5Gv3LUEsDVN7au/8mf0ZFDs7PduRILZt1w2UzPnfnkxoeby6sDPQm4BX67auNgp9qs11

 v12kH1QC4Lq5eyJSX3WaVelDSlmFXDmcs/brRnzswZ1CjHMnVu1qzeYzmJvr7H66vCj/LI6L2H

 d176wuWDnQpytu9+//U3374xUkhODxfPjOafvTg+OVk2Tu7C7Agoorq5zq+YGk73NBsgRGYS3A

 TQK+XLznqcCI2m6WxEPLFLQSIRICemyP1WpyyuS2kcrnkdf4yc9ox2r3zj0fjE9LnZc9ffexN+

 3NdpXz9R4ZzMqKgS8R4lBsi/ZFVUR8e5htMGZw27wCc7aNbb9V3fZY2OUzuGTCxKsgOqcW9wp4

 4IhFhELsPPTyTBribS/BNBk6JbLpncFcOLc42aiHiOUEbs3efACKIYBUE4aYhhpp2UIy3iRD+Z

 QutYS9zSVG4PCzfOGBB+8nh7fasRRb4mhWsz0uBSHE5J6c2cMbp3ZGL07XdvPn3l+cP19bWHH0

 ekB+juaBzP4l786ByyRL6l1Dy2MyrY8BxUMxoNEZNVZf/pQ9NkyEY2g1Yj9fJL1y5dnKXC6NK+

 gU4DUMiu8EzqJXBtIsKdJHQMcDR2+jTDRMI0aakNo0eUQAEGHkY3o4MfiQA7CTZWDUnrJosXLj

 1Y36/0zHywk9+sY5dLGScPf9vv6qtp7hfzRFjs8oewHPMpdB5ki2MaebVY+z0yYTcR6GWcj4Qa

 DY4UTSouYMbjHv1DSF/wrTtI2KThT6F+rYLabGdDFjJC2kD6w6SSX75E7HqsRux17JcwiZVAQ9

 1VE330JuvN1vZOBVnF8PRUcXqcvm70JA8pEalETQY9vcrEnbELZ2dnzs4o2G0YaiWkOmrzYp65

 dmXxMfO8dO/2PffCvb98+cK5c9OJO+9f5zN/9dd+7elrV0DqGnfhOvjZ9C6Fyu3cMb7YiZGh2a

 uX1z/+5OLcWUwL+j7pG6bMxoARa7qkTo7XN7cAV9UqUqiuUr5IU+VKJaxomQGjrrsVdxgJF/sd

 IPzB3uYahLg4KNozn2ivIGA+OHzl6SuAkM8dHFw9O01LidMunB25v7A1NMTTT8kgzp5tf3r7bk

 8+OTc9/v6ND1h44YoiAXuPiEQYYdH0WseR7XhBPCZ7T3yp3GjmoCbDL3riI9H3sfyE3RWWlh4H

 0EsJ2CNnir+o/ZKFFOV3HCu7FDDtKboUFR7Hcqyyw1xVn4XZbmdntyhFgBYjk632bukheOI0P7

 Fp/nbVJ98/kWfvdjMUZRxgmLN5Wb7Ig7qnfmlApyEqDVMFnmQvErAo5dOloFk3yfHmaXcuxmeT

 KgIu9Q+01T2ZYGRoQLPRk0/X4BCJsoLCI/177a5Mv+j5tL65PfB0xtPN375z4fJcYXxsUIbv5l

 uh78Im+nLXnQXoLMOTO466BMKmKN3/YzllxMP4RwPt6Wm1UteKwIVBjmX65OUrZ7k8G+u7g6PC

 E6aMNxBaVW5P9BFqgNx4ulBIQMQooPDRfvaYouxQwaSC2mDctGuFOYuo1D1AMqyA/eyMOzQOsv

 /kgDPZjRNb/QVCJGiRNuLwbTo6QQ29M6lzzxruIc2LDLONJlGEDIjYxQixZqrLsgay4G/cq3oc

 dSbSXZSMz41TIFNKBuCGPGfZGl462w0hCkgg/CnqIBw8meWOZY7e7ki6y2HFBoXYgzACUu3bWF

 4G+p1/9nPFkfEuww1QdvalTtKlKI873MtkC+HQ9vUp+diq7paSvZ/7/IuitUe37/n4Dz5CzXxL

 gaOPunjlwte+/uUolpDFEwPPXD23PP/gX/3j/6n62je//NWvtsyo2NyeODMjwmMX5AF4tqftWv

 f+gDwg399kMz1/OukIT+jF3t5sqTSQcXj2RbAKX3lQRrSoYlQOnU50b9aro2P5VLPaVV0fGh8C

 sG7V0Yj2wfYHh4zfON1duQetg+3evvNg6f783/ztX8kP9DxaW8nlk/N31i5fGBkZK75z46PNtd

 Vwnmr16ciYbBTypbmh0t7OdjGXmZkYfzj/YHxyKtSukaMt1a+OO4YZ5EF69mAaOvQOe4w+YrZa

 crwR8BixiWGoA3d5beLx8n2FopFHFotCXDxYf79QKowoibZ/XqohUewqiLUQfaZuOyyHmCcOdx

 MSyztbm4o0eTUif9qXCn/ig1JnHTXI7SVuYYBJhz8MqSIlyRO4tOAjCLvMfjnaE3jDBBl8piiy

 s/kR5aCyc2byqIzv2jeJwuzyYBFxjT0gG6PNoWgjWIbn9tOIXcapp9J8xO700FFzu3cgedDbUq

 qql2B2bPT73/3efl/3Zu1osFgcKia1LqKP4Nazex2XuXN/P9U2rhXSFvcSX9QasQIIWKTg0Gmb

 69PVle/vV1E5NTs0NT2KPqLWqs9dnlHMHiizmIWT1EkhcjCImTWL4BBsB4yLJoEDoT4lTomEme

 dhe4WDT8B5PNF/T+KYPpJ8sKdtpvdU5fV0vdKdzhwjxO46vJfLA5Vl3MgjlMNDhEnvICFNyDnX

 NzXRrcmlyR+AL/LZ5OQY9yAJ4wP7cLQTubGJvWW5IuUIkv0cLcWN8BaiHlLaiWHdGMEMxRkh2B

 Onnv2KX4Va45cxxbG5cFAORcxLD8cKeFbb3dFddeaZK0NTsycGaOoLzxZVvSRSmQOoRwpLX25h

 2wjALXFTKp+fAgceNv3r3Je/qm5t/t492YG9NuntGSoUBvozo6MTK6tr0g+K3RJ/7a//57dv37

 z+zpt/+t3vbj1emBydcnOq1cVLds8qd0rpuupb25vLKxcuXYAwKkxndiJLDziAVOmZ7MTm4qCJ

 4zFQ1p27SHFhcsprwVrHZU3Y0iRQxP5gY6tuLFdbicLoeCEj7UOedyl9GSbMg3NnJ/Op5Osfvs

 2ZyeVL1+am//St9z767D5bhHqqsb5uwQp9TShQa3/gwuzUx58IBmrnzp5ZWJhX3j80PHgY/uw2

 85vMFqHL5IXX15dSnZVm8Pi9EGAbwdkhA6AujQw8Ar2NG/NLxMrwFH2RjlUA2vbKfkQQEclM/h

 jupuiNIsndpma0E8VseJMOkDKyQMr2WvIoPFYVBV3AmKAIsTKdL/91EIluOKLUil+G16qLiBW1

 0IjgE4c9gCvmiJnX14ZyQapVewDINzeY6pI7rfCmWiawq4Loj0YozxPuhAOeyvb07R6j3G9UeW

 ist2NlnDd3vrtvACCve+KwtV8uDur1WXy0kBjJc5QGi6OydDxbexQiFO5pHFAWhELpPH6cXscz

 BJg08q2J2DGWpgazKXdNvDqRY8/09OTQMAq7h/V67dIzZ3R150aymn60HenW841DHe69h2VpXd

 H1LWyguhBQjp++3Kit9zEWBl5GdgJusE92jB9LbDSQyt53yf7wt4QduQNJo2i40QYQbgNp0WLn

 Gz90NE4YT9cUdPQXJ6uri2cvlDFlxlTqgE1186knO9WJAXSIQitsYbvKiE/NLRhQ5CghE8LLR7

 MloRbizMR1ra4bCK+BRuZuSCDGfdLH/tlYUU/GfVZBbOD7QFoiTcpn5uq1bLGoqSBomPBsoQky

 vwhfrw/O59F/qBCU1VpZXJRA1ykfSTjtFunM53/+54VSW6urezjxIp7oWtrY9Ijr6+vzjx4qio

 ti7edefvXKU8/d/NH3f/iH37355vvOGQof1gwHOieHRrG1jYoa06bASVClCDtyYr0aHaXrNFro

 tABnAQOPyElhMBrlOrhLtzoKejqdzgrbLSuTgdm4sbN5cDTQd+ZcPl/el9yTzw9+6fZIuch0c1

 uGhoYXVlcfrs/3dQ8sb24VS4W52VmVyGa17CyvlxI9a3dv5PpzyKVmZiY++eQzI7muXr564/33

 OZA4tKgVMoA7MiRHeEkLIRRsHYCJnVDi6vRQrBRlFAup2Yijeiof4uxARhxihyB0bBgeVnKf9A

 bQyWL4lbf7g5jOLjpPokQaLFeoba26rNFBuLsAQvSX+Dou1Dn5cSdxbEMAIBmx250wKUYgUeyO

 gqIBOWHkNEEAFPgWGdavRMGryibryVyBv72Pkl4Bp4kQyUycTgc3MHNkXTgH8u5XsNDJZ/QDIa

 L1Ips5UTJxfNCn574brFX+5NPPNEQaWi8JKdKOOlAuQHe3pYtEt3wqnRVfT+6bbgnxtUaUkXVi

 u+I/pIqQuzmvOj0dGRv103tv3xQ6fv7VZ299dufiNVx2cdnO88c7IprtFHWRp1gG4tHpxXL1UA

 8SOy4V5iwc6ZBhNwKlcPiixo9LLbmmMCsQDcTuci5D2cxOdTvMaBttuPRRx6ftrHPcYEcREaa4

 vm5HvR/zFZOe+cR2Noy0x1S8EaxGBwg3jHfRW4Z0VlxAPA4dS1GCavmUViR+PjfO2encafjq4n

 fPYKni7tljP3gA3zPOcWh0nfvo7t7m3j5+v8kzs/Wubr0ByWDwQdqVSQ+ODhRKIpCViua3tUKp

 PD41NX723PTsuU8//ODR6kbvSHmolHMGswOpz3/96z/67ncdPcBV46BdLpd+7/e/Iw1A7rQM9b

 76u3/p8eN5lD5XL0y/8soLqwurKwvLMxdiOJBEZNS4h1aTLFZvs7b84FFlZcttaoYScHZmOkc8

 6RxIHd1/OL+yvJ7L5qM6l/FAh53IWJPxc+e3VDgdH52dPqfn7dH9+ye5wujcxURqcCBZqG3sSI

 XOjk2lew52N5ZN5lhutgYnJm/dfsRKfv3VL35488M3f/L2wwefbm7Nf/7p8y+++My73/8j6X7o

 E9QE658U/5A5lPOPaM3BctHRGeAhYGkWVYQTps49Jvhabb1Itequw6slmEYhlDqD1GiPDZYW5x

 85KUoVGGo19W3hVqagICZSfKqveRA6oqPfS142Sl6dKfYa6kOAWMpKdVeZAdYSh5DQEQYZD8fc

 obTXdDfPLVxER6sPYhH+WK82Y8NvHAtveHJiRUED+DfhKEF5ybQSF/Bs5KI7hSJOJjkUMAI8/I

 mWK9cM0xD5a2ac24lnrz9XEgD41AHGqU/zEGLEGERmOOjS2tZGpdEeQEt05vC4NTuSv/7W9w9X

 l0w9wT7vUeJsh/z+VN2QiJCAOO/xbRzi+BvkFu4lqHZmdsbxvfXZXVL36pdevn9rIZ/vJ8BGE/

 rEQO0UMjLyHlncBjgNxM67O9acGug8eicuJnQBBPGffRAFZ630Pony3RKy7ESXkV1QScfqaHRw

 NpOe+Whhea14tn6QwrpqDeRlGfGwxe5Rvy+u0dMWLtbEcSvb1QJ/Hh0pnAweQrs2wC/oQhIRcx

 JEHxCj4H5NDkjNxgnAfRSBvc4OEM9hq1YTOnek/ac+lfV4skKxuT5N3Os7CWEdDAFu+BGdDKhJ

 MVQBpUGyNMRSanoJ6cbVHxG+2dap5MhkoTRSPzheWd8SJMyMDqPjRc2/slPpKY3EfVADOTn/I5

 OrYlWCZTaFAWHh8bJeq2Jp0Hz3kn/YmL9baWxdmJx49uVn33/j/bAK0ZwaKThe4vE+LiidBn3p

 /oHa9prglq/iGbj8HTw5kU2nZKvOnT3rHXZ/qFjcqu/wVUm1S/H4jBGKGD3Rt7W+wsvKnb+WzO

 aBAbsbO5TEt7/1tce371Y2l37t174l8zE6d+Z7P/oxUpLf/NY3/+d/9M/XVzd+4bWvDmRO7nz0

 xnsfvT45MT0yc2ZzZRVVuG5PA9rXVjfL5fLFy5c/eO+6idAOGhuoCCa2ElAVoII2R69NohZAP8

 JBCciBi9TJQ5pFyCuy626PJfQmX3GIua82LZWScY+G5DjBxIprAg8RHfczmp3tYyxdvP+4sefp

 gTqFnGNKDkIGOtdytfjJz2Fs4urxhyQzStGe18k8x6mLD+I/Rw9D5xSyP7odHLW4WnR6lIY1yx

 0eNPV10JtRFianZbM6M366+vY4TZIbiuX7R6c9gYjOnSkRo4Wk/VaXN2O+YtAdJ1u6VUy4j4FA

 OAlzlijwpJCa+DQ2Jx7XTcRvnDrfPPmx85P1ClvNggfSsba+ocIcurm2vrW0svYzz78QYkSknr

 zHs5D3SIwFLhj53NAGATKEIw2Q8D156Cw5PdbxcaKpwLtpqzho9ile5KLUplvrahxhOzrd22cY

 ATmh5kKJxSUoPP+hmUlvKFnWRxm00Vv92XyztqLvygvFqqnkCe9T/Y1mcmCHxrLG0YmxoMWxke

 riI/dpEhjxtsg+MW445PTJ5vmFryfL479uLtYqlHTHqY7Fi/tVgd83NTUG2dX5iB6KV8hxO0ni

 S4r54LwIPa37PVr0BnOlAoh39fGjg/XFZ59/4Qtf/8b7b725cP/euTH09HEsZ69eW3+0kGQ4Gy

 DDfYErjxVOfPHiXE9LmWNheOjcJSnf62++/fD2fdOoYvouvCfKwuh0XNgcm96N1dr2+i7OJ/T5

 MGHjI8r5VCmdyDBv+/uoEs6dmT13dhZDwLaujcaBdI5SSs6k2iD04OFV0mWVzcNDMXxeEl19aR

 29Y+/pi5cnVxdvvf/pR6Y5vPaVLx9WG6mj07/27V99cPuz+Xuf/M1vv/yF842p0zu//cJAqf1o

 58FPnj43ubm8vCV3InWWz3AVZSBLoyMBbUJjJD2PPGTYLLqDe+/7aMmkUDRI0n+dusRO59dRb6

 thoKkRr8SVtXCUwscLipbgVYkyVpunFFnNd7i+IdX6U/BDMcWBW0gIx3Sinlwq7+RFNYb4QjVJ

 hJChlP+DKWO0ALIyF2FfLG7IcXiLyB1cXCGb5AesXCeo4DDMNrEMa+j0Oo6abzsJPdGNZvZsLi

 JkBX0yySytcqWYiw4ASZN2Xa06Ik9IuA/Hbp9AIpZtViXdABHUE+GKwgmzjJHU1M30yU6eFIuV

 YFKM6BR4FscxPl0GKPxc/qJH9bY4xGEEQvGJ/fr7+1qt1uoKEqyTqbHR1l794w8/uXB+3GCXYT

 XYhwcSuqGiItpifCkQo5KDAgk2Fzxb7HM4nor+oxmHT8Int4OALuap8yLF7CSIFo0yOOXmftmp

 50Cvs41G7HR/u8+gQIuulIW7GZF8rOtPL+iOZXncczJVd99ZMICoMEw+Ohr0Fuolg/IhyNLNq0

 mJ9SAgqexAVyarjNsSBFrheW2D/YBLk+UAbZ0metNj0G2hmWO5Qo94j4ZF73LzytROxsdGdioo

 kqfwabS6B1rJXINDGylGNF8pySi8eNku2dse7QiFdOHZZ15KFqfefO8mcoTPf/lrc089V2kcNn

 sG2riJsj3DM6MWXgTIz0d5VUz2ljKJ2vZq4va9x9xvNa1TV69+eP8Pttc29Ci6ZVRDwQIXNgfH

 sghIiT2aDzMUrHTEA04XxMZBFkkPZEub25Ub73+A92NyYsLwBu38hZFRUaHVMSmy2agWy4PRMa

 omLmKSgnBNpGHRl5cX7j+8P3lm6sKl8z94442nL18xwKHUn1Ilc/3G9Reeupzu2jpcv38+11xc

 rf7cFy4+XFqYO3cNy/Tm3l5/rTY5pQu/tblGLxzOnDu7vbaiqlGdkLuKpQejpfojW+Mw8wGSMS

 7H7XsEwsdXQkir3EDjlo0gLuGgxm7BZQdICGIk30SrUI/xv8gyDnuC1JLdsJkWJKqR/HE13hcH

 Ixw8hSJwFge3T45W0Gal/MV/pfGhYB1fNxSA40sfaPZIsgjuth3IDTT4MFY7PP8eesAxCUMkWO

 nSXJm17uG0dzrQAgulwvjbiozUOmld8gm4rDnSFNjudrZvJH6DRC53eNxook7hNhoSSinL+dBZ

 mtFUqatcz8ycQejKiOE79XdHs4Sy8uHxN/npGDa3EiIcjxRKKGijdPYkeoOSTmqxsjsyitpMOK

 koWcQa8u90e0OYPJAoUoTQotokFSmHYvJjcJJxp4E/ni0qUL3MI/KdqS3+I9xL0SWP09hQpjsQ

 v54TwIs54+29/ZY9YGLiPuNPR3rj7vyhFwKGDB8dSq/DIfhDE+1mu5NFiLCwFZ3kMfsbDjKQSW

 uJMTJqfGwoXS5uPm50Sh+Vdjn/bhNLjiibCHcePT7KWsT3rG5oWd/6oGPct8YR0oEn5ZJWyN4M

 3GVwRIqVDSPyA6Vh2iKFvLJTIqZwpCc16OIwTBEFtTh9/pl0cf2zW5+emR699uxz94LuYnWgmN

 hrVs9cPlN98Ij04gFVGIigoakSWt7y0b35egVr8B4oVXUIMWBvqTG2wO2FPuMQWCYbcXwszRv6

 J6A3WKyurzZ+/egFDUkMtx7TAOpA+I68q4MuRcxvim6U/T3bKPxQcCcb7MRH3CBGL+SRGr73zn

 uT4xODxfJrr375zr37cxfOOyRrhgJIZPcllxfubi7fKuXS9ebhaDn34PYHRp/B9xRRPVheXd/a

 xWjp87HXlwYHffLg0MjQ8Kih4bk8TC3Vp1khDerL40AoFpSKcIq1YQXqxnKSgj6tp2YsxQCEED

 XSG4WTMYbBlnETqecsStdwdzs2ykp0/CYep/oZixBkDHHwHMRYpoAt4wWdI/XkN50jRQ+oHmds

 /M6XzwoIShdjRITW1TFw3MM5jXd20kheFS/uHJZOFtqB6vhUnoFG8Ie9f3KSegEkHWIHliD0L2

 YMHBdxLDQfmtlr8IiYoqN6gWMaDFkH+UzNipBzHCaCgk67YufDxa2x0Z3njNuNYxC327n1WCRg

 vIrGyAOrIwKoEGBVs4aQR5opIhaBZEhP6CkHXHAbOjQSa4G6RQIs4miudWDG8TKi4U9oQyqHPi

 Sn8XrCH5Ea1KDfcMbjqNyOui3jHOgvayMy7XiJnQXt3NgThREC7XzFRsQXx0S219PzBHL5ghSp

 D7W/QBxM1CarqkdCWOv5KvUm4sjC6ChF29jXPRQGNh7YbdD3cWYdGeLw/3950vg4+xJ+XrzUs4

 h+CQC2o0pXqnKYADEMjU3lhkYyEzP9xSH+POojPox9kceh6y2bE8jGjI1NX7p0WZZoZWV18tz5

 QnnQZIYB/TqFwszlS/wYny2EfrIbtrjnTCGxe/+WcpyD7Zrs86FUiCWVgDmqdWNpOkJFYKMOjf

 YhdqlQ6KI/RAsn6YGudH9PUV1lf59qZ4c9k0lhE/CoMB5kZYDQw1Y941js1cybohET7Spy87xy

 HZVGUbTSFl9eUZLx9sdDucE/+L3vzYyOc/ge3H9EBB89Xhsqj8BAmrWux4CX7d3JJN6ak/H07N

 3rm7n0MHi4VmmtrlXbGEszBTUuSn9lVmoN6FGf5ITO2yip7BgBWLE6N7pfHBZ+TwTFA5jYiCVj

 ymaqto+kEjOlOLkbrW/PvkMTZadsHHijkJTB689o9/Pw3GGRl2Ih3K9ys/0iTI2GjA47EkcHBh

 lJUJ9Cljjkqpyt+CnmOl5ixzd2QI9UBfVlOuGzd59oxeiDu0SX7KnQCHzhsDu+2BJQjVOfcX6i

 8cu4Rr2HWpyDwc7Ntfgb8hfURr/qsaSchMc0RMUMRzGw29EmrY8hTl7gr9r+Mumevr21ja5EYe

 10r3+wxM+UBvMCWkMb6qvPP/XNr33+Z1957tnLZ1SnkIKQFMLUOcxObpxXUk3TR/qAX9jiU5YL

 Ggd6x4bTA8X+8G9l0EFQvEpPHJLfCSZjQcyUDChLcYf/hTdtjTq6j2KB1ilASXZe3ImSI49vyB

 zA+LAnddqjPke47fpdrfZWy9RE1Aq8nhjE4QMDLSc99sb2tU95QOimwciRpTruK8TsCr54ttin

 dKM8mckP5ZWmIUI7VIdTO9BDnC7sto7rhycDQ6P6nKrtRPU0ZekVgkl1EePO5X1CSG/nWHVUq9

 9bId2gp71q+E3uhClL7DWLQ00IXO9B39hgV3a0epSARVd2NeJCuLwY99A+L6+T9E4dJ3D69avb

 B6xkSiOz56599vHtdqVx7uwlNcqN01Kle6R49nIvkmMTW7hRIBivxkhx7txFO6Cbqbq+2cY71m

 wZ7xne814jqqsVADFEJp/WmiyVpbZ+VAxs1pc8crgWNBnWOI90ejozNqpz99Hikg3GL+eZnTk2

 2Yv9azhdIF7M9KhzZMz9W1fXuFbRwfKjRws8+d///e/xx1Y31hF0fPLZp6+99rO02vxKM1OYeb

 CyriEDU6/mm92dpYjB1Ipp+y6UOOZDCr5DQ4Kjh6q1ik90baonoPL2Qb3FW9yO4BS2iGxbD1i8

 NtgInNc9aI4dDpVvI2J74oA+yT16MaNHDBw2bqqvgI5EyPG4HXPm8Ah7YZ4mK+F+6ZxVVxcQ0R

 zhFoV6pped4Yjmov8j/GspnNDr0rnENNKubiYOMgkjTB2lE06XF/vryXX8u1f8FE2JIxOBKMUd

 nxDWToDZ35vJ6xtwfVpE9mu/ZoJxnDV5LdeKX3sXRW/rWk0pYmQRw2gu5GrCIQnj+UtffuXl55

 9SY3Pl8tmf+9oLv/yzL5+bGe88V0ih5+hEItxRphJh2al6PN8bvODWufaSUm7HheKlvnPmo7SQ

 FuM8k+FYB4k0Nxs/hnpUqaTxoPOb+NfO/Yb/0rlvzodfhVsSkaUvaLYhGjLeUczXOko2NyrHiU

 YwnEOuYgk7Wdv4xsXELeEMxLPHj7KVhiZyJJ/sHa+saDjmzJnhuTkdMlucQ8jNYXtzd8tHwbPs

 T+y+iMbuUuqcElGQA0BiOd8RTXtGr30i0gEZ+t6mjE3O6M/NM3Goa7JFp6BZq0iKnL9w6drVp7

 xjanra0JZ0TLcOChq3RwcfHHKJIrNjfQzTGJs9c+Pjj9VJnz87g4oQlCMTNzwx7ZA6X2YYBUTF

 gc9l0pcuXDKGqb60jNEMQXlSqX3LGGWYVxPvk/7ALgXszf2piVE3j9tBWV84PzyzfnhXhu8tCN

 MLq0Lr9qOFeNrjk0xvr1E5akwyzBJmzegD0Ou4x58eyKf6qYT6ThKP7WlTIcdIcfTupw8vXLj6

 4Ue3qnunX3rpC88+9QwP/9atT37pF75BI0xPvrC2WzrsGfzR28u58vToZGlpbZ474ZAg4kBJs7

 Fdy5aG17Zr4zPnIyDUEao2J0SEMgbrIskTNfTqOsCehRtHOVwUa7T2DRlvVCvW1OoJcZCyIl8O

 LkTYD7LI3qR5QnB/5ybsodhMZaDklFmrxIs6xwRxQsu10H6jiQ732anlSsfRFATafHhVSJtjHt

 XnmfwRJ5C7lC24T2/mCjqR0o7CRIXGJEsi1wyP0OqEN5w+Fl/BiwUPLFeoTiGw5Bg8AGyCOSJF

 Le53MhjSyE4M5q5wMrJZFI9HjbpUMkJE7bysOE+dMV9ebx4nzGfrx81cwm2SG+vLFNjK6ZmZq5

 ev/PgHb334zltv/fjt7c2tuTMTv/iNl158+gKDyavkPiiaNHk4m053qph4AIkClCEIiLpk9fJ5

 +ON+uAgdZ9JDKJVx6iPyIuhulkSFpNEYnkg0pzUSqVDfMbXe2y/n0fGzaTGGg/b37mz7JLG5Xa

 Uv25aoa+CwK9U8NXvn2t5++iAxPJo4ypDow328aqEsrL6wNFDC3iMVWuhcOgzhROu4ONrqSdXa

 3jxUPzjSKLMhpU6sM6nBM1OF6ZnjdEa5ExprmRLJm3RJ7h1rAVKe6AyjbxShOd2E1BP4E9rHR1

 nRnoSR60f9KZOJMqMzGwokBkeaA7lmd6Z+khYaX77y4uTMlXs37o0PlnGU3f/g4/NnLmwuPj45

 rh3s74T7w/XSjMnd6kKFp/vgdHzmYn9v9uHD1Uym7Ji19rl4mdLEGbq4Rld1krt7reOelU+uK/

 y4ePGKMvzG1g5nPGMIeRuhBbhVPvOwtbEKnXPWY/wXq6v2IppCjrSYasPSDrqzY8rrgbwvWA2N

 6EgxuG8ccL4agr0oxWKKDyQd9/TKSqs52WjnjvYqx+1aY3tx9f6n+Uxp8SH+sRHzTG/evG0Dlh

 aWL5479/6N919//fUBAyN36+X8zJ/84OP9k8yvfOsXkIXwLY0RYwUAGuPnZ0zsFSYFQtGfocbM

 CmdvuIz8QqbY4FlVmJXtbcbPfoWtpdEdx0CPkmTG4QPp2hEEze6O/NFIWmmguHjZHAJxpI40RU

 UOZMd0BChq/xhT2rjDo/3TI0sd21SXCsvxH/5AKaPCXtljeB/BxNv5Ctw7wBYC2e+PHGLn+iIY

 Jj3Qyo4xZsbCavvcjosQKl9+iVdA4UeoTZhj1JWL0C/mimjeS6GrDn+vq6uxuR7WQ6NFLkPPHB

 rwpHdfp//gdLpY2NpAknFSvPB8f2mUW/Xal15d2qxUKutJnSn7u++8c2N+fmF4qPjq/8vSewbJ

 el53fp377ZzDTPfkdO/cnICLnEGCIEiAIqnVUlrSJa9XsvXJ/uDy2q7aWm2Vq9ZbWy5Zu/TW1l

 KkGERQzCBIgABxkYEbcdPk2NM9nXPO7d95R8OL4cx0et/neU7+n/+5fPrcyTnkDR8cx4oZzhhs

 0gq4ClwZuFGfC/i8MjYWgJhDmEVQW/LhUkwCqylH/kjxIMAivGJ/RQjEr5F/EIJItzPFMKOCmK

 jLh0Wl2wQMtZViA8hHtDBeSldr6mgtTEz1ByYmJsc3D1K+fplRoxQ0aRJUXTrBe8gn0kBmJC1v

 kTHL6k7Q8tYz2VrtAfy34JAhni73uzlMFz0Z6GavxxGN0mipOD3UA/HaMMtoXoRTbDiHGX9H5F

 bWn61hd9GkPIG7IfQQnmliS/oio4tVvblncw+Zk8wQXf+ELTS7sR376N1Pcql8yO9fXjwGk8re

 nXvnL1xo1PODfo1KD3ZYlILW2GWiVwPcET2RluXjZ7bWd5k5T2Mzk7nIneroYPYE8E/R7JDvNF

 pdXREEw61PoEQPjIeBWxwFQ0LOWId/o9zhHzWhfKFBr4md5LETpCFnT3UNR6QxEGaYRKuVGkqH

 bBbBonqD0rHCaeMmcTmQKISE6RIV8WPFlxZPndQ0804OdsvppJoNQrob0YnJ+P7e7s7O6srq5c

 uXWLK19Z2l409s7WXHpqJf/qOXohPj7394m0/k5Lz00iukKidno/gSQMdwjInHSHpL9l9NORAs

 8elcLclnvlgjJlOy6gi1nC3YVegL1euphbCD4mthCTFPADTUgyBOoIgo/5P4DdcT8RPgsY4RoR

 SEOGY8pKphuVFxYiVJRD6GX/jD0QkWL1K2WnQCz5bWRQihcKTVlJg8SQ40+8HlyYtJnqupMl7D

 C4dwNEjjOOtISC9h6j9NdpITifio3imGQa7zyF8HxatA3IxDf1THZlcq2Zx8AMQjesYLSMbR4n

 FbguRCNaV8cXt1W/GHLaEIE1Kmx8fS+QyEk4DUJyeBqruuXaeyUAYe8/CDZx69dALlJ6E01QW8

 qWYTvtijFI7VYZ6eicCVJREVJ02WV1Bv3AJ4RXN7AD0HfoLwEUhwoZoPWXAWVg06uFv8e3okSC

 /RDoqOY1GYBV0qwvXDasKsJBuBfRYrKITeHJNQMLR+95PNq29xmPC1FAMBa80yJIFMJoTVJJ1B

 bILCEp/56JIMVhuccnThg0CzWV1cHri2Qr1ZpJ9QSuXQP4Wcbi+FDCk6CDKZYeXQ71i5HNlEEV

 5R0EdfXKTsnfqNB4WRf3yaNITZ4iTtxIqjTzOp1K2rV+OxGHEWCvbnf/fq2FTkj771LYLKa+++

 Mz09QbYISLH45RwlWQYDFT3GOyIfLp+HT0vHE0zeZtA514PTxtB2jhuZWdK0x5ePSwhVPozbtH

 04MQAmCLErYNc2UA3gprytBuQHPh2LTlL5gYtnCPiKRUZpUCwwM6OsVIKgC/NKzEhLjLnCkDSM

 IYNw7BZUEjhLFoJ3IZBooVh0qJG+jZpBLWtp16qFWj9+4Jk/zmASi81e2smcmz339puvL/7JzO

 UL50jvRsKTkGbdvflRMHLmtQ82zi24d2LlXLLGfMCnXvoK4vT0i38EpfCnN++GotE7tzdJr3WG

 WrvTyw7VtQCnwDNpzQMj7Ilkh1gyVopDhPhyj3i79H9zX9IHL8RrGApJFGHEqehg+/g7AkLuAl

 M4gIiDowPh9pDzBBhLEqe8SuJVcR9xmjmNtAkZBGlJjypAAs4bpxMUIaUfNeUqWhxtLREGlT8z

 mVzm7MAmjunkYgagvtD1FIWEsBT/m/Fakn/m5ZgryX6JveXs87FqDCbnSX4Q2cXqDeHsR6T5PK

 yPxWAjiYcHRWyp7dQb7VpTGH84l00ZQ66QbjJpm9VWI1vr1QcTfr/imbFED/TOgbV8z2ytOxXD

 9NL8jN57+879T69d/fKXvhKNREDIHyay+/G0qipYUKqXCitotsmcwvDYFOkxVFxnUBIIo6ymVO

 mgHCVmswhvkKT8mgQi0jHElZJiQoBwNcDtghujqC3cYOLm2y3tZgeYNMUpZBwF2us4tP0AHTDV

 xrDcV4r10Pof7r3/2fpLX/xTtuFGbLsHlthoU5yOcq/c0zgazDeQoh1bR/YetcEGUW6XCjjWrt

 Fu6OxGp80/LJNI7ZhwvCWkbpOpkgQQATnFAVIfTAP3BClS9uiNNbuM7YaoAfYTfcAeoEIFYaqm

 hTk36AnYUceCVBpxFij3kAAmU1kqNBjwzS6SOuKFe+nC9//u1cuPn//SV//41tVrt95457FnH9

 /N583esMS0eH+MfOqR5smDnfB47MwoSG2sPnBhGTpnuVTQd4POg5cuhAOha7duOsJBCUmIdlPJ

 DFYZtksx1FyaKFA5Z2hcEPKcfyL/qzfu3meuixn3T0sPHwJMExk2GQyB3elhvuHq5hZhPYqcdw

 BBhvwjM3WJMjA4erggAP4QUHA6mbTRwcank8w/Rr2xxDwZMMbpcxfRCD9/9ZcTkxGvzzsWCn1y

 8wa8VZMzM2u18i9/f2Nqdumhpx632xSqJP/11V999YWn6S7c2NlnazAs7rEAHoETHJjqSuBSYq

 jQa3w8sSmXiwDwhRgRp4JlAe6HUmuXWkTxIhsIgE4o5CTpQ3ec3TlQhC8WKULx49IZcaoFncsQ

 KY6EgaIqmyLjfYgfeF9hgLX2ibFYP5Qtp5T2CQRPHG98dwNTYEiG94lm2gyYRvbUdjkAM4g00T

 UOmgz1EI3BD+D1BbLPpA80sxh8iXr4CFELchPckLjPWHb1O9vFyxBxDoGcLm5A6zQM62WN3sL7

 1LJpZ3iMxyGFNwf9vAvBUTm2JwVKcEiFjOLy0m4JeAW93u6WXF5XaDzcHTqeeOzyhx9fTWfSCw

 vHbP0eCUfm1qqfjV4bMcSIaQOsJNqLleRysCfwhHKo0H/Sy4JIsuNaTbvBwG+xov3agGY6aGOc

 BjuBGTlkFgDrRjmFokqrWybgbDZqVm+ono5RNhf3rSeTeAl2oBF79+qtTKENfdT9jT3QF3srt1

 n+AMQM5dZuCwipL+J2JcwK43MK7CYHkdVDmTL7TbQcnRVaBrN3ywUYNnF2MFfUy8C04xFqoOeh

 L5VmqjYAwhawaWZ2UNHCKhADSuMGiRX5YhXljflif6n/k8uo0QDXrAWmp+lYwCulXOr2eOcWp8

 oVkoiDsainnGXSSxOjuXdQLOTKr/7gR8unjn/hy1+iUeX+jbuTDz5VE9SfXCbvj3Bl0tJiYOvU

 XR5P7LNruBO4zf0O3DlqMbbdyRYK65vbn3/uKebgdhwgvHr92P5upVh2WJmLwYCfJr1WHDJCTY

 I3NCjuHXENzke5Kaz8rIsYMQ4EilUtpXJ6kHRvIMC9sZtApQNOWhz1wOvRz+SvKZSLLLFgNBMC

 VMEgM35FT9DhJcRxuDyx2I5V0U9GI3dur7q87omZKaDCHJE//ZN/UcikH37iuYsPPgpcDOKcd3

 /zs1g8aQ0f+/Hv3h3z+r/yytd//rPX0MFg9wfajmcsDDADCCGXxwaSR+ZDWQ/xheRsCyMH0oZe

 JqHFxHhCd/riOG1YN2woGQl2Rcp0JrM4bHKrAjtQLazCkA/WmDMHFo5HeD+cQCJDwi8KlGoBE4

 OJfZFtVo2lXISYa3JXtL/INemp8ZDTxjnh/TGwgllAzJFnjr1cmvhSqlXAr8GcCtaBd+Mijt5Q

 3lt+/6f/Z0/5PLw19WBJdkh9FIILzJmZDCJcpv1qtZEn3NKSPEPyOJbVdIb+JEgtMPlF8HCSN+

 hXa32bzTaoW51eD77A9aur6zvb5VId2oWpyWnmIkKlRg6hDVW8XBG6Akemvzgfprzw3pWblx87

 a4LGCmA8gu1lujdcQ+Xk7l5sJ16liN8fwjqkt1sdLvrE3eFweHZ22uSGtNzFu4mTNqR5wE6owF

 3YAABAAElEQVRFOjw+Rfdbvpfq9KHFQMGZS+Xm7l78MFvcjDP+FThozuHxRpZOecNR2n2zTFzd

 XAcme3J+LplIOsOOLAUB1odSM6bxKG7l7cn8k7+1OlDerUqTrmbCEobvETThYxJPMf0cLQ88ia

 0gZUNMN8JQKUqvpppbrlIqwJJBERunHvTegLoejrm1Puh4PbCCSUgRnZ1LJ8tgBIk+A2EX6mxy

 JkLbU3R6Ymq++v6VGw6tno69wnf+7tixOcWOazSowiguY5m0mEUXzr2ipFIpS6kbiIzRfl6CsU

 xm47W4ACQ5lcoem585e/J4Pp83lPaSM9NT+Vr9YHObS+MUS6oJ/SlXKdgwcSKFbESKNqSyQcdR

 gCHAYO/UQI7JyBS8sV2odemJBG6K9MKqE6Rn2GKjhYKBaZA6iaXBU+33LXip1HYKpXa56gxFHA

 qWgjqlPVmt5JM758+e+P2V0oVLF4Gx721uP/3U09lciVfkyjLv4a3f/q7HYHGd5tLjzz3+7Au/

 /eWvqjnoBCwMNmPzK7WqJ+pBSqhQiasph5lbkVMmOSukQpJEJpxevEuslcNuI9hgUp6UcSiEmR

 iCTrSDT+gGJouECNRPUGisgsSZmgFHB/wjToTQrrCXIm2QKiDAbK6EcyooUIQN8Cm5Maooqs4g

 44WPRyGNC5F5CUJtCfc85wDhp9OJl/LORE0i/GJp8T9lN3hDWVY5FeKfI5lkWvku7yxGmHvC7n

 EZ8gpEiuQ6H65me8HJ6fVW5p60dHYbZdNOBV7eoNnrg/enWym3ikWrx2vwBTEYuW6FNhkyW5l8

 0+fwaTrVYCSM0dve2JfZv33jyv29qYmo0zGyCvMZrin06Op3WIDMuhMnI0AAtuOla1fvnH7wmN

 YGHZq50Roms5XNlb1Ssl3JV+rwngBIVsyjfM1qqyb0yRvtz1jWYDg8R1/o9DhFWep55VSRmvwj

 TzyYjNc++HgXO221eDKDXiLTvvfjtwYk/03AcOyzZx8wun1xgw13qZkt9e1B96VnT9gh3O82Y3

 HmI/adviZVH0wMZ5fFp6+OFAJnFEQHAaQjXDzc7NZqhO6EG8xt6YDLIrhHC9OqxbwOOCubDaIY

 GkGwYgg1kSO8RBKuALFhw5BfSUNAXQ6TLQpeFx6HzsBWR3vDruT3VoscFZoFLcQpPNk5afcHvL

 gCF8/MP/LA8Wqtsn+QDI2Hbt65Ez/YjNaL2mZ/ZLPTtM6EEHO/MxUMdA826qW0omd0ZSuX2AtP

 Tvbq8A0IDVOrV8fJOTY/R4eT4d791bHxsXyWUShVgeiph4JvOCAIMDZJbBZHVb5RWRRXnwQBZ0

 iCSAJ9fD61Q1qwuKh8abHApGFlSR5QV7CW6bCzMdKa06+adHUiApTFuNyYeocvII46ZxDG/Ujk

 kw8+fvmf/dEnN2//+3/7N1/6Zy9euHR+bXXt9v27u3vb9Bd961/+q/mF+Vbe8dSLLxZyxR9993

 svvvJSM9/93v/3XTaLajLXbDUxIAtCTEerUgSqzmVIophllw9X9SZigapTE0I2i4M5OvhouBfs

 Hy6ybLHwW4MdQu5FhWEm+VUcUwRjQGCm0huJCHE4iIVZBOIGnigIevxmqsH9Zp1zgwHHJRJ1TT

 u7YBMECC1aQL0Q0eLyKhFGFlfkVs2acDA4JCKQ/JEnyPPVw8Jp4XoQTTmT6suOHpIH5SF0ACZa

 fuabyLu44VK7IQlEsyGsVODonU5waXgx9VyB+dS+cLBJwC/DE4cUHztm862t+BdPBpoFRkwZ6Z

 PlowIej9Pj39qLb+/ELl2cpWwOBJo+fD4BN4UriUT9kUgADX7yQsjpcd69sTp7Bt6kMGN2Tp09

 vrS8UCl2c3CAt7XFfD1xkDhMpOpVWR8ukntcX93mn6T8wSozJAl3ptvb29mPx3Y4V49cPsXdcD

 arjaMxvMiH7uwjz+islpVK0xjy6x1+xisDM2hqdFv5It4/rM6KuRXQ62p8gCwd+k7WUdZZlgo2

 QhXJzvpI27dsNZkhSJQ5keQVeQaN50buEp6GOgxglIdkVh0/cBRkO/BfpKNYUutyC+h4PW2D9a

 mZCYGYWBRXIEjDDA7w9Q9uIkZUbQDRJhINpwu32gV46OTxaYZpT0+OwYLwyTtXTl88D4U2Oh0P

 Fq2HO6+j+Ks3hCdnVhM7dM/RxFIplBBgfEDoyEhFI3pYpmw2m8vlDLlE5vb1W9kMRLtWngHPuK

 Q3QbIIlJUFgIJZolb+xhKQMCAFxC8UOJFVYgAYbDg9kirhnTHTww41fYfbCc2nFN58nsN8iSPP

 uouHxGmXTYKKoaKvZODLd00ENPBrQ6Ch03gmoit37mTLjbOXLt+7s3Lt+sr43FJkZpnGdJilH7

 j8aK7aYVTBi3/y52TVdcYg1cHf/u6zUvIAUCtl3oB/sshsUdJNMoHMj8PlhtNLZSpHOxiHsMxS

 eUdQhRFmQLcG6V6bq6dPoU+pOUgWy2yheka/FtxeowYbL4Ep9yjGUdSZSKxktI464GTqCmUsKE

 XpLbQbYfVjbwmVNHiYHTZVmtdBHpN1p3iLbiNSJrkKG4P44KIceSOWUtZGuu2EFAoNKSglys64

 w+JpUx8i9SNuPGEx2yZn8Og1/3QoOZX8jUOIByoaQVQJ4k+ejSCaVkJ+1Tv6jSLKx+YLubx+rB

 xJaSYq2gMhWiah/oGRo6dxI+mu8fD63scPn32qZLCU6y2byeQxVRFXu+IP2G1tWFaslrGAw6no

 qVJzfqEV5gTPTvgJU212Q1PRzJ6aih6f+c2bVxLZ2pNf+Jxkb+1GvaM3dmyB+o+GXg0MWXv029

 ffrmSLlRzzHCkbNfH2RPcrZtxsmoJYmM17a1aX6fTy7OJEdNgz7d6Jhe128kQNtZunZzEfEnOO

 n69rLDALUFsYME6SQIMajN0wdKfrXmuH/n/whCwG51QgHmpWgi0kiUgNT9NCTw8Au0F2QHmXyj

 EjqZkOMhpSaJMhVCACzGaNReiHgPGjC8l9qEvNQUaxyIZy7+Ihibc99AT8Npee9ggfme1uMl/V

 lzMlABCB6SXLTJi8PAFMPZ/duHstdXi/nL2YL+Yee/yh1371Mxt9cUP93dV7Tz3zPMBhwimKXI

 xXBK0c8LvGPNbs1n3sP/prMDgl9rFXYQ1prGDm9v17KziOeptOT1qC1kcQHdUqmHlyJ2ojnqrH

 CVrxLDiWhJCcxqNYDGnFLrD6JIiExpHThr/Hr1JB107NTO/HkyjFsaAPvgF6NukWgGuUE4ZKQH

 VNTE1AAx7b3TOBg1lehjpkSB6SENBIZt+OR3D+wsV0Omt12NbW1jxe78bWyosvvkT6583fv/3S

 K6+s3Nn+yatvVCotu81597N79XIex57lRlScTihWSsy5J91eTCbl4tRjLY60CMqRrcO9xpSZKW

 WHx8ay2ZRsFSef6M0EMyZeFBTYMn9o2G1CVqRrw3TRgMwAdCQdQPTrSX+OmjCS2AJTJEgd3lrS

 aCKT5LiAUoqsmqgfyp8Rc7OVuo7O5uZX0rZQ5OE5iwwibZLlYqId+lL6dpBbBBpVQcyMu0jiWl

 Jx8nliecVoyz++SVIax1v9aD6UNxLnWb7/05coIHmAOKjZAG7rC4yROCzni2h0ZzBCxkBNnKI6

 1FfTUEXVILdJdcGlbYEKnQj747v7OMzI/sFBZnZ2cnp+DOW+sxUHPyDpKZnTbT5zakYtmVMIBe

 nK4DPbseUT+weHH19fmZ2fhSOFQBSmB5eVUaMQCeoqFWyRs1osV4sVipWKRmglZ6aCp08vjAXc

 uOLkycAmvfTCo+dPL9gU6+qd7eR+ihEE6VxRwTmNjBd0prrFW9f7hZeT6dDcu7AAcPPkwh0Glx

 8RbTETGGnHWrJ8YitVVI+gZgGikPQedBgxiVAISxLeWI/iDU4cZUjWkCfhULCbqrfD2ARhdOAT

 uE1pb0P+KZFyQsQiix/Kp8yeXui0K6GxEL/SWpvONV549nMPPXjePTbR1pqyubzdZf3al1966a

 WnX3/tl2vra1/5ykuUn4c6ZW1rq1KMVxtdh8vHQcKfB5VcK2a5RKYUQAobu3uL2gVAjMDEFGa0

 WyvDAV4vFLhdUHRctR4yf4/Xzcy+YrHCOaTgLv4Yi0JOVE4NGSw5N7TIySR0uKTkouWgYs0kl8

 NB4pBgjaWEyYiU0eLyciKRKper8NB53S6y8IVcQWorRy+jWzjsZ0DdQSIVPHHSMzODzSHuwL1E

 Hix2kPGDve29hePH19bWAU4lDuKAl9mk3/zmt5cvPxzwB974zUeAwTIZSGqFrBAIMeUgr9tNvo

 SuBuBeUNzivlbSWaZg4hqph/jIdMnt4AChQtHJ/Ck6PRVPJPAq+RWSb1quZSYke9issG3DTgPn

 QLAUBMiyz11jv8WUZDW3rNo5lkr9dCyRrJeIo7wxDia/8rbWQBjsKFkU1grVpaIUwE4BhxARlY

 tBxWB+WUTxxvF0kOEjMWY5AJ3LUAhBcskTWOUj2eU8qv9kFxAiSdaooY4YYHkOny4iKV+49MQC

 4D9ADXJOwexD0EN3GpgnnkQvgrgJWCogyxqNd9RyGkzJg61Lc8G1rQMMIH4ZkfBIZ48nsg89dD

 EEiYJi2d+H1KUOMISodnY6ODMXIk4Hf0GAKykHlKnNubQ0y0ib37/zodVhnZiM+sIhukdYxqs3

 r81MTPz2V28eHiTMzNFpdix6LdPWxyb884tRn585D56zp5fTWQZMA9YukLdhhfe2EnNTEW6LDZ

 peOpZp9BuBkyMcRpO5PRLWTkyI6tSohRN6tMgEmGgL577VlcXAqocYfYYrJgEgILxynoCZs8Az

 8G94uckKfxbGkg48OdGoTUSfH6h/stBYaYgyEV0EnYUV/AObLZVmoEOWwESYzDMs2QajDTjJ8Y

 XppaWld66894cPrtXqVXhUmDZ2/c7dLz79iN1hu3r96pOPPwSi4uTysXS6TLVybGwhnsiEkHZJ

 a+q7tWI5m0RLw9hYJBmQS+OZ+8MhSEyb5SIk7dVCEVbK2MEBR06/NBHGMSYGxhzjaqLRcRJRQO

 IhkA3CFJEIF+GTLCGHCbZF6Qa2gEzUkavEbUbvWVEALuf43LTd5wXtkUmmqT1yuCAGcVntsf19

 1o4TI8s8GATCXrJNhUpn/PQZaGXxoCTBgbmw2NskGOyOUjpLMenx55+w2YyZZL7Rbl+7cbdSaI

 +a2usf3dJoGISh4Ba0eyY8fWOr4bM6iN5NdKooXCFOs7CuD+q1SqlMoQidyYqjUTn+bKi0+kmq

 aURjM91XOwcpdoD0Bg1lSBmeIXxJlHn6lZKWGkwhPwB8QlGuUtDiStELSVCEN8K6iBnkPcUZBk

 Qjy8VP3Cb1axaLspHFhlMKdydRFKxcZD/FcFOLUFzguElFILe8j2ShBVQo2EwOCHlBzgS+AEhI

 wGZ47kBycPERVUkZ8hjfJZQRlCUCz+njrIlES6stehSVRoKD98H4M0KTE9lV8EcVpVjMaBT6Tx

 34CRTupaQIbT0LJZWULsV7x2jg6HYyB+WIUzJ3NrsNPZNKZ0ol2r37p0+dhDqHDtDYQSKbrXHO

 0GxTUwGP12q2w0wEVhZOL8bHwkpN1DWcXjyOfnz9zbc3N7YnpqLUaz65dSc8EW0WSx6n1eMwR6

 P+ZCIPO//M4kR4GsZvK+2SVJKx2OlseXVr7+wJIJtgWzX5TKXf7C9MTzotzLcM7FQ7fe/ppnWs

 MzK3IeoA9CqABfKqjBSGyow6KlQhMj8TJCbLg2Hg3ImZxhRIn5MBgDxD5UckfkXb4TjJ8VNlk/

 5B4HAYbtxugkUJX3S9Jq2vuFqiK9W3ImmC4hsyIF7sgTYkHuXQF/QwdrUgc8Zt83NLr7/+01hs

 M+D3/OkrDx2f9kBowVhuenuefe65t995cyJg9thhRoarQ3dsfsmpuPZ2C7ZAOFMvsZkRpzm/vd

 Zv1ZkExHlKr912ue2hiN9uMjC/hiw8sMITy8vEPrlCSQ9wCSMphxq3nvvkH5EqCRAxtHgmyK8I

 ngRoaCPxF0aBoM9GycxOthHeOgoTLtjlkUx+JtXkYMRLu53L5okW8JrAb/EzC4s88/58uXyubL

 YowwHm5gTsCOa+zcwUDgGEfaKnw8Ex6lWrd+75Q74HHrlw+vT88vHZM6eWYATi6Z1+DZGHMKXX

 ZNB2yT7SjUdDOD/jc95svMBNYNKIqUb1GuM5GLVlMdEsJLZaEkVIMII+6DfqtcUTpzDR2QLjjv

 HhyWHjWylA0Do56heHukJSW68OGowfhkaWhDGA8AY5yUGLwQtwxfWlnMtpUYMCxEVWDv2Au4aH

 rGpuI7NM3fDjQAzGYAQZ/8kTEC/OEBkS8QLQjQiBeB4kSqngI7TIJDhrzJVlqKUPFoCHHBxElH

 0VBlQpR0leWmy1am/F+vAXJBsDgQDzPKSAxBXpVvLj0tXcVKzuQbfGW+idXpIW7Cazjvlw0QIS

 /7CtQA601kHPZ9Yl11cy+7uXTkVB1y3ORT1+T79jzGXKLNHs/ARO1tbWQTIlRVbUIpwwgYBTof

 BL772JEcc2rdnOjQDiJ0D0ur1nz5xcW1//5KOroHnfevO9gN8bcLlrjL9jlJlJSwJsZjZw+tIi

 3gaxL1kzj81bLTX2Y8mA3/LEQwu0cmJXapV2s0JthOE/ZovHt02bX2Cxw0hXloDmMBZP33eRsL

 ZZ6UdAxAxGh7hdxE2sEjtE2hU9y/HjF+lkRMlDtdpGMmUpJG0p6ShRfqhkjjFeNDoI36k3oKYk

 r+9QARWXidN7ZIZ4KtvItfGpJNJLxYLPz9AMba3Wdbm8uTxpt9LFS+cC2tySvxhw1O5uZEntYp

 zOnjm3vbMd9Fo95Ika5EocW9v7fOB+shCcnATX2ekP/RjHbvtwf88iroU2tbliddi94TDOA5dX

 r1SyyVS+WMSlQt0Y4AbFqeDn2YlJOAoghcZrwS2h4qUGW3LlGGDOHSqMtCo3AXLDST6NHC9GGR

 GWLnnyWMPQeBTUB4tgQSQkw97LM7MHByMUKG/IpHaOI0exVITVsE0XlKHXZCQWiweWXO90tzvl

 tgbGbWOrUncGPCafcyuZXtnaRglFIiGX0zk9Mz4/P9NtCm2N3+NzK3qGkR3GY+VM2uo18Ymlti

 TSpaOOuSg26OmGjTpdAdwN/inWWQBCqFFAZrQNuHy+xL0Vrof43UzAQeWDrtBCoVcoaBoCpea5

 8Fuwf6ptxTCYofPDXRczyDXVK92aRl81GTg6dhuulWZgRBuh4CnlEFwBVi1r3SOXZ1RLgB1HCj

 ESKHz6D3vSyouM2YjVOViYYbxDxI0jJFBNbLKoT3mFVGwlvhbkF6AytoTAhcNIUkrOqBxJHsS6

 IOVyPGlQUq+XsyR6GGJpWEiGBgKTBvS/GhSHkdgewkNuh2y7dKyQpsOPwo556RtfvWbJJQfDxu

 3r+88+dR7YU2R60Tc2sIe97799o/3a8PMvPz81P3Pt1hYhBZ9WLNWpQkHWSiuLNFiLo2mE0VFn

 M2nMDihRe3rl6//9X6yvrP/qu9979oXPvfDll9Prd1y+BSgbYbQEocGCUjRmghwIEC6q1GnnWq

 XmqHl6OoyqhRvBMOpEA9AS98nRCJGvoV/pgxvvmnV1Ev518g+KwdGq+/SaElodFjB8D4uTxDSK

 CigYUsdiivllpZgPK04MKk/4+nHTGAVJi1pf22GL6y1YXHBB1cUG4MBKSWStp4l0pLdRPQJdJ8

 uP5KLocbQ4WDqtLxCuVRoed2DQURhDz5AH3TAJdOSlh2ev31556ZmzhXRsyjdmH+1yeOhPWt/c

 oj9jZmYpnTmIRJb2d/KlRMZ4LMoFIJ20ubG7YB/C09Nk5xvZGAZQWkFhnyJvRyMgPcZsrQ54f2

 N6aoG0NfBg5r7JLDP6p6DRwAlB1XDhWF7SKyghthkvlJYYVLgkdaXZRs5iKpNF9dkDbjQ+Gahy

 rZpMHvJBhKk8HVWB8YDqdWwsHAoFDhNJcpWcMY4XRJsmm41hKATHMs3V7QfvAm+t2WQf9OtFCB

 m7w0q9CGOjJxCwTkdI+JB9yZe7B7sbUnMiJdLrbNI/wcBFlx04Lhjr6OJsPncIbrhU7RgdFqMO

 rhnSNNJAzynB5CGFpB3QHyJ8oxEwAF/QXygURQj0AMugbdW2Wy3qW2y03g3VsHjFRrsdn/eoEs

 OVM5wJ9joJU/A1oAFQ/SqC3Gq9QuhHfVU6HJBGSSSg5ynhORjyo/iH9VQcOymlcC6D2JPRH6AI

 CHdV31cIt+BuNtq4ZNQD8bYqobBVYAjYBamdYGbEYUN8JebFVMhaystVCUaYRduCQuECRDq5J7

 6TxiAzYZFIEJZsImoIbRVQljZaFVRjMjDjLlDL1dkmbfope/C9f7g7rnfYfUouVXzv3dtffPnB

 7c2EL+I9/+hyZCa8ejeBkJG5wVnpMMSMxC9cNt0+Y8uA80OUSt5OrhG/jLZPJ5l5RhmW+0PD6c

 sP7a+tP/jwQ6TBfecv1EH8FfLxTK6Bn1qpczNGm9vnsx3GYgdbOwxKs/ms0ydnxSmmYqNA6O9s

 p8sBtxWFWREBo5NUB7V1x+Uc9SAc0U26/CePT/3itStABLlvulcRU6kRkYZig4X6Vg4e6Rwxsp

 I1lDq8wBjIf1oZKSwFBJw7Dj7XDpYcNDIPcuDZLTQC+pOwBneI7+ygKHTZJggivRSgQPRPTU7S

 X7IZO+j26O0pvfjcpTd+/87F08evvHNlZgKaiaCmmVfcEy6H7de/+nUsFvvcU+fpwA0Fxqh4kQ

 IByeDy+xjRKPpDjWSJgaJz89kb7xHocIc4htgAfAKcPkGYcy6oTmLS4WWu1CGKJcmiJjQBu8vQ

 KrlAq53uI2MwQHORG3QkeM58vnj1+k0kE4Ms9VWZQmAFdiZuoAy/EXXFoaI3AHuMO4p9py2XFo

 ag3w8aPpnKICTcPZAXq9cLlK+ezzFz0kxyslXB2JCswwTmiR/NsLT4rSNXau9AIEEwGzMZ2WyP

 TM2IWWK2IzATraYJE3O1MmhWAtS4uzTkQURpIF1MgkGgmUyUdrvA6gkEHFIr2TwiRS2JMe6LmB

 0uEfxlg0OhDZCzzmtoEKW3CVi22QEwHBSERaswnZbt5/MllaWrd3XueqdaQatj9uQwo+F5X3pA

 JYEnVRH0uq4DetQEogg6S4PDpXj87XIBrSNaUT1J4pDzSmQSdUiDu3BoqETQ6DxRwawfDd+qcO

 IBqD62WFykVl7P9vAQOyaBr2QWeB++xIxLtVk9rBwzwJ7MbevSImMgudBvSJMwouLAUScGFz+i

 C1VCbxRxWl84s1zPpH/3t/8WN2Y2OnNYXGWT06nsx+/ffPmrz2dyDJlkMK/P/+wEjeLkPuTu+X

 DMxXBYr7W9kjhHOyIEUvznsym0EISxV75gYNR3oEbnT59yh8LShjWyaclbSP8jNlzvDY/hNFld

 3hKdaaUi/eWkXmEm9ob9Cptap6FTb7aZbE4odbhBq1ri6XccHiZmgC3UOG2THucTJyNwuclgTp

 +D66Kgh6DKWvFd1gs5lsCBP6DcZI2Z0GR1ausIRtfmhlOERlea7eUJ8KsQ/GMn5H7g2RWTKOEj

 30FIs+w0x3PnbBiGdHxiol1tAOBYPjZ//dodhIqjhhbm9ikmH1uYHvRIOZU/+uBDrdXtoMc6OL

 6/9xsAXsjReMibSKV3NtbRE4ij3+2hNAMgG+mCldLusU9MzlRXb4K1go6RxQKPPXJiO6QHRo6C

 VktkSmHJwJLh/qGQGeHbGg48Ad9ElMjHjRkBk4n6h58Ov4iuGBQUNV9MG5U7QhMyT4x5A5yFIy

 xVMaF7QkCNHCTAoPikVSYmaXX5bJ4cNzCUdJrxFhBh6zDFMqU8nQE/AKGclTJHNVuOrWeIbY2K

 3x+0jM97vQGjyYH9h8i8AlMFl9Hv51tQ5JFrQEmaaCnBZR06PVannbgUNJiGgqXV1WjWSDGKcA

 A9tphA/+FeClZOTrZEQdwojj/GqlSAekH1lDgzmCiHi5ySg1o8A0dVrnAcfmoAnDkkXJDJRIFM

 D7X3+u7moCXjdjiv7BnHROjG0UDknjFPBGrMy0ARApVs4dkAH2SUULheyNDxRggOm5w8lY5PrZ

 VbAV5I6pHrkn+qghczQeLtSIC5XK5c1CtASwJNeRKeNt9EjElc82ScPXwl+WxamaV5nRdRIhr1

 m3y8APSsYHsIwfBHRvgNbBXaBKLshXHvs8unLx2b++hnP//Bv/vrbjn17IkZk63dSNdpsCD4O9

 hNXHnr6ksvfwHLgxIkIKLOk4MGQLpX0KSss8yCwtWEOxBNRxufLK84mxpwYCYLBEYWgxKECe1w

 ZGj6xopmZ7/WbrS0DXDhniBqHjeJfyMa360ty+RhlfEfo+Hy7FLD6GU1DdYqfjYsdM4xCH9HBc

 tssR/0u/aLVGhHuAp6h75CsZTreO39Kz07fQXUvm2cQdSHqDZ1y0nL4k2zJKIaMaoyXw0boevY

 nJ1aVkcjspE8n5UZV6Rj8KhrLTgRTBCYwzXGGWjwpugsiaipJQ3btNVDDd3tmi0OGOsK+3sPnn

 3KYbUxW8nutcf349HxcUDfp2d977/9W1co7BhbrHY6Botm8dzZP1z5uFXrPfLYRbvim47MVcud

 xO7O5MxUai8TOb2UHFT7tCn3IMGBzFkfdLkC45H1a1dp9se/I2Ui5NcEJZxmoRPCqe9Fg17D5G

 SERafPzgtOhIlJS4uEuJVKlUsnx4OcQHDhZKYRfSR1MSy425Co6GDzI/Uneo6bEl5twVeieBp1

 dJAUd/gdkdeaSC/lCwWPm5EQdCBAySemSywGpAd0YDocTEuJZfGlm33FHZo9NnHsJEOaeU6zVh

 CzR4iCP4hEkY9tMdCUsrFNEX5dUYvoSFS5xDlQwHIXYuty8GvQkgE/Gx8hVQGuUv1PTIa0awn2

 kz+hwGgw4i5IRXCpOl2VUq3JamNvWo2yJJpxqnQyGAm6KQbJkCTifaDIE0aafoAgSBxV5Iqn9R

 nbhv7WDchtEtWroas4KlhasaYmq8ffquQZZ8iRHXTr6CMVzsm4JpQ6l4kkKsitnDdZUy6Xc4ai

 FX9REmP8KqQ8IufiPEsGi2eJ6Io4I+0cXEk783KVOI6fECM5wPI2PNHMpECbnV4siYB7Q5/L9s

 Tjp754YmFWMX/6zvv/+Ld/y9ZE/CSCzZsHcdgJyIlbIX6xKvFY8vrH15/53DN0n4p+1gzI0LC5

 cs1iOeg0gdyDZgZh88X945vcjyw+wmJSbB4B9jKkptOBkwwIoYFM/nDAdBiLU69YHSBCcF7Atw

 605QcfefpgypNLHkCNx1JzjODZNOqCEGoSpYCOevTJZ65tl6lRXxcpEnyR1WYOBdyvv/EWcb4V

 8kei1H5DQlzUmHp5BB1cDesiyyZrJnlB/iKFPoJbrhKDQysF6J0+tgxKTAN8FXinaEkWnlyuvJ

 BXwpogWnVE4x9/ogbr93ppsLMYjPH4AVcCnWMynfU6nadOnajXq698/svx/W2Sn4sn5q58fO+w

 qNPey334/mdUoPmUxx4+fff+nsNqL2UzT7/4Yuytzzi+Vr0VUszhkPbk/kEuw+fAto/Bk1hUnU

 RFWwG0HUgadwF7Xj5fAq8tA4qEawY56LY4z+A14vsJHACyC26vm/cihgQJz5Jggaii6WU8kMA3

 6qWGztBWnDbpwBMKgBak2DjqjFJywRtmZmasmnlnnHu55PG5nH5XI4FkyeVAhICph/W6Um3e39

 ol9QZgY+HchcDMIh4IHJacJ9K/IK7YX7DXnAfEgI4MXBnWlywEo2h7IyrxPWhxFejZpV+IQ691

 2U29ahUN48QnRWsKUwSQWGThqDmPeFbXbAjvbKnUtNkQGhnaRY2PiSx4SwzOYmK8dA7hV5PjYZ

 60xK60LowUpxf+WtxdYBpoASGRU5muUC5QVQBz4QGd3cugu1G90BvWqMEhedhRRl0Omb2sOLRc

 J1krDYhr7Kf07kBtJBImOWrIZakP/dMx43RR1xAbq/6BsyRHT4Ix9Rjyg5xKDrEYZ17LAROfVn

 xyaAw4nioUB91kBKcjCWmcCIB7tUbGbzNcOh898+BJ06i7ef3mdqn+s3/3fwyyBy7NIERbWGdA

 FhNoGekSu8VgNxDZdj59771sJnXqwnFCsM2t2PpqDCngFB5l2Ep5uIPxcOjURR9hNblqZIZcAC

 cQ/90MxM2muF0u//5uAsZSeCXwE+hIkc01KUOpgovdtqpjFHXKvIN5w0y9I9dBcYSZMHpdnZjd

 be9I6Kv5s5cf+dFHqzsDLwVnUoJhj/uDt+9tQLrkmWHA7VBLfo4dJxdA9kCN6bgYogn5mb+zk1

 gbpJtiO4LL5siqqRxLdNKaiaO4GA4eSo4sB7KCZhVILY4ryBX2DpPB8UcvA90dC+3H9peXlqfm

 56r1htnlPzUxq6/nZmZmX/vpt//+0ORyBx/5wpc+O0i/cT03UILrb39MfPnYYydeePHxw2wN6/

 WjH/wDBFmlSq2j65IQJ5z2jYUO1gvtUpF5fPvd9sWAqxgeu331WnA8LLkVbAXHDJdZR2qyRSGh

 VesaCANIPQPToHOrWCq2oN5oC+6U4i7cC2q1QJQRGGsMLweSXaEpnDYAbp5/QBzwzQA0eFwu+o

 Lp/mBv6LwiJZbN5DrdHtEz4lhtNsbGQ0xRqNOYajBUGfHqcYYNRoBBLHlkbmn57EWY/GAbJ3Km

 +4RjTuc7ipwVM+rhEzaKyZJYk7OrR/7wO6UGQ7KfgzSUCWFcDNaFulG9QjzbpeKKmuWFWAmuB7

 oE9opNxfwDD6RfGPsoAQWxsgzqIrKtcYsjsKY4Z4qF0Qzc3wguDmqJMtUBdA4+C8l2ZEk6IwZg

 uTmspLjwUUkgC28DIqfX2Mm9QDgWE3yE3Qnwh6MhAS3E0X2YJJA0PGHpXUAhkgKSSiPU2OgpBF

 R1ROW+SMAgu7ybCAO+Bh+ILyyIMc4Y9lbSWFy9sISTjxG8l2TncI4B5pPqR7ZZD0iUjEyuYQwG

 IENq5sPHjoeefu4cnc2x9a23v/uTTj6t1AqV1N6wWaezdybg6hIXUfCjJGTQWo0aqGoskh237+

 3ubm5tdZnoHXSFQza4BFH6rGW7QZRDPZOfCapQQfgCqi7huqVFmexpS29m1ozmwvlLn3z0ycLM

 osaFFmIYmwufnsvs9qrijjEvUO8qAeDE6YOACcnWabpWE6tM9Y1qHAfn5PJyv1X+n//1/9U784

 x3rMOAk2J99PvPVgBgGV2TaB00GdRDLJQa9PIhsoKsDP+Pd8Thwdvh/BANwcehQGeC+qM+T+GA

 lulhhz4JcPxYCyIpxmIKUyfHRwJ+PR2japICZwaUDjFgzxsIohRKjHJrT2/GC5FI2BUMp5JJ+1

 BfLpSWls7HE4fnLr1yb6e8ur578szFW/fXKe1xy2RLucdPPvlkfHwyntgbj5yG4abDpEFxr6Az

 UALRaBnCjth+iW57vdXHmG9ZMABe2ERTp1zn4OOZMisXnknyVPT9tRot0DbiCeP2ku9CwLBdCD

 QRAS4bGa5atYqQEioLjkwmQkGpQdBHTpt7pXQCYKZRKqEhSBwqOOgiM4JbYcRPl1YOHFR8cpp7

 pX2vRpcGTxhh/dG7kWDI5vF6lk7bbfYh87LJXB5lw1hocW3FD2UHMYFg7ilZ8J4S0xJ94WUffb

 GOtYLfTPsxE8ZFiojy+VzplxFfXiqronUQGsE/SdmVOLdNpxjijA3lBoFeMKqsWuHA0f2JYydT

 MDiBYj3s8lLeyUxNDu8LHa+FnodiNOZ6QKBN/trlhqeSD+UEMwsDIIkslELQ0WAikYEW0z4ccu

 RFDSObB1J4UeSyI1ho0T3iDKOBuEM+iPQP6oBGRaIPXGJxlZFLkWSWXWSSm5euMGwMORQ17wXT

 FDVkcRnpu2LoY9dAaYTaNUrNYdcMcenb1IhOLPgfvzjp8Vt37q58/I+v7d+5x9geaz2jPdgiec

 E2O+1WGPJ3cjBF95Bwp1lnEc2AJPGzxe51urw2r4/eb0M8XtnSkb1n8cj3DpjseRjLzh+L4IUK

 gFT1/+VWJJklWy20JzrthTPn93f3762tPvn4MygvTb9NOY8nWyw2DhpeKDtNtuYwsc90MWjG0b

 +i4Jg/RXQBDTCjyet1ZsQAbS7mSWKL6kTf2ZxebgQR5VyofrFaT5O6oQiy/E/MLhpJ3H9RfOoi

 i0Mt3rP6C24/LXY6VpUalTxOIooDRi2ApT26TXSl5P95F4ka9Wanm9JJF5qfoRaX5OEH/QSAlC

 +jk1N+3kpxzSw/+eQry7QlaNM7f3r5m4mDg3yVYXeaRx46vb52+7vf+eHi4klgpA6HNC7VqmXI

 +nlfsaFUicD/BIOdfKaWyzPVkOIZp4mGfB7k2pBV5F9yxrQGGrFkwMCB3DrtUMDifsgJoklQFO

 KQRAWrxvMgupuYmYZq5N6du0WKn9T9MCRksBUYPDoKnNSkrM0cehPskA6rAiykXumB30AnqDZE

 jma5WPO4/E6HEyMs4Yf4AJ1co24GTWu2NdPJngLrr1DVID+UOkiAIGf4u1ZQAgML5wBOEMbjci

 oU/NshpnPQwOvgjyYw68ZCan/a4yBzDJy0abKRkFBdJVQMn0bBU/IYqEwxjmAYAIzXSqLQiAwN

 erIUSBJlbey0IkdQmiilc4y1tJICp4SGGWp3IQWq443jPuKReIhmyZqZrBQdnRUYrTiuQgACTR

 8cOMaRxS88VI4grjZRCScdBFZPuOZkXKDYVTqEOBFYWoC1UmnEVWQcMSRs1KJgIR9i2UXncNQE

 I42ZFsgI55GWC7kVbAo210xSgowb3gHHj6sSm0bUOLIYm2TvBiWf0UALwwMnQ+fPTuX29177f7

 6z+eGn5YOYodfCqxkWZcwVGRPwZz4HExq5qCb3z0NuhvuaRy4buf2Rw0ce2Ea9ULH6pSZnYsg9

 HhllDAREnOl2tZ5MpEKB80YZx+cCoILK47IIEGiIwoyyLlTen3/uC6+/9dYHn356fH7BJUfWiK

 9XzVbi8T2KlICW4rurLo3RDVcjvURkIlkC+Nz1BorJFjvJSONqtV7y+fpkpE2ReoPGA+jm7C30

 LFkmAiGS0iPpxxxomih8rC1rh85ltUSM0Qj4Thw9DZXCAWMoQFOpTyaGYj1lfVXpp7Bsp0rFYS

 YhKOLP0GgiYFXmkQwNBIEuDzNVaaex0/Y0MVHqOYr5Ibwddqdzbyf+9se74IjGoteSyTjEqfTq

 Pvb45W99689XV9dv3Fl78Yt/RreeXdH94qdXWr1xb+T4YSoFzpnhnWp4CpGwxop9B0OeisXzrX

 l9iBwBCRcQnRrSp22wGmU6Qiai01AUZRKHws9IFkZOtwRPMCp0eCOOtEqjMxqfnHzq+ed5v1yh

 +IUvv7izs//6r3+ztbKGPrBhLEjjQIZJIRRrb4IJgD5bEp+wmEm+lC9RBZIxw4bXsOcIBIZCDD

 DacjAopA67Mdx1k2dsCpJmqrhicWW4CEfa0oOwl441SqOWAGcTFegMR+gTRJ5whGjAVvNAGI+R

 ze2HXy9ZKPtddmiocTU7eHW4gnwJEEIOGeed1/Ez18a2cHvCMspv6hdvqEPVoTJo/qXcR9IPtK

 PVZmRaoJWCoaFcJtEN1QZJF8Vos1vsYZppmQk56LW5PVwWroe70iku0e7YHMRVo+3o3TTTYOqB

 kkugyyALhA80HwMfcN7EQ8YUIAUkqBBOEUEeR8XjtaLreRpmQmd2Sgp62KLLTFYTn5JvwCbMGB

 aZcMwisxMsMkgZLVUwYEeDwbEx83jYN+PzRLz0Xw+u/Ogf3v/xT+qpXI8plf2eibYuDqh0HUs9

 iVPqscM9wikW7W2BmspAsRdVQzUdwTEqDgvajUcJl6xW1QWQHcS1lCXEcSuky8bDRHjxhNgxsX

 vIgvzjpqTAhZ4aCePU17/05d1YbGVjjXyq2WohWvOaR8ePnQGefZjYYEAudEKUGcRxRQ8CWOT+

 GWiAjncwIqwEZTI4vkpHUzTrmXSODRaGBLZTVo9PRkuznqwKv4hHyqKgVeUUYivFRvMz0QdzmP

 Fx8KEkHJajJV2iuM5i1uQkEJLg4knSB2mS2VqcS96MG+M9JFmrNjPwQeFIdG9nNzI1vXjqeL6Y

 vnblA+q0x08t01zw2a2reJ1TExMErswT/OTTa+++/97M7DHYzh99+OzvX7ty57NNs2KnzHb/9m

 33/Axhd2vYhnOIHBUASvv4ZO3woLC/3vNKNI464e8EsZxqrpQ7IXU+T2ttvW4olRqIDFCHbL6C

 WnVIe4c2l8tFJqeff+HzJ86fSadTP/nhq5u7uwvHFl/+xjf+7+/8t7d/8asff+/7zXbdS5aLXD

 8AVsGFkixps0nsFsoMCZel4bjqAUVBX4qPXfTDWeC0VSo1bl68E0aNlkqwYVlmTM38IZ42S82W

 4ZxSx6Wi27fY4Oks9DM8wNhS+PKBEDAQDaaSaqFAuxLgNBYcjGHf6cwVszg+k0EvaoJMebNVxc

 nAe6IlF9t1RA2HKwpMBC+EN2QDkVb0F3tDaMDnivyoUB3uRBoJtAyO0jcLIMyhkuM4mnUOh9k3

 ZrK6rSYhFiNLT1DNMeigu7kOhI3vFvdwBC6QzQbDLCg+jc4qpOTSNsDwEhweERU+VH7FORH/np

 cLBkNAiPzDREMASmpKQ/FT34fek4yQ0U4TLB4Fm2fGphFqSOcsrdQ0k/bg7gU1YRyYZwPK8oR7

 YSI6goqD1EMs2Rl53/jpa3d++p0WOrRaJRwng6vrQw4vhRVkBTiK8H3hkAN8URSExwVflIP5zG

 p0r2K6sG4cd8E/Ulp0OTB42DWCanqzgJuw4+RUDnd2FZ+f0RkGkl9GQARgs7lL7k8a1qjFKGQZ

 9fr5OdqaptBB8nfaAfDTCEr7TWVQaxVTEP7hvOLVg6pBlgBS1btdplrbXP4SkVof6Fizbwjiih

 Gls8RNgH+EfyKsXCgWk58QVzXLoP7E3xnMIqEHe8Syq1ZKfGmEVt0kYTgDjSduogzDIuYiHqX4

 ohoZWErx6dgE0Uq89ijSZF3GpqZjG3tzS4vxTPba9Zv5UsPqsp554CEXDARmhSaQc+efCvqdc/

 MzmlHnJz/+Kd71X/3F/7K6sfezf3xn9d7u3vbhQbL86JOPb69vhaNTbIOwVuGUsZRQ4zXbQAPt

 wUh65QYsHOiLalUq0o0KgziRZMzcyGa1Tc9Nsy+Gf/3/fvuDN9688cGHuSJFKA0KnSzc1776x9

 HpuT9cufLjV189c/aUP+j1TE+lD+N/990fhudufePrX3nua1/92Q9+8Ptf/ZIFYXxJr54BiIPh

 Ip7idEo8JlUVEhsEMlTVgPWKUgh4vS6ng1HDLCV6e8SYJhikKUfVi/q2NGAL1BGHnM5olBxuA/

 MehHHfHI5MRJZOm5zO5O5KemudNCHhWbft8HlDCokiREThQUchkSiZRrKEEDs1y5ikNi1EavkH

 cWIKkeQy4NIQUSPHY6Qgi1aWlLpAc0BBMIwSN4QnSOqLYySfT3aEwrzTp7PYtT7PyEIhdVCrFs

 FDixxS/kUQTVCKCI5KjhKm3uqWRmmo97kl7m5o6OiJpcUY4G7QEqxaBs4c8ZSMieDIST4ZDibB

 MCO6lOBxDQgVkFkTgxrIO9LCbDM2FD3gfS3nvdXrAQL2WnVDU2vCa/Mo5jNTfibKurT9aqW6fe

 /2nWu3dlbWlVLhC3/2ze2f/b2+XDTVG0qviUqh1xTngMuWnnRJ6xFXkg9TUzgcFqPR77e4PSAv

 gVTRwkyQZaYDlRPODJaRBZwzo4RoZiLfDLBLvkMKSOaGvMH6rRv2IHFdCP4R7DqhGneENyU6Uq

 9F12OOcUdQiMR1GDXWCMZY3sOgaTGUltaxE/MTPretWqoycYMcKqV00tXoDrrkM4WyzuuukDaz

 eJxwJBoU+GcwRVIdFVlUJRmkAnuio0WJfZEvicQFnUY+Eu+mS2+ZBLa0F7I14IKl6Z0X4wNJzk

 bqKdwvalL4vXixBIEkD8VO8zZU9jnOoAO6bTp28LswS/7J6UKxk0m1DHUgU5RinblyA5h9YoeO

 jJYXrdNvKYp77db9S+cerxebg2bn2vs3B2b7sy+/QrN/IVNZPHtmM3fQ5QBaFLJrTD/qlmleyo

 JjjwY8+JLqrYjrgL2jBMPJIlamKEuDax8Y0o333z/z4KXnX/pCamVlfX3j6nvvnz15AmH4T//l

 29gT3JQP3/0AZq3oieX5peO5SnN7b/8//s1/vnhy7o//xTe/8Rd/+ZO///7rP/xBrdfxuU10IJ

 HrhqGGEgPjkFCH/BODLFU0AzVy5nezHxwScYDp+gOSZVHcNqWWPiTuxaMVBSp+HSiJTk9PL5/e

 STl78bwrECJtQCjicHmNkSg0Gk36LysVafJwoBZ8HDu7P1jJ0OdM6yLJATctnqhwvnhPkm+S+x

 EHFYcXYZFcl0Ta0u2hJjeQV/H9pF6PMKmWUXaQraTFAsQ8NN9GT4jyKBkmGTDV0JOtl4vlkiX9

 wKIy4MUF2B5Fjg9PXAXZMQ6vOBMyXclMipuLAb6LMyfONnkRA8xYwvAirgCxuYXrEQZ5qXShb5

 gFJAQPgP5LwN6gaXQZAFf0FJOGttmg2z/t94x5WEyocwyFajWdjK9t3bt7a2VzbSsTOxhUamjq

 qFm7e/dOIZNRQI/QoEizm4CgJJMnHgIfg/pod2Q4D+EDJoyVkRqjnk4k/mC2cSuGhiSBcKrQKI

 D3wC012Su5d3FQ5Xu72YPhvyMJsG7hMGVxB1lik9tJlIuYyNEjLy5QPRIUGHjcILGe4sByFZhx

 PC90pN2xBOlEE8dtNOEdM/o9TK9OZbN4jH6vb2pqmjql1eR/N5cGDVzvChhV9VxYb0GHy4WIUm

 ETkTL8A5FSSRaqh489lQuWWFfEVfSmmvaXXTc7DKOmZPjV9l725YhjmLOA7sYnFe4CcZ8lcThk

 miOfgy/QakJOvrWx8cBDj94obKImEK2bN+7fvb4yDVv1+i7DoYmK333rFwtTzouXn9y9f+8//P

 X/NoDRumtYOLG8dObC6so61vbMhdMUk9F2eHOjDrMBpF5FN0txY41Z8w6H8zARR3BkoaBbrJOI

 IRsq3p66jDI4wvDxG6/d+fAPE5MT09ML2F466XY2N2O7e1NeL5wdcPVGg2Ow5m7fvtMsViLHl5

 dPzreKhQ+3tte//e0nn3ru6W/8d4/CKfdf/tPN3/8OFARqKgc5M0wHqHVRhdwsLqgUk+huyeVz

 k5Exqqkyi0g/YgiTpA2w0Qh5h4IuUxTIPurrJLpRgjbXdCgcZn6009mTUXo5ClYOm31sdmo4iN

 SqzfhBrkJbgzr4OBTw0V7Ri4aye1vNUp9A2eZwMDwSUK5k2hxOKOzFwWU70LZmK/qF80lbItQN

 bL8cANQtfrWAE7kmcRGINhlcJ5lVKAfM9iHXO4A2gCCkhS2FLoNXSJIYvcAdiK1mvDduMMVqwl

 sDPR+ArpAURj1IEZi8qcUxsFrF3eZ4cTFmLx0KUjGin58ElJFRbOoQAzJcmjqN3bChTRn7EQou

 eh2DomciHi+pQWH0lTCYhGSC8s52DLxUJplKHexRQWAiDvgbOxUy7PSo5zcojc3b+mGTlDqKkX

 Y2FAaRouDHiC7xmSRSZZOFwAIaXo0F5lYdvfcACoilMEdCx0t9jpqrwdRWbCart+scMOpN4kMT

 QzR5L5oI9QD9EEMy+IcH2aYjNQ7TXHNEm6d8GHeDbHHHSM6RvhSxxZoBoBqZGeNAwmvQt3MuI+

 Gdjz68m0jDQOC1wzI1OTF3wj8e8gd95XJjbmahWYPtdc9s7GflCCNc0mIt+F1UBH4lnhTSJVEG

 KyhRsaCf+5RL+Gj+Ir6CyLRcjCR9xCEeGTiKwt5A/ExdW/pFSEigRhm/Sp2JigFqAkXOEsBQr2

 0OAEuD9FYKuH9eknvmXK4SnQrtbm0a9NMOs4N334+VJVNmJKluCASnM7niD3/w2qhPWSoSCIUe

 O3OKVdjfXw9N+CCuyVYPcYmhidD1arXDjCvgJWEn/SCMG8inGHvaAlLVblspQtPXzZaChRavAo

 6z7ia0WlDq1FLFhq6Y2jzY9G+gBmyMPBb6H6g5Rk6bo9mtjjp1m14D9i0ZiyUPE2PHjk8tLwe8

 Psiu3vvgg+3t+PnzZ/7lv/k3n//6137y/e+tvf87J/awb4DEwur1tOsFfF0WF6aFWpUBCS1wnj

 JXVrKwRys5AFkHCQ4BOk0tHIgOSsRmCU7P+yKTKKN84rDWTlIWKhVzQK6oOTl9ARwYTyCysLgI

 k2I2l2q0mlhjs4HhKr56Jtkq05RR9jmZG8bUFxA2gLFQuGq+AzFl3/Ci1C9OFdpYdfg5A2qlXy

 6KL0RYuBxETCHfQfxMEAnisOFJ4EqCqlOrysQiaPSjgEGUOZAMoAxStRI9L04kUt1laprJ6R9Y

 7WgieQMAKphRRkijbclM2U0eHCGe2UinWl06asMuZSGghGz2yZB3zO2YdCItoyIInd4gV6tVMo

 V6tVdOHVZSmXs37h3GkgyXtGp79kFT5HFIfoGwhsGjDXyErsa3uXaXc8rocNQKyXQ+R/x8NZXI

 UoB0Em1Oxp3+k+HQG/CgDrhwRICnSs4GEZUiOnT2dKzgTBqtDvf4/Nju2j5JFV5I2EW9WfKePB

 kL0ekm9/Yx8hZHSBPkDeTTWGNRGGIOkVlWR9aYt0fv4Qmx2M18tVlJHe5sNIrF9N5BfHOvy3xp

 u7J4amdiZnZ6fsoRcMdjyb+5ceCZO50YBEG+UuoDtUGykPvqtSREFyOF1eD+JGWJ2LEJpOUIfe

 nAQeGoRTupzJGqZWqfFLHU9CHxCQxNLB1FHNIKffJUknYb9GhWUhwOVACeBxR+WohIQNM6PHQ2

 SvhgNnoi4fWVG+cefobMACPvuRjYLnsduFaNnXKF1ekTbRjMVJeYWECWAY9uf3+fFohQNAI1H9

 U+3pAVoP+UxhfSLNnNu87INHTZQPdqh1tdDTByA+kchw1KX55FuUHqkaKnBgMqSuS9BTWPpkKs

 6/k8y93uQ6ci5TAV/la1mfANmGwE5o/cvZ6s6OHGWu7gYPyBS9Mzs4fpwsra/V6/nc4kHrz8wP

 /6H/7jR68/8dsffS+ZyDnDoU4mTcZezc1o8XKzECwMtKUyHHeUtiSjA6G+2+/Ge6tWqT01GaNK

 njYUCjmm5zDmzTJIMVoP6H8ERYLPTdHWPKy2irmcnpnejrjFOT4+Fp6hR7zdBoJShKbA7w9NRB

 O0OJRLeLskayBlQpy5RbxlSiZyVHGEVAkjHSnZRfGOuBiUmmwo+4JEEr5z1KRsw1LAbAJGB72s

 el/sDc8Xmm7OJEZYfaYIr2AY0AscY17Oj+wJIRrWAMcNr9SmHcFBjbGguqQQSMtsdKY0qARGzG

 iqtdtuc+fJKeu5Kd+JiUDY6QCrCqikVmvvpBm32CsNh6VqpZjNZGMHBxvJcixWy+bbjRqBEWMW

 uTc9xXxOab/GvAkMujisrLUwkXWxKvwqkbzcLV6tKHFK5uK6Yn8J0uWMSw+JK8jMS4reePcmYR

 7pU7SjOgogCyVkNuJhmQxOV3jxzHJqO7312RplcbxhjB/YCO4b7Zjf2XGdMOV3N5cefDy+vzc1

 M4fcS4VMarNizGTJuAwxi/pWt1ksZhn8dbhxJ3b9g2J8t7pXgD66Xqpx3oad5vrNtY/fulmAVi

 HkMzlnp556jJKS3eZpD80jm3NUrkKLQ0RGeY78D9adEhBLQETDx6EqiH/xlgUnjntMdIf6kO58

 hm1KMwlrIfEtasSgJm6IcvFSyKhRwpBpdZQyoSgVnB7vdpR5Z7kEZE9Rmhyq1WXzujlKexsrSy

 dkmOCglaP30Ot3WK12r2NO6pQmRFiDBKZLeSaKA1cem5oUPWMy0rrTaNSIooAqAw42019pdzay

 w3psCxZBPpLPImvFHrFuFDvJfjOZ7N3z0gAAQABJREFUj1XjVIuBZ5AdPAySTeA2wb5yvTKvgS

 3mIch4W4ZhFecfEiiSP5xGYAmoNxJ2ZNXh4It/8Ifa/k5gelZxu2PX39k7iGTKxZnJqRNPff4v

 Lz/2zi9+/uYvf9lRLOHobLtWgrGORDH5uSojx1lecMt4eKK6TWTPS1W8xS6ZMK/PHo7CXmavo5

 oylVqzWUGsW007HrDbQ27L6mV0jdJ10MeHJ8v5LG6vpU0Wh9B4BvxdrbMKAbdi9o4Fk5ublcrQ

 5w9gNJjpQSCD0hePCs0qCVy5S4pCiCUPoKpZLWQPkQYliSCz7bwQIitBPmLW8F+EI6nF4+SreZ

 qAWjDjLIskhNhVpINnChKL1RW/FGUANx0dreSyqCuTv6VFGRy33RTydSHZQk8PW0yiGtAsOhvw

 zkM+4Xe7rIwggP+wvZMq1/rAxQbFSjVerG3G06PiYSm+lzs8bJTyQ7ga4CmDlGTQtunymqbMZG

 jSndyBXBdJBH3FyWXTtAOIvu0KR4BjjKPPYcBz5QY5HEf6irvmBmgoq4+6DkXj87jtQVuuM/SY

 mc0H004VXUmDihwbi61Dqp7xOr6pcMeydDqT2E3R/ko4jMzQfieKjSRguVZcveuZjO7e+4yC6u

 z03IA5JiYGfIm3wpeUK2QyeadUzCT3tjOxtfT+dmo/1knlYMnQ1XqtKnVNugVk0xy6mrFWtMD1

 7bJGFo8tXnws0Wnli4fFUUDfaQEL7Ts17VoB6N5QR4ALCZYgJAUEApyP26XEIOedfaLPiA+WnJ

 TsNaqZpLqWqXVcDs8FVNOn2IpEc4WiByRPIW9FsCyqTrLQjFyuSv8eCVrQvh18yVI4HB1bWNhe

 vW31WZdPzXAQyIjijOdyh+nUnkzb4l3I+rjtZn945uwyTby1ZgswDPP0OEEQ59GPxEYN69WAlX

 GAxrFAILW7TtMg5O52l6eWSpEMYqsQYBRys9mVAi1nTS4QpT0sMxcBDSqTzDnEhAhU5w00+vQk

 98P2s+FclBhusBJqaKfTuM1mmiNwFDhPlWwiurS4fPLCRqP967ffXppbKHYNY2PBJ77y1Yc///

 lffOc7q59+2qacKPmALv2JrVpTVpL2BLSddNJrabwG0WF32IPRkMUOrm1I6qJYp32ljm8hY5Hd

 4DPw83BHbSMYfCjWKqJiYALVzAp5banaK1VohkvrFeasM5sHoiOjzevtVGGoZMNk4C21IvAh+B

 1YIj5X3C22kBtjt9TNFd0sIizSyD6rak71I+U5OF/Si4RniqpWDayUThBjtpvnS3aHXC3XQ4aZ

 fDtLyxPFLzK0VVPvAFyhENUoboVDUm6WG9AEHA+YT44vnFqYAkFmB6AH1qUz3C90iuU6zWOVRn

 d9P7MfTx3miplMDiIVSxvy5rx4CI0q57JNv/QRc/SojvQQ8DLTTi6c+El0FSdnSD8jcBBCfCRZ

 TD/JPFJ0otLRUHJU+btYQgIDcRd0OMCcz9nFmWJil+wIhAhoK3wl/FUBu6PIuDULuCyrb3Js9u

 Lp2N7h2vV7PZr4LGQoOUISEOtpamgOGS+ez6fhCcxlkh5veAR3+pFsoEFpIW7W4rvr63eup/a2

 a/lEjRnbqYyhA+m0HoD8yGWvFqu6mjq+SK8FQLLsdCVH/Vt3fud58MLZR550aV3TlTbzCg/hE2

 jSHEqtQWEohsSwguhk9blapJX0oRao75FnJTvFXXOjbLowFklrNYcc7UMaXqugfRntQnmYONlE

 UwopVrxWyHERFk4fihi4HhMlOH2UrkA7MNyLoxGZmMLQ7O6s1wo1Qja3ncIAcwHbuFgmh9nisg

 sQBZTyQMmWinZ4n6wWidZJqPWY6gALoCub2it3+hWLPeQklCK3am2VilaNl0vlRHLCuXBSjFhg

 QiJy5aQvuG4cAVacXLShwYqytWwhlphqtg4PHqg2Spx7hTMWsCAcVLpGE4upsp2CGtVCRGbjss

 BA1TcTO6mq59TFR49doJX557/+7dK55ZNnln1e71f+9//zsc31N378482bN8istj2MgaeiVUUT

 OBlXQf0NQdJow2GfK+hjQXt0ErcapWoVdUH/sDM4xqAjRjwd5uLteh3czGB4nUqDxuUxM00dRh

 9fEElmTUI+KyeymDksFpOMVqSFn9w145NrpSpIHWBQ1KSp0rAi0kZvtMMGSD53yNw6PhTOKfUw

 y46CH5Cdx5TQnyBJTbV1hV0GSA1XGc9jdiYARpg31F4rrC7JIb2J3lT6Vlkqm4XuFI4B9ohcVt

 +Dyjc7XDBswQtZK8+M0zmiPzEdnRjz+xyy04SdYNGz9GS3uonaKFPT7EI5tRsr52vQrmoyMS4B

 X8PUxmI3Rr22btizajscTU23oum22DCcQkwfXiLzSeXKdbA3QZ/CARkx/hrz4bRakSsmrrPtYn

 lRL7ycKrgQhzEOk8NAEdkCeL1N2G9xRE+dWL2z0RzaxezKYSbeQTTQwiCxYcOzkf41Bny+Y92z

 r2h6ZvPGux/jKYhbzDnvGlx6azHbMARNnZWN0Pzk6mv/eObFryE0ZgcmnTaSVrPX27j/2Z133y

 gn9mgaL6cP6ZQ4c+zk4w88QqFjOuglmqpmczQuYQxT+/uFtbVwILiWa5Xvbbz2n//mNz9/c/qx

 p6fOHD++MG8KzBVLOZTFbrldh/6/0tjtSvsLY+jJz3G4oG0EQ0MWFVMEUw6obKzHiCVibRhBBc

 OtQGVQw5C36JmiTlmbTQd9IAupqcg8ITQPzaRoPPIzgs2jeCMeOB+AR5Gp5GGi8y8sAFFiliVg

 MkZaoNrBiNOfwHFrUr4iRaalGIYfoG3gjWgMWG9MAjZSWnIZGWrzNjN3Gvlu0Rec89nCTlutlO

 lUcuCkKHRRSsBU4HIzMAnFTejIwWZgq/BQMS2NTWSbMCU8D+0u0BaBs/BPFBb/YXhIY+DooobI

 qpFXRxVxElBUMIxxdmsQ8McOaweZibMXozQkGM1bdzd2YolzD5yvtTon5+b+6q//+ua77/7h5z

 +v7u0ZA8GQ108SGw8JzDCIpEDQD6lfukiOhsVkyE7L5+HLx9FmrFs2X6I5RiikPD5mFQFbJurr

 pFvVFN4aCdGUGZHxBcAb47o6aCez2SrFPAEz14/hZfQeSHc8DrE6Io5YV0wQwCpSrnDfiEhDcC

 DpRzwfWWteh+fLUHim9cqgWs4cf+IksSYsCRpXgmV5ElsqwbM8QbI9elrv0IqE1B67jOxScLYJ

 xTT6gFIJWU0nFmwRz+TcZJBcEdPVq63eXqKM7wFeFYJkJoakc9WDA3g1aSyvE7IMynlLJWFoVY

 EjsXM05kP3N+o0GFBNShmckKZTPrJ4skkEAtyeDDBVLQX+Ik9WL5falMT06D6ukGdgbUhDSRZA

 tBF3gyKyOx052Jl6sO6ZYDjwRcK+UCCbrwe84yBG8J85BdS/OOI6E0OG7TJAEOzN+MS0ySpA/E

 rl8Po9JAQCSQS1WaH03s9vxt0Tnf1+JRQci9/7bHjspHucg6Opl/Lbq/dvX/0wv7+JABX7vVPH

 5v7qL//V8sJSLp5e29j++J33UdmUB3yEN7hO1Xw2k4BTLl81Hx4Ws1pXv7aXi3//09edodmZ+U

 vnZk8f80fHZsZDrstz5Xp7PV6K5Up7ORp8mLSAj+QE7TM0UUyF3UeNK3GRqCSyOhhqNlEFwmCx

 CDmwYsgVpR2JnNlZemnQneSnxX2RyYMICu8GJp84jMWDCJ6D4PD5FJfV3fOXgDtnMpZ6w+72YG

 aAqqNGeE8CNzaDAj8SiyLhC3xouyL5PhUGNwh5XDk3MhxrZfZbfbfRBpaKAVqtXq3M5EReiwOP

 v033AT+Tp4Q0BqYkKdZWwbcN9cemp+ktBAOMn4gXbZKr5d4I7Unt4B1K97aEierNsfFy+dyWmu

 az2J3M+F6Yn+FQp3Y2Yqv3xsPhxelZLvbG6n1wUSa8JcZzH19++uWXWaTUQRzvQXG59XaHxuYM

 BlwEksTAVXpQugOy05R0AcBmssWDWBK+Gy5lcnbOszgXPLYYXliYv/jAwsUHJs+c8U1Oce3ldK

 aSSVdSWcIRXD4MDh8hmRRgNGgHkn7YN8yXibx6GwA6cS+gQA40d0DPrx5kIhuD9pI75rYxW8AS

 JDyWpCu3L9EvdogdN1BhRyxI70jzrYrZJrUjtovsDokQwhqg1Hqd32liaLFzmPEqwxmv8tVzYy

 +cnvjcibELE/5gwE0du9bsxHP1g1RlPZ7b2zu8t7J3e2X/zur+9l4SbiRNPd0vJoe5Q20hgSMF

 IpQ+M4YIEn5pmwVdq6TvVLXtmgxVGzAmR6hJji6bmFsAoqKhxLXnTnCgcAZtDgHFYH4ok+Atq1

 6GGhwL+w04CzZ9BLUQ7mhoJgx7DeZ4fCZqwV+9tTI5GWCIChqZijZlJL3FTbeb4omwbtToUIL0

 MsN1On1stoGU7cXFktHWQ0eaCarfntlm7Zm0EB7R4USIXi/n8gfbe3euffbJh+Vchr0hA/g//M

 X/+KWXXqrVqh99dO3+yibgSrwS6aGBZ5gUV6MONjYEek+xvf3JSr/ZOWSGFYmcEa2vHTrp9+/c

 vf/Rp1u37mx9dn99/zDb7MxPBC4tRh46f2x+MkSuFIB/vVZhwCpBE0O/eoz8JnKSgjfrJPeEyk

 Pn8f9kUk0wEAiYh2HhYl1EyElc43TRTc8xbTYpdjIzxuP3Z7JZoguSXNT2aWDB3YOk1Un3Uq9P

 RgrC5yazJ+B94+cmhFkCXUY9IET8B4UcJ44pvCBGeSaHld8pVQrVaSk7ymakdqnVNPI5nAiKcw

 wwIcs4HvIx+Yk0udVur9abxH2K2UQZiH02ZKBlVMyUjMuNqurSUjmRmTJ4+Vw9zrvT7V+cn97Z

 3qRHl9ojl2G1Ch+lFJG1o+hUeH1ja3pq6oGzJ+5trt16879ZPKHjDzzx1MJivpL/4MPUzOKJzX

 gxEo1+4Z9/88XPPf/aqz/+9ONP64ySwpvowQBGqZQVtTKgmAZUhiTiTVK5lgqQzgBNOLkfNGPA

 YiLbWCESp7PZYDNM+GYn5meb7Uo6VTk8zMUOigcJQ97cAaiJIbYqIP+QXhh/EGEWvzGCuZZOQw

 dGihRFr02ni3jI6CN6k9BOHHrR12CkmKlHkhlhxcRi8XlEJ816iLYAklFrJEv0Qh+J+RUhVzPO

 dJtxmmlStDJrXqN7ZsG6MDM5xtAuLmKkKTQ6h91+otjIF9srmwkZ89Vs5NOpUT4nPgdebLfjZq

 eEi4LMVVPTquk6NfK2coDI51BXG9BwJnZfMhUSL2M/iT6oc0lgB24ZvY6SRrESU9AQyCGA+ZT+

 OjrkZJwqCDduhV/FDot0S/ZOLZMBtSK7jOxX2yOdX4F2aXE4ij5wrvbBJ9f3k4+emgAwTTslzg

 Xt74o4YVIbHelpkxTuFaY3THjDgf/J32/++5Wbt1gzvnAMFRsDbtqmtqZch2gRxFGbYbJ9aMza

 zBnMe2westzf+uafP3DxcrbU5Hy9+LXLZpshk86YKg2YQKnTkAUJt/P5VKJvNb/16ysHdMO0ep

 6Rvq5rw++ra6plor4yqCdSxYPChln7KeAD661wJDgVmT53dunSpWcvzn/h3DBZ6a5uJW9/tpfK

 5YkbTVYf01bpVoOHlb4HWo5QeKQxJHWNqyl+FY0TOCyNQbNKzxTzmVHP3FSj1QNEKFqbJSAebD

 YN9KxYlP+fpveAsSzPzvtevZxzfpVzdc5x8k5cbzCXNE3T5GplA4ZpW4YsGIZpkjYMgwIMCYZs

 CLYgC4JEMZjc1ZIbtNLOzuxO2unp6dxVXV05vZzvC/fl4N+5veqZ6an43r3/e/L5zndGpWLXav

 XFYqxE9ViNyZJOodbEctsOrhuIGTIzAXisStzDvC/sJPYAg7qE4g7QkgbKXces3nZYDM5gQMUD

 Nxv9gz1fyCOVXjh0JMeiIc+6NeF2F3IXu3MwVgIspJJSJf2zNgP/VLfaJQa0htQwbC74wogscL

 gYVOk2GZ1OF7zU/qA3Ho/yA6FQFBoNOKXAdNgdznuPnqCKUDe3ut252blz5y+XCqlnT5+2c2Vo

 LiGPI1WemV9gT3BZqYcsEy+/8uqN115Tu9300REwR53ewYRdEEKTXq8EL0cTTiCRAiols8vLF2

 7dWj5zbmFpldC+QYOxwkZ1hhCslNkoBkghy8HOqAAlaJBY7BlUpa/QRZSl7og3BlokqC/JcgHG

 szyWVxZODOrxcJSKiyaGErkmZJB/sXXoqfDpaBEyfyG4RIxYNMyAJv3IsUA1kGqCZ3wYSCUQXb

 KIUrYNrk25v3FjNuKFH7iyvrH19PnBzlFqM13Zz1d3jjJ37jBUS82mmDvYZQYHb9VttcZNxdgq

 TTSL8CHp23V9s6TvNfS9JpunwdUg9AN2WpGqAUIgj2UFmxCDSvinOVScB7Ulavxo5hirh+pKAV

 I3oTQES4z3kgyJf6SPyy3wa6LC4LK5fHpHoH74dYgYnAGvzQ8b6whyvbXVRQzBs/uP5hIBRmfI

 qsCZGlwhuzdicPmM7uCLMyFCAaI9tDum4CxeXVCSyfT+oQRBEqJi/DCUtCzwdGP2cnQzJ01IlD

 otIFRU7NfOnn77rXchfvD6YiF/BNOk1MoAb6q1eilXLKTzxzsHv/z0XktRJuP+3c2Do0Kz0unJ

 SB5xloZ5FKtKsYRxw17HyNOs1ycqSq/Uqp9kHj+8t72xntzfIxCbCnsvrM7cvLJwejHiYct4NQ

 frOOyQVuInbVxSKj34W2zxQAYJtLImQQrhp6YAPYCQFmb1YDVzewCmCb8SG7+Y1SXW5ufJ1FBy

 BMzmdGGsiTtwyHhXuXG8BwAGLDStPJ41ILgaJO8g4QbUBlEtImOrA0Z8hilYoQbjTN+oMKGnsv

 OV54oFpDiObvoY3bJbIZCxWB3QgGQLRRDnUEUShuDVDYLGk0FoqZTTxcaVg+WQFFiiMsgGRfFw

 1jTIi4UCQHMm9VFpXNDjjc0CJpOqdbcXDARg8sLdM6P17le+Go9Pbz3Z2F9ft0UjzUI26A0wG7

 n+/MlEQy03Gs5I+NZX3rj80kuNarlwtIsnJBkskwYTBsPoMRrBEnT2wrnE0iLrKZ8/ffL0cC/X

 hORG19ZZ8sVqOpNH1VOHJ4VsGbtIlGv1BPzTs954lHOv5wtgrWF7wMqJNkpPB9ZbXaszMIKapl

 ZMqQUe6laHYBjNpOCDhGspMOUAKns0h6hFcxiiomTChNNIvOaSsSw8dJJqtEHElJIv6m8xjDxu

 mpada6dDb551P/ros4/e/+jJ4w2j3Xrl/FkU6ic//WJ9Yy+dzEEPptby41zaoJR0agPGCR2Ew+

 0qPmHcRo3LhkZBR97bbU30VPADEILJo2Vcl4FEFuixOYm6FBAIHCiZmeghRoUwle6N7MWU1AaQ

 L7SBFG7abGw3u30E9pLe0fzn18Rfyz0gLNgo6DJM3REsLtZGX8fcZnQugZ/AiYenZqdPnT3a2W

 zXS2CDOgOI6V0GG2yVMb3dp7N7jBancBGho4BAGbq0OJ1Bz9zsdDWbUysKTW3gBjBnEz/AcEO3

 vZkrEBcCLURsiIYIV195+53pxRVCiGZHzeTT/+YnP/7+9/76u3/23T/5J3/y4x++/+EHn2x+ec

 +i78djkWabBbiEps1UTYNPkIoTLfG+1JxI6clRqTZLNo/4oN+EtH14Z9RqM7dzdHjvyfrz/UIq

 T6TEsuxr55fPr05dWpuioXeULRCLwkRupYsO9JU2EsmR9tzxxjhjdli6zMwYtGnkcqD9ThvSHv

 rFQ6vL4PRS3mCqm3CfUAEyDIonqDSeg0ciqF74CjxQKroh67M4PQiNFT3RCgnU1NBjOHfEFZEK

 jfsuV6A/aJiaFeZy2GPUqFZ6kIbJYjq5UbBP7JdjFg98OPEz5riiVFh6SMSglEVlmD3lD4ZNLJ

 r8R7kc+L4UtjANBJUUZkBHdVu0cBkfHvShyUulkplCiaI2wRl3gTljzSGTooTFaAKv63J5Ll29

 3G00M/fu22u0FMrPP//kwsxytVzbSaZ20knmP6dmZ1dvvRacmimn07lkCjDG62+89dbrb9YaNX

 bn4Dk3nq6nksng5KR76bQrlIgvnlpcO7e0sjY1vxaZnIHDy2pzUwUqprOsbmEr1gBXZjSRonQb

 KqbO62brLMW6ocPpAVrTYCMDiYeTdQdoRL/VbDMfwHFL4QUZp+qOP6G4xR+sr8wGSfBDvQtrjL

 PTImVOBxMhFO14DMmemDqU6utEwDZYMNWvn4n88J//yebd+9lnyepRqbjNUoxyOBK8fuly+ulW

 6Sg9VLLj/AEsgeNaBdSSmQ1vEGh10Vh6wlVIIuGtlXUBMtAvtRK8rnhJ7cHQ1CMIQGmAKAsyCm

 sjnT58r9CPCepG2hIMh5IVU9kGfgYonRoFGBwsJC+hPVztf3zIF7kVFBiOW6AYUBPy4CIzcQa7

 GaIkYosvnSE3vvPhzwzUbZw+ZjkAtYkCO71seIJ3HmFjG7i8qMnmYVWayR6ZjEwvL2I+CqlUT4

 WPFL/GLdBIYFKOiB5pJOaAcwAGO7sjGGgQmzG8bxr2DLKvNQo3m05XL4LHqSGFAThRBr0LZ8+w

 lunR+k5WUdvsIn9hgTh8OXZpwyPkmF+xuxgpPB32ixVWap16tx4b3R7VjlPHj57t3Xu69/jZ1q

 Mn1OK8ThsTE29cWxlUk+3S4ajH7hNOUSReUmLpZZOSjE19lTkJJJ6IdNDqgOMx2a1kUIBqoaoD

 AsWKVnSMnjUVFgBHHaJH6GYI/YkjikUCfvIaoASwIbi0JJl0h9cT6zkc1DvsDKhABKPvwMHY9x

 n6ll5rJOkuuxcacEswGqQBJmiADmgOM0BHNTcQDuPh8KZeryseh7yZ3JMrxtOL5SZsFr9Lcs8b

 Iw1cu6bUsHfa/A4guMTT0iiGPovfIIyTX5IwAepSmCoNYJIZ+sVgoNKMgCmNxsLs3Jkz1w/3N4

 +fPaHTm1x/zIzBzPxsp9lmGrJUZK2GZ/XKtVO3Xw7I4qaJysmRy2q9ffsVWohf3r3H07311pu+

 cIhavNPlSp8cH6ZSpULWTMcsNjk1u+j2BWj8xuLR+Ow0Z0Shn/CBp0iAD2tBJZvFDDIOwEFyn2

 06/bT1GKWwCviOUTuanIgf0F/KVoSCBMmiEzg28cCS33Ia0hmWMgcOV0pDfF2yR6kRIPAUwoFA

 coT6Uat8+9Lqh9/73s7dewozt+XOoNlW0vn9rZ2Nu08w54nZqUIqkztO2no1jIo41V7L1FMmWq

 Vxu8Y+Xl23iZsVXLSUu0nQkSIsqLQGJMRnvh/YL9BLLofP0UCeFRLH38TxZpAqGBS+jjfCGcN2

 InwE/oCLxFJ8L6/Cb/BwNYyZdpcSeGsxhCxwGBpsoORjizMMjhHXwQLhC0fB+8HMuPnwi0QiAb

 kcCaQzEDESQtu9gGfIGXB3HA4K7NDsAk0nDyjBeBh+ncJJElHmIjlqKjeid2yW1gglzG4b1U2m

 ozOVMnh9p9fucgWnY4lgLARmrppJCxiq03Fy3np9PpVr1ZrxWKhchcZHbA3hBDfOmcvdcsv8mK

 QFUinm3YAucARYQKie+D6oZpaPCjam1a2mc+sPHjy795hw7+P/76+hWf7aN95hawdpTl/vggAZ

 PBxmDwMkYs+D77dYagF5y1Bt8l23x8WIiWztobk8ofMGgyRNdDcpuHFi6AxBMvEydSmQg4TN1d

 aAoVfgwzwaVnQAAba5vSzvpu7VU9VOX1Zwj3rtiWa511T07YY06GnmD4d0itvVKnTI5In8CJfj

 93nAONNiDUeiVQZ42m2PF5w/Gt2kqmBYPXsWr89PggOAMI8ZFZp/PBkkgc4TssOx8FLEGWL45J

 EM4IGA3Y3Mmw3KQGi5L9QaOUH3gTurtSqBB1UyFlgAgf7Wb/7G/ORkLXm8v/5478Hd9KMHp+YW

 L1x57ego//FHH9aLmflEZGll/mhzm2r/l599/Ojxg4Xl+VffePU/+q3fJJP4/IMPI9PTi4vLcA

 XTEjLpBslcNQ+EvNGkTAA2jXYAAGEayAGXOxCJgZLGJJJjgMJn2yhMMCTn2Bf6KGC8AbmZfD7i

 pS7RPtBmnj0KydQBzwm1FJmmtStYS6D6AG1RENERhEUAL0gLyqz5ZGwvqo7g643WfnnGULWP9X

 e//xfGRlPf7tq6Paoc1n7NqWtN9Dsnmxs2t71TzJmqOV+7ZFILpk7FMmyN2XvYUWSkFhnv09Tt

 YIOkIST1B/QWah5REM28MBlBbo61kCiPK5KGFyaVQUYANnQX6NKaJ5huM7Ouk2oBJX2bJZwIMk

 3BD2t+kDENKtNIOvdMao+iSp8MtwqagMyiWFESq6vQT8FFYIyvdMZmXzDqmVt8vH2/UCtH4jFq

 LkwJM49hdvph3hVALnTu2BPExqCHfbvLxi893Nr2yPKSfzKEL62XqVnQiJIYgBvBr7ncjDSPot

 E4/MsEN0O7UdcbBgNeTyhAWLm7s6EUC/qO6tALRoCTL5fKLr3F63bsl5ulFlxZvJ1wJeEVzTwK

 Hgz2VnRZHhSnIvU2KBRw8nB6TWAoVZJkGQOg6QCxGeXJYi797LFSONl7eJ+B+6s3Xm0WM6l8iZ

 o9LUy8GONAQpmAnBNfEI3z0NsNUAcWJ6utxE+zQpxQmUEhGrhQEfP2EscC5gQcQh1kQFoAHIsS

 4SDodc4tLsRm5lw+n2aQx8TAHr8XT66vldrFvK5Vt/drE+26qd3VtQd0L4WSiUokVGBKlV+Rlu

 14gkNDwlHlgN+HjaODAlGWdu9agnjjzTfpZcXn5n3eAGlLV21Kn0RK7OJfQU0R9nBw1Dao12Ca

 ECAxUiL6uG8en4AxCFbpLlLwQPqp7GE9TlJplbB2ODo5PE6eHD+6f0/qPBSrOu31L+/ktjZY/b

 p24+qTzef3vviym8l8/IN/c7jxdGlhHizKwwf3sV0YsAf3HkTj8SfPnjEnB7wZ3ke6f+H4ssvt

 J9LaP8pgoyiEYDgqxezx9m6pVGZTg8/nhc6UDbnEP0QLTje0m3gkjJSsBoVdlS/3myoXjyGH14

 oivmaaRH25Py3WRBzoG3Fn2meoDb6PWFocL8fD1K4MJ8qsIU29dn1lOvSLn/z1qFbtFnMCt2gp

 cD6NeyquANgRTGaFvX2rYcKLshJrVTODXmvQbfVJdDX6K4wvsQMSi7TgXUU35dqY9sG0Yjs0OD

 nlKQoVNBdRHcImHo5MBSK6fCYegLu12cxErqQyGF+HBx5YBzV+2V8FjzHOHDMmzwxd4tdoHdMr

 gaZOCpW8TT5VSizPg4QSHkka6lTmDIZ4YtIfnjrYeEDCBjs/bE1mV5DBDLMddJk8e4nCNEnAaV

 Gfx3chOsFIJLGyOjkz2Wu1iTvoZMgEl+bcqIVBycQr41Lo3KjFKhOuOC76UHc++cXJ4R5gOcAO

 4F5oAIKptA70TJk1O90siRgOSqqN3K/2pHhLCYmkCSTlADGoYtrkqrTnxncIZ/gaHn3EXis2wP

 QbXsY9QZ5DzsqK+cwJlf+lsxc3H941OLyyNQscG0hJEQP+IXeUaqaxo0bikVKxLLoq8zYyFUx8

 xMOS2Njpwq8yDQ7NN3rDtKXUVu222YX55VMr4P8aSq2WSzcUHrraYkse0CiLxRfwkVS3KgUD+y

 4B2vLE5EUZMWvyM3TzgPPLWIWIBArs4MvcsxNgPwjh8Yi9fIRa2Cy02rD4la8YsazUQIB1hYNg

 ZRjlsbncIb/QuKGWBFf8adFMYw5Hyt82pACcqpyi/MGg8w+2XV6Opc/QoyEncHSE/B5C2XQms7

 u7y7GeWlsBz0k1KxKJsbPo4c//HaXCpbmZ+clE5pPPdF017vXmk8cAR8iAaWQ/ffgEE3DryqXf

 +t3fKRwePvr0l+TSDquHjKqplhPTienoVJ/FdeW032yE6QO5Vmr1XCrVVCpWi8FNbYWJn1aDi0

 HNwF2pg5HaHZghebZaaQOgJnge5J8yleQ2ks5zO5Qfef7cERaKe9N4n+TL8mj5n3xV66kg97yL

 cdT1TfSGya3C+h1nq9YrH7Mc0gClDju+YduB1owADthjF/yZamgVyTrZEEmoLMYAIZAHxPuJzP

 CvpNWytoX0nMCYWqbmX4icqS9rmH2iNcn85KxpY8pVMlAN1oNf5mEBu2fDEOgDPnV7IRXmocLu

 iHrTFKT6pfX26SyhRnQj4fTvwzxPf2AUikxWarVAfCo0s9xj1N5o8fgDsg/OAG34jMfr//zTD6

 DF8gTcBkcQ7Dn5MG5Qon2tHo6gE34J3ItqAiU+aoEGY2RmMjwd7dRKTfYAqyA+ZJYPHJTb7W41

 OjRVUEfaS8Ss5WLpcHe3kE7WS5VBtdnnh5sd9lvBFA74b2l1hZA0Va7ysxggOu5cPnYMFyMzJi

 DQeSYULjg9YIbA3bl5+VgcNIUDyn6oMBEV1CwUo9AaqJ7hjWFGjx9tFgt+p89sDSr5vN7l4455

 INoyGoJv4HcUqPtmumUsr5UJJLFQYAhIrbBHVBEIm61e5wRpmctlMrmZFyXwjEYjLOPzBH3pdP

 ZoZ6uSPlapSwFwwYsSbxMhdJsuOLVsDlCvaj5Vz5Umxmyxpf3X6nE09ZoNcszhWGWltnjKCRhg

 Cfu5Y0w3w3yEXTQocU8U3Th5Q+hr3ybgJuQCbCJbTlh6lMpQG/E7GcaweL0O6t+UIRitaFBH6E

 q6C1UXEGaqVhhgXpZ3wR5g9ZFtaT9JjxUK1uGACWyvf3lu2uO004UrFsuRAJ3/CNaFcpcnFjc0

 6vt37xiV2rXLV4bN5vbjh+Qw3KQD5P1o6PX6ib2CHtedTz7hKH/rW79+6dyVzz78JBq0GUqsDl

 T8niC4ERY7tGtFHjqAO6jD2QEFSS+X6pApGNCXQ5J+yjIDIwNfWLqRGXS/06liySCUsdhAXFOp

 4gkTsIjGSvaLnorsYr6ER4uSlag0D5Y+k1WAHDSBpQxMx9DYqirBUaP40V+OlTwIZbVR5w5+NT

 whTpJ4mFZVC3IYRthwP3A4YupY/4KnoujAO2n4oBEoArSXfwl2gIdS3iZe4x/NVhD7iNjii7k0

 aS9KJ9IksZbVQodVemHClyCpPmMhvCkhEr/rctMId5K+46nAJTA7w88JWS8Wv9/nWCQFdbP+1c

 Vqk4bsQLMtrV1sY2W5e2ZtghH29/rddka8qAjcvfuJxe10+8PUAh1OLwyShApUSgR+S3gsYbLY

 PZRaG/bVXEcoEEmEQZWVC1XgQFKrFfsHzGOEaakJDoHGWY1Msl7ANQ06SpPVBCSt8AuM2uNmm5

 RuTA1NEmD2HcmaLg7K6HQAXJaePagACTE5RsJtcYlalITeao6Hr1CpljrGi9yPrAhACtkhqEls

 CZIKt4fdpWRy587e3H22PaZEhNxyD+DwhJUHtiDW/9RpyjSI12T9d4vckJoRLp9fZiSl1axhs3

 D41KHNensoGIzHwiDbIEXZfP48k8n1ibOIuRqNbq0KyUanUu6UC526QskR44O6O8z6QvqopcBC

 Qc1OBllwXZqE0DMXBggEj6ol8y0YHZ4/KaooIFabcg+dL3r+c1/7TwyBRLYxWji7jCPGiSPcIO

 jJMZwE6ywTarYZFbp1/RoBKsUwRseIL0DbQM3AI+OlOSnCBgnP8MOSJGtxFX0Yk7nYQMLrLJW8

 cek8P8Nu8lK5hGsgXx1BHUJ863RWslD/3EPmyP55EaSX4g2vTMiEPwr6vQ+fbhwcnpDgUebGn3

 tHw0mnayHo/8X7P2xWSjBCG9p1G4nIAJo3XCLJZK8FXqfbtJIIWsztrhCUmexuYYshhzGZHR53

 W5FRB2ozkmgKO4zmDyWCRjn5cR6jNArJkGlaSkLEF0WBhSgLAcGBIDI8X2MhNUptq/t3SSk7zZ

 rcOr6RU0CiBcsnD4CX59BRbCQGvQ0FfJVyjQeAmRCFFBdBKitpi2QugpvDaIiWSj9bPsB0yNvz

 w7waWsAnKDlnBcwNL8unmgAjWiBiqVGI4Sb3odIOIzd3xhsRrzJNQRWbgLVZo4fRoxdIcUUyam

 4OCj7qLmpn9cJVRkoGwpFlAbcQdForzU7Y7w9H4tisJ0/uMexpdXnxfdgQ7DgI+WoDfnwLbym5

 Fa9FoMslCPQLo4EKDdzGLpVszAK7tcCtYHGw+2wA4PdhnCWJoAqKlBCMkIayU6NZbxF01yskxS

 ovyTOB4ZS6fKMh85JaeMIzkuMXLeQ9cL+0ycTayelxGoQrvDi8EXKZcq4cH1/GUYtD46wAfWpi

 OgT2mDvYWzp7LVltqDabkCdhoBmnlNfsg1DoVUrsjm/CSdVpAafh6onQuAzinE5fOFI7XVaz2I

 ilXTYvZlehMbp/kMtk6apQyuJt6PRyD5BFIlN9tcWiE0JpYRgfQ4uDSaSk16/ns4QGZEEGbBav

 yDFwStKd5qqRJM0iS+8e9hQg1jLZye3zdsiUYfGbv4Mw1Qu5V996K1OswfENTKSSy3KjTEYoTD

 Gq7dmZaQ4RnD2PAYki4ao3hAef5N5tg59ogtlxTouRHKY/QNK/0GUsClOKTEOWi4VKsXJ6be3y

 xfO82vP9g2arJVz9DgdzlRTH7AZdJZu2swuCiSJcBvwF7CglIQGOUq8DUmSfxcHO3vqzZ3DHho

 KuYDT48MsvWuVCdmtd10xb9S0riwYgi61VPOZuhPkFhpLY/k78i/ybWenSo1vJlCcmnLULFm8Y

 YBAKzAY3JlbIdV4U3EU5JfPhD09Q0E54FYSCV5GiNMUJsl+pBVFmkNFEv6lnTG/0Csf2ek7mNW

 VlBIUIhArIFiErCkw5SsNd8MK0avGjJj2RBeifitJgrJ+HgdNCvkDPUkHA84rzZUCerqH4DbCb

 xIvU7iTuxUZI85Vf0SJVRhrRbbomvAj+gRdCUHG/WpdAZBv3iN9iq0ZTbTc7Y7XZBsFfV6keWQ

 JhH71b0Tpye5o2Mk9lBqyXOH+J6JmYCrcs9SqTE9JkzInXHwxOLmbyqe2DHbs7hC2WyzXL1tJ8

 /sTjD2NfhLqLognHQIKJZ2Yje7XYbZRbSlZaMUZnk/VWPABJIwWjiE41FJWolD0BnHQXvod6q6

 vCj8cwfJ2xepaCAPmzeKxMJjO7QmABBTRxESAMjDzJsmQgnB7qytWLAvO0KXHBlaAdo2b4+CoJ

 Azwjsjligv4ojX+mq3pQlpMih+wmjKDfCwDfXkM6bFDgw6ohUTeWXgeBTr/jcVk6lPU7rByQxZ

 3yTaHbwRbow4Ho9Oyq3xOB4rpwcpJ+9jR7steG9rXXpkxNrW56Zj4SAf5kdxsAG5qBYcC2zWJa

 NV9m6Q/dYWA5zGnq6R2WihDGy0wCg10cpMgqFWXiLf6l46Ml5phHNqTqGSVCACm5ypEbXv17/z

 N59sHmM6fDRlGcsdTp+XnsVLFwVC4RZw6ogS/Ozzzf2q036lqnheIHo4iY2gHFbTSU3cqoNygO

 8meOT2y6GDwOGh61Lt1IEjMSmL2d7XJDZSDs+sXzOPODE+BxlTB8Rz4vw4MUxIGw01fFa6JHeC

 siVU5erB3EKybYDOfeePnlra1tu64x0S6vLc/+nf/+77777hvwq6UyqXq1CrbAwZoxg4x3UmSA

 IU4MFz4QegSQV/Jqevb4CP+Cy8vENtJNEMx30VeJZrXwQXP+aK+UMTQ1xt1hsqRAjQJrtlnTIN

 2Ey2SwKelW5qB1vG0fMfAi7TSMJY5BGCP5be01+OtXr8QXJLrDk5pIk3Av2HOml3geCCVLxsV7

 8B8nyOkhjPwFyBFQDfV8BJZAABQK1BCckSg5kyBSYkFmcdlcE2+IQ+DcBQtD6C7Ohkvg6ev4Sr

 7WQpOVeiMUD7MThFsRxC+lONmohKM0EU/hN6bOXPDE49QMOHUCKHbfuGzmAbuwIdDz+hDW5MnO

 0fFeLDaNq5JUYmJi73Db4wty6axiploCFodyButpxo0STKPNcrYLW2y5XszVIeX+zn/1nx8f7J

 Pk8IMEC6TSjBDhCVjTA1VcF6Iz8cd9JAdpoq0dmQyxoU4qRuBXZV0eeOAhVOKcmAwYa4Impk1q

 ExKZiP/lE8wk1hbHJVZYK71zPhSptS4aQT5nggby0+zGbLWARDpXF2cgXze5vB16EBJAjJ3jZq

 eQohXXbbO+U3IFlJ8HxAPEqDv9/umZBWZzwE3mAe5vPaulT/CbDD+5vJ7V0+dXL92KTc7ZANOY

 zaFYjNVCDVaEnRxzIXb4PnUTtVyRHVxWJ5UmihSdXrGANyeM5KrkvuSW+U8TJHm0GGRkVKqG3C

 MhBp/Kg+Ncbv3uf1E4PuzUyJ4bp84tosZWYlyvJxxx4Xyhv4DOamF1GRQR04I4AII3gjQEA8nk

 DwEqiBZujKWM7Cui4qWBbunEIKykeVQTxUXwkw6Xo9FsbG3vYIFfu307HAyQrB5DPtjpuWnrtz

 vMb3CisO5xe9RFmbcg7dE4qCScoDkE8rNWqZACv3Lt1JuvXw9O+ZeWEu+99/ZrL7+EcyrnM2yI

 gWaVffEkZxwCLQHOBF/Gw+owCGd1EfawVQ7MAQIEehw5ZxssybIUhzgwebKcFUJAoouxQkaZ1d

 NSKD6G04MAG/ViuISdduAYkjvt/fVRNW/R9RkIIQri9xEkaSPI68hLyYu++B+xsla8xM+y9p4c

 pFSuIpT8BBgnPDCjzjI9r82taOUsrguqd4rk4ObRajj/ZRUDJwMEEJ9LpYuetoFfpLPNRRJQiD

 rjL43wB/PuCDO0MZhuCtycKdSiC+fXXCEfuSIVJUhk8eFwAxFA86KMfBWLldjKKV80xsd0etFq

 oIHs3SNqJRmmiYAOT03O72xvHOzvRcJRaAVptOBzoPWH5VSYU+g7sIe6Vuk0Km0G/WpKi8r8yJ

 rOFDaebv3Xf/BHMDBu7W5Z3Xa1zrxQh+o0i+qxPVwB1ofnQabMo6HswAONT0fIJxmQ4p7MBirE

 YP7YgaNSnDPbGC8B7AKOXuB03DjSjRVDe3mC3CDKLCLK4Wom80V2zJlxTvI2+FEqfsQ3sDt1eh

 Rozl28vJvK2eMxVWcjfEJ+HMNWR1H8AU+lUqSeg7MD3UcngNdHe4OxGIl4NpVMHx8ymyHrYFhk

 PzOzfOXy8rnzLFJlhqdYyOSzabhclWrZMaaT7ACor8IWky/xaMhf6Icza4GhpJHcb9RRJE1ksD

 RaQUFkB9ER06MJEZ5AlI6HQ3dWlFpAg3rDG7/9txh9SO3uqkoZSnKnx02z2BdPMLU6c+o0pwS1

 3c7BkZt5C6+bqjJmSEu1RNQJ5uTgGOHuEgGRXhuBahD+gdHi68J+iKWH1AOjKMaaIGbAGqCKUt

 05SYVDwZdeenl1da3cam2DxEJDCT4dbiw/47bYE3punCSvPuzWNN7jgVoouEy6b7126du/frNX

 PT7Kbh6m01tbD50u97tvvvPqKy+5HfpqPlnLpy26HoBVHDnNalBv1DsIHw1mr8qkEqAUJ2xy8O

 cayERIjDE0QoiL5ZFHL26QaxVdpYKkI2aWQR45Kq12xSliEDx6YrB25+j5RHLT2FUB1mLXADbz

 e1IO5feRH02F5W8+EcXGLHFcEggjq4FIsFCoEK97/D7U0uiknMbUrCA2pA9JV5fmFpk2iSurGN

 ldiMvFA9PdMdlwMfL8iBgRTI3hBR1EWrlEq8UOSoAJRPwblRqmYCAqgh52fnVh6fQaBDnsREWl

 pe/NoDklNqqidD2EkIA5gjYj1tHJKRTSbPXARM29OsFOSjnDhk+f6NedTu/SwnI6nd7f3Qo6Jl

 rNcmFniylTXyDYyGf6zWq3VmpV87X0fo+ZDcY0OoPGwPyLjz588zd+++3f/FtbB8mMksGy4tLw

 GQgMVWS5UCbXByNkGv9Hl8DjswcifpgbeHYcEaT/NoMLxU6lMwgWj8Xihz4Bf0oAgYXFTYl4yZ

 PibzICcbYvBsw4b80Fi5jKMB7flzab1AjY+cPDN5BeELNOLy3nICCKxtsTDhIfousxqkX3ccJQ

 b1bk3jlrVM3ucAUD7J0HR5Dc3SGqIb2fWZhbu3Rx+uyZxNx0Q8f4RK1YrdLQlsyZrgs3Wiqqqe

 NBsw7IzR2LBdhUxuRoIcu7Yyk6asvjhlWwi4t+cfWaUmk6LLorUQR2CX1D7fmEwAS3LvGFDOYY

 DFMvvY3KPLn/UFWy7XxFDBaiO6H3W43AGENeN2ZHgTMhX8Q2IoUyRI40kwbITKm8AZ/x5VgkBs

 mrolC1s3GPJPFUdNjvyyHRgAUFzgOA+4diDRGgUm/tHRwkc3nYutg9sZ9Mz58+febq5QZAzUxm

 SFIkVBka0xpBw1h8OGEh5mZ+IToX92YOHsPeFQ1Qk7KUu0PQmYT3Xm/i+rWbN25cRgEpeFD0pA

 OKrX3hAQcTbmJOsMUDp4cpfzwYEWBfbUCSwlmgwlTP2QePqFJFYruZjBwhW9hynrx4Y45KA1Hy

 EUzoYKghDt15OKzkIJW1acMMrFzE6POOosAvjvvFwYvsIF3iIEm8sQbUVaRZbTaz/83jdZP2mJ

 12hl4Ij1FmrkamXhBNCmyAEmhoCF803+IJEoFjkrXcCD3XbI1cERrAc8GUj/U1ilEdmZLk4NDP

 QDS8eGYlMT2FgBOA4Em4E+QTW46FlIcnM5YSlZFJ6ayO6dU1swsDJ4+JajDVZhlnkFsiPGR3rN

 Xj8i7Mze8d7D57cA8NpCRTSyXpLXWrmW412ynnOuUscklmylhVr6X+8Ec/XFxZ/bv/4x9jVLL1

 kiMakqpsC4gSsGIHhp9KG0V16Xs5bQDYrXbRK0lrKdQhq9T6sTXNbjKZYqhG9JM5M8Y22TvFsU

 iwRlxL201rqiCTclNiRLlizTHLw8Ahc7cYVRIpwlCMNUUilm/ytUaL6fu+LxBqAbOKT8MYT4VL

 qLdLeUjMITDuyRoWUV6nx8sKeKQF4LBSLFMgXTm1Mjk3Z7U7QDhmspliLq/2YVaQ+H/EEpRavZ

 rLqpUSN4t3LZSUUr6qoxlmNE1Go16fr1IooJRSuxp0rHaLCp4E8Xhx4WiUPFV0WVrZmp5x9fLg

 GOORCQr0gdYgrjEUmaa1O0zt6nIHJriW00eIQZ2lJ7RQCWv7jMihoEaP0H2YKvkK0RuQLh6/IJ

 8lQmPmagRDg1bvpWreqgAma6qU1Lk4yoqcMMKLGlKMwYm7PIHjYpkR0e6gB+2VMzZ9cJKcv3Du

 9jvv+BfWGKBUcgVZiak30hHHlyBgdqjhcaJsBtSNz0y7pxxV2xiWGcgZK1ZdY9JjDnmcbXbsFZ

 PF4onH6Xz11devXj0PvX6D2VpW/3RaThNADrZISgHUFpkzWqCY44mzRr0uRV74+qQAInHCEF9H

 6CglaLIAsfEcGx9j6tBB6AHwRlRBXJgC1kRtfTGsF/g+6BGMO3hszppfFgsqZy7yw4NApX/1Mn

 BlcGvQO7M6zG7xBMLElsAxGVuDyRruaBgwhXwY00UbiR1IQrlG1CcaKwZAM8SkQhhOQkz8MJcn

 XWFaxsI6SCcQQ2MrsdaOehX0VR7P4oVTi4sr0MDB4kHfkwokVgCthpSP2wTEwqXwNwXxkYXFfO

 zfUVcvXdF7QkaHh1sg2ufNIZMFu65dg6XZ6iM/rG+Ym5mjBrr+xecQndZr1Xa9ihPp1xV6SGbi

 c/LzdoNdVh/84lN1YPwf/rd/ZLQ7D2p1yJ9NHiAT+k6tPqzWAV2zc69YVQhL/CE/DIfoHvyrZD

 RdtIwKtVavVio1uDKhasGAiUQT2dtsPl8IzwxaikAP7YJrHmNE/oWL1np8gnXBJYvwy6PVnofE

 UIyD6hvCrz4MhyLAW8jjOmxL4SlGp+gyOOHcIFuB9a6lBEJBHFdv1Ad64fD7bHZpqTaVKrIQiU

 WniLdVOJi3955t1Ks1vzc2mZghLVGS2WoyO2yPvN7A3OLiuQuXV06fD0ZjPKuGUlYKOWaD6Jlj

 oIl2e6UsBWSD2gp7vAzY0ExFs7hIHjcuQD7moXMPchd8LgQbDsYLYRdn5p1Dpn5io8sIOKnNYo

 s8m5TVapmMvFNT0OHCyZFarnAzuFxA9rWqLFenVQNMCk/you+B6PMxVTy4cujsIfmIH3kvW0+x

 W16PCwOJORNjYjDW2t0am9EwHYNhZGrqG7/9HScTQjbb9I1rBodtaLCnd5/n93bh3AEJxLQk/D

 hCh0UEA26003fbDYuTLpAQcAuRQ3YGakupdYsH9mE9EnAGAsaK2tzZvHu085CSzI1bL12/ec3p

 tBYKkLE2WV4PLg6norM4+5RsXF7pYSAi7TaJDZ6GEVFsDTQGnB0OXw6M49MCJxSbDUWYAI2STY

 bZ3KZhu5DpPv/SisDKfDYAZ/AU+D0NCILIaMeN2nHtyJFEAfJAZIANPi0CEzpzscQUtNbVSjkY

 DWHXQdiNnVC9Sx9LSkSEAITKFOV4gjxOHioJudbNRyDJU/gpBgx5yCyawy1bDUaAou3O8PDghA

 7W5NTkmWtXaBg2db06/DqwCALKF6PCVASRhcbDI7GWxN5E3HSZXGZrMZs5fetlPVGs3cMtkBdw

 DgRl9C0EWMKzpO40YosA4a4vHE8QTz388i7lBIq0xnYDn4ndpxYlVqvX/asf/LQ9Yfuf/v4/Tk

 zNqvQkiD+4ITOwahMgrWa+COcZjRFGY8D8T83HpAeGttC077Lt3suR5TPl/Em1Uqh1BUcknTTO

 UJNmvcfngcuFjAXvKBmEFtmZrLhlaFqYU7aKzkpGhBuXejQ/h/UidOdlVJZP9waJaAyFZB4GhB

 8xhnPpImIKa24T0F67wyJ2HnshlyIYAMhBXYCmElUxF6gGh6NRqWaPU+mTFFd1/uZt4FyUltIH

 R0d7u06H6/rtVy7evrKyBjGlDaUol0u0kaJT06F4PDzJm7bz6SPQkYRgwB8xHUo2I7gJBlFI6o

 hztTtFhiRQ4i74S1NiseCsnrPZxIQjWPgURBVMq8vpwoWoJdx9hTVTVJ7hGQNFxJm3yhVVga3L

 UCsWYagRuEhb2HF53tSAzp4+PTk5mc3ngQxQ+ufHeFdJNMR+ALvpNVEPmdEj36CbYyFcIQFBge

 dWTn3t29/xTc797G9+sHzz1tjrqdQbNpv36CDtjU62S5SFCGb1EY+lVG8TjSAoZJhTMc/atM9G

 ybcr3Qh2T0uzxayrlNOVfMo2aM0EmZYJN+u13a2HW7s5zvrylTO3bl4n7ckW0O4uGYE5kKjSom

 fcncQPNw00hYeNX0LoOBY5D0SasxMBEBXWGsWivZw035DobGglb8O9Hz0Dc4tRpKqCY0Ds5Ejl

 yEVXtbOXBAY7SQTHl8WB8AeiGjDrZrM3GEGwoOOjbkl0gzMiocXOaSgDLYSSF5F/JYqR6+FVeQ

 VenQ8kLuA1KcwIuQbig5EF4z1A5op4aehLIdlVmCsWpDdKS/jAayDEvBj6jrfGUuDn0WEa79hh

 Nh3oM8fJS699hYjd6vDR85LIQ4rkNLOkIsEfeb4ghGUPK/TmVtpLgYAnubOFzoHxrxWK5CYkIM

 z/fvjJvfD04n/7B/9reGqRAjNXSy1EmCkkcgd2gsHsgnCkIX94lITgjLlufC55hBReNQQOsaXT

 7SQUbyrMFYhYSyZFKK8JNfG2xUEmLCZGUgmJnLkv6tP8h9BJvsGH0lWXG9FiGQGJ0dcAPC/rV0

 OhIBMCDbWJXvJYw8unq6pqD8fapHxt1UEoNOwSXIAiBtKEucRUcniUmomfm5U6VfC506uXX30T

 dNTzx49PDk4is1M33/vqyqXL4EO3kpm9nQNs7MLizPT0PJkIU0DUVKBEcHr9M9Eo0TJ8uoNW3S

 g8+hYFmAfoQJaq8UTIA4g8CRa0CaNfiZTIHm6bYhnUHwJxFwJVzSapwL4TPhe98x40P4PhdDQq

 7HIMx4O1aqkW/biYSlOMomRKO4fkAgcLuBUpYaggVypjEmZisVQ2Q/iKuPFokUY5Rz3DViMwUm

 0gGWZTraH6ErMOj5/E5tpX3l05f/HjLx+qoNAWWDbpp/7yxWd3puYXvbHEeyJOOkEAAEAASURB

 VF/71saD+2Hz6JVTkzdPT82G3EpJIVwJ2PR+89BnZdLKqOuOLQMVABoFKhcANvqJTaWRz/WbaZ

 +1tcwWA+ugcHRne3sfZuNXXn7tpctLKFgyk6PVEXc5IfdwgWWB4JMFq+zslWKssAMzvqGpCYIu

 ASoST++XoBhuIw6LaiG7+ESMKUkeP+hm9vFKcBBaLcJ7jJngV0TJxGSiYfyRz0SFUT6RElEB6X

 RLqjbh9EdQ3XS2QK5vhfvGwWoVuqn6rsCwqWSLMss+ewBHWlQvCblIqsjrC+dMWqqNQOJPsRxC

 Qs2ARyGXozXA8DPLHNkQK7PqeB4ZR8SySrpIqg2pEror8TkITblBvBRIYHNyP3Xh2o3Q5JTN7H

 GxKMIjcFrZhYNACRpcM2myU0jMCcU05q6JLgPBxM7Tx8QQRquXJVHtkeXwJH3p5f/g9/7eH/rD

 CSp7eH5Vz04p1pdYCHvw/8Qt/YbKMF22mD08Tlvs9lg80ZZYFttgpJmMYeJ+TTqLm6F/SLRZXo

 uvRKc1y4Z5Rc4tFO0dXo6W/XqYBakd8C9GV1pcUrSQOp+II2UcwnLziK8z8Nxn4rVBbBKIBupK

 me25RJgEiWuTUWYzhgHYMAA29qBkJ0mUxb8Av8wsuMXsjkjXe0yW94cs3ibv80xPHZ2kD/YPLS

 73tXffnlxbfry3/fRoF+D16sVTZ29fsTmsyZPU9v5+K52GHJKsrJPN1CExTx6wSot6SQs/2Wk7

 GQID51sF50zfHR2jSySYUOkTitOV6EtcCMplMMIhTXbAMTASLXfHD5DERqPRARaAwfp6fSqRoJ

 FUVhT2vjLNwJwjlgdPxfgSdaCAx+0E7UxJkoFFGmRDmuz2iN9fLJd5Nbi/BA/Ke4zGJCpaS1bS

 cDgf5qYn3/q1X89n855A4OY77/LMPvzBj4PLywx2UK8oFgs7m1s0lIM+XyIQIBkr7mwIkMZkTA

 Q9N6+tXlqbxAQcHrN3Q2eH9pthXujdhHSQPSN0M5FlRn+AEChKM9uqpl0eRyIYaDWL2zsb6ZMN

 JlBff+Ol29cuAk8uJJ+77GE6fk0Zb7D3O8R+sORIdYQgigMT7UMh+ApCgBJKa07iMfGEfG+oi/

 SK/cOnvXoRkADmENokDpQWmvwqhyX/+/d/tGBHC4UQLfmiyck5SYne6mDnlFepKiwQJljA0mP8

 +BEZ5SZvIHKRSjgPSHwJWRrf4kq4Cnl1Lk/+ZVzYDF8GEQW1bXaNUnJq1ZlHZeejA1wfSiokyz

 xidgjzq+JNuVPSRSppWCUKdnJHTN8QJRFG5U7Scysr565cVVoDYmaLkxkkC2+P9mpXIWeDo+ft

 RJgIMumI+gJgZejN7a4/obzHoAx8aV/9+jdI/H78ox/u7+3ZGX5jGzAFQtB1RMkSxkgBBU53vF

 BmfzdzksHWT88keNWhQega5QBQUM5riMcb2J32SNhPzIzIAUVC7AQGC1bU5zaTUYOVMaOcLzp/

 YjFFqDkh7bg0TdYCCRneIspi4GdQLtaCIT9ijC5hFlBg3ivkjZJJtYIRiGjBSZKuyJpA+kN2LJ

 iFDhZYQF6Wy3KzWmFh0eSyVup1pVChRLd87hw12q37D3LlClvd55cWIIB+fP9J+ujEZjbJxGso

 VqJ0/3zjaG+bZSKjTgP3q9Yqg4bSr1aYPOQEuLYRRJnjscsFAbGBtivGlYIeAsh5kBbxffIYnj

 Efi0qLBRgaIOSikB12M64HvGEIBTGjXswB+Lw4ZgYpwaACwwDm2ybHo3fH0C/IHl6U2RdOhPYP

 ICJmjmsArgVHL0V/agrE2hwX+9dxR0CowYzdfOetWn/46Mn9W29/1ez25DOZp5vbk8urXNpkLE

 I0RWH9xltvk/ySaQEfKKx/Nu1iuXJ9VD3qKKmgXXf73OLaHK3z0ckx5oX42Q9iGpCGANZFvYwO

 uLQBPAPraanlUqpWzQX8CS/T5r1qngVCe89JdkPTNwNe3wcffTJgYQq+BJpftYNzsVFZ0pDL2F

 qkQIATMshnlcAVjCbjOy8sOoyTEI+O1Pqzu9Yh86KQq3cYshcd63dluFhCVdF6rD/ulr+0L3EY

 hIZSgRF0EcAxhNDQD4aiQBaTmbQ74KdLhOgT0HdlMQ/Sh6hwHVwUIZU4dR4tOkz3C4SXdm2SsU

 tPiFsHusAFSKiAdzWX0hmiIEapOXYG60nC8eH0tH/l1Xlt8gB6VBh1mY7AWJhg1/E6PfmTNICc

 N3/t13ow6RnGADhgGEbJNTsmHTLsPqqMH8BRMDjHQ2YuMRYMhULx6dhUOlUJReKXr13eWt+/8/

 GnmaPjT99//2c/+hFQv6m5mXA0CE1bawD0ig5ovwkDtmG4fvcLxJFp18TMJHVvOjoSXyCjeFTC

 FQmHDVLN6vVZaxqJJVwebxNglNAzWOCRMvk9ALIYqqJ3LHfPGUvVwMDt0OLmrolQMAlkufwAUS

 F+hVnLYr68urLAy/C+HdgepRFNiGmxBxmB7nr8IUbzeUbNpqI9SPa4Ss6GLeDRGj1+RygCcGcM

 FYtuwh8Ns10ve3x8tLlBuRQCFMtgWD0+ye4eMHJ5+ezZyZD/YHPz/kc/b5RL86unbr/39YVLV2

 wzs7aZBef0ohG+HHd4YHdVgfVw/WzwY6Yfr4wTgLYqGIT+EdQbC3qpK7DzRTDwZhPEy8A4AegS

 XhlpL7NxrVwo7O3sIaMz8ahShZu1QuYfDngY+ygrDXoOVDEInJEockU6Fg0ZCkM+JbYCtFqsKd

 OJxFEqxQyzZFaEeZgLZFZqpjwRw9qlC+HpyXsP121ed6lSVtmrUMjTUQFBFY6GGRwvZ04GGI+a

 pNkD7Kk7BGUYw1P+iN2uVw1DcyF1oGaP7C7P7Runra+fvfv59vbTLAsJ4tO8Pr33YXvcGdLfb5

 tHBM1QpwsRdvUk+xGo/OjK+YA3tL9f/D//wT/7eP8f40NarjCkeolTlzBAPCog7lgz4HiyiI34

 RBqTpFvIxAtgNm6Kr0mJXxSRZ42y1soCCNKcIr9A6ixKrEXPmgHg0WtuAE0WxysaCZ4EAcKB2L

 0gYIldsI09m8tBmURidT5jkae0nVF7rCvHKBrPb/LbNDYlbJXjlLoVhyxeFPiDtHd4CFDdCTzb

 0h6TWgOsUGlC9noEpFazhUBJWzXHy0hDW+JMyYE5NdD9cksC0eQAaDG73NlkqlwqBViTWamClc

 Vk49i158wR8FQBv2CWxGVR2SfoR+MKydSf/4s/6ynKjdsvMS763X/1g0g8fP78eSSArYLf/e53

 /+kf//HTL774L3//9+Nzczj2QgFLDs7GhsTTBAhNRuq12osSgw77IGg+zpG4TSjKsF+ctzb5If

 TG3kDgit//8PGTutLAXRBM8ovosNbb5GfFXIrdA4xN2qyZPAJ4Yn6NgoenKqtFeEnmtMBXcLac

 nUGwQ2PWa82zibfWNMXlRskAJdjnARMwCGOPKDAkcBMOF/wiXKF1DJGBgH2SOzv1XKFZK9scjP

 WZRvUG5mZuaWV2Ze1ke3v3+QY0i+99/Zunz5zN5rKbu3spqCa8dn88rpRKNlO3ada5Zqe95utE

 V6TFg6rCTqJGPq0Uc018A/ARAzvnhHOcEIDEiF5/pUL4CL+Y4CBBEFgJD3DPlMFk4TdVeIm9ZY

 ifSgOTH2gieSxFKDSLmEeKoiJIkhJQuEGAaDtlZcKeBb+kQZhrzkR8GJUJyAx45Nz5zNwsvIuZ

 5CEtLNph0FblkscuT7hwfEAkxo4MplLadaWSTSKdoRBbFvSdsTFd6YY9liClXiiLcBRszq4pT5

 9swS956+b81Uszh/uVJxsnqSflaNSUmJ7pGmTRA5s04bAjduQihnrQ9sfNUqHvu3HvafnTz7Z0

 gcR/9/t/YPJ7//xnnx1k9s2JhQmbGUYAHiKdMPsQ4AfKwgMDokzDApmXqIwbluqKpJl8xTCslS

 h/EWswGIgDEfJkbli+R2SpdZ+QPoRC4wiQmBeZkSxVDAXFDH4OOebjRrPudbk9Pn+NbWyJCD9I

 2i1CBVstJ4vh5B85738vl/IF7fyZlBBboimkBPYYB0GEoltGh80TCmb29okPHbEQQUe/yzpFic

 Al6SXbkOI2/wrofEwPS/wUZ4ti6ryh4PoXXzz65Wf/4e/+Dt1kFuFAnIUp586I+eFnxiBLiQhf

 JqX1iVQy/fGPvv/+9/7GbrZ852//p0/vr9/9/MuVU7P+gPfxw4cnO3ub60/r3S4ogF/+5CflTP

 b3/vCPvGeuYjdgngHklWeN3sQIdOfR3j7wXDCAVBWZGOLtRIDEpmjnRnAF1RW3bDDjje0Om8/v

 qZSqeEUcIXKv1fklRcQlyHPgH2QVSinxNtyfpB2ILZkyLkUAv2QHNtop4lNpTJBvUwFmfSm8FL

 VmH4pXK8JGvVrCWn6f15Ozk0K82UzOjFhAXafWu6wMye8naycpKW6bWLXOgHOLlvLi2VWgiZ/8

 2x8xT/HmO+9cuHz5eHv7X/7zf1aqN73R+KmVZbXbSJ1kmg1W3luCq9fZNyWPEAKNbsOMcx1cbK

 ZOyvtb2eOdajYPa31F5I+Ns0OqwhDkgSchxXBFI9Q+jaCIqEoRK6MlLpup3qjRuKfqiPEiuiAv

 xkJBsctMEk6bk5VATsRa7gmNRWiwDYTsDWJCCIRcTqnoSopEZoRPoILVo1/fKVVqyUzt+DCwMN

 NpVwNse6tXfQ67SdcxVnSjqsXYrpohiFIrJtCU+WeMhPvm5tXPU2q1xdAAoGBaydhOGpNmQ2XQ

 rD78/Mjrc05PzqycuXGSqT18sHvnTimRCAQDDK+oKBvr5CSLBN2lZ3WQPlPef/I4x8rhWb/7i4

 /e9yytfPvbv1FttH/04Dh1kmbfAYyPbTj8J/Reu4nWJUeDyDJDwNPSzLy4YKAJgvZDHjIHtm7b

 rmcDMK0PBEdquqJqfAsREhsvUSoZMl4UI6eBvKQ9yquAhqcXSaWAbqDSabA3IRKL7exse4xSWQ

 D+LRSSeGBxuZJ7i2ZqpVcxq/Ip32CYX3MNL7w+cqaZBtmBwywRuKipScJX9r2FWblpI5u0SUgh

 tEE8OMq2Rul3vSiGIf7UlXlJCIeGQxvA9X5n49799775bsDrVksdndXKCH4LpHKPjToQ/YKhMO

 s6nc0nTz74tx/c+cXP86k8e69W52N//v/869R+0hd1fnn385//7H0gkCIEbHj2++SDbje1vv5/

 /Dd/5zt//x8sXbpmaBe6PQY6CiYn0HRgpGaV6iCofkwgRTpcgNgvCYU4SiyxCgMXRkg74f6I0V

 w5Cn5EOIlpYlMKEPuO0RSV4xeJYYCvyf5ReSzYUsGuCf2uflCj1Aw/O5E58ZMsKqPTbYVnztis

 DOpFG0RezXKQ4dlOmyUOori8Ah9QBaBFzKBbuwukA/s+bnVrSpMtBRIjEdQMgXDbppYX8ZlHW/

 u1WvX81WvnT10YNNU//Sd/km2UYdKaXDhDo/bRQToSCcycvTJhNR9XSrBUQlCujXFTo7anQbAp

 +W5HIQSMLJ51XL4hko8m8jizKRXu8Ug04fcgBrQuAU8LBg2ThgFmtZaqdkM+u9Lo8C96jbJiaP

 EZrRa5NQ8DoSERIjjl8nkFbk7kFnwMJWLkmLsV5h35ATlQMdJC+wBThC1fyJNCsw/SWGcRNsGN

 EFAwuNyu5OjdVYqlDt0pcuxmEwFiNwbYZ298umi019uDdFUXdBqQbsww8B6zUXZ3oyW0o/d2nz

 sdh4FA8FvfOFdUJj799Pn6o5LfP44lKFvyz0DPJhrjuMdG1nyzVJMtazvbO8fJ5JkJfWx5BbrD

 U2eWL1w4TQ/g4Z0HYJIbetDI7CkRdgkeu0iRyD7eU0w5H9C48qeed/c3KXUOECliN/FOQ5onYq

 iRFJZ6QOGm5aPYeKSJR48OYUTkSWiOk9OjOkf4yd94EfCnxCmMcLJ1UqujSndIDKUIjzhuXlhE

 V/4WCyC/Tv+Kj/hUKtKchhZsUsDmzSAxDwUoYmF8Idm1eB0ytISV4cFI5Zk+CjNSmAo8Dxm+vA

 ZaTEkDlDCUxbgjBsIffH7v+huvM31Im6eHe9D1aITAJwwF8Z2PP/7597+/8eCh0uqATJpfWTHp

 Hfu57LDfMs7Ysy3F2hzqnQnfrJv2DcXeMCPl5HSFUnJ763hv5y/+9z/+vX/4f7mCLqVyAispQD

 SgRS4gWXA+xaNNtU4Qp13ti5BBi+U4BP5QgRaUhoAkOTQtytMeD2rNcxWzBiiOTxBaOToK+JqV

 4s45H+mZ6YbwSVGQ6VISE7tlgY1IJ2U6r6fD6gbiu0qJNSvVVDK2sgbvIdaZTvgYlIy2Kxp3xa

 9jDghNmXWniottxfBxaahPLDEZn56lZnT4fJsw89W33gUg/vH9X2YLeYs7xDJhOeTxODo56RUO

 IVs1XzjY2qmTvWioFRdOcGwopo7qlVKvXoK77dSF6/5EqF6ppFLHRLaJU+eWXAzwssC7OzjZ95

 l0VJeHtGlZJubzehRF4WUlzddNhKlkCtMe49T8kYaHZvDplsvMHBfN2QkklT4VDEBYJ8QUyydo

 C0QDZySaT7UDnRQlBtADtKOq8Lt25l8oM6kKighH0bBZYlsec2P1SqbTUFhZN4CSr9JxTAX1ww

 rUlObp+LNimqm9ehuyownYJQS2z9vgioFJEiePBsBLqsWy+fDEG5r5xtunC5WVZ5uHzzb2YNmO

 TLk9ET/wE1oBh9lqpytVH7IfCjxffPjBvc9/ufzKV2yn+/GpxNe//vrptbmf//WPh9kjRvt07m

 DOSHRAt6rG3RONTQxZbsMtO/yd3PjwGVshJE/lW9S9RKEk/kRORHrEzovOS8xtkvQBf4ITp4Iq

 AS5zFrIXogOrFKpNZwv5ohEYDEeYFqHXT96HOeDFRdM5euJcjpb/8DOiu7KBQUICol9egNkj1F

 t+jveGwlpEErnUwf0aCdczsjnZNA6INOMkkDZ+mH/BhPKAhByXVJYQRUJ2FJuM0sm6WQtzl11m

 TpbPnWEhdTbDrDn7nVwEeHd/8cnP/vKv9u7dGXfbjGcGJuN03V3RxDiQWJJ2BGFujduTrpQIEr

 18JxesU3dqnU7Q7Z5ZWCqVivvPNv7m//2//7M/+kN/aJJRPlZW+Hx+bG1/aOob7YTz7KDibtEv

 flWcm2an6B6hgVJNxuzBQ4wUUs5xeocmiM5F2qTVAV0N4ibsuxgmuVuxvdq8FQfIC3RkL5GwRF

 kDfrZXQfypg17d4yeIMoAegTy803BbdalSrje7iNDzS/j3sdVJ5ohMd9stMhl8F/UgwnwYQ0W6

 6VBZrYFImIXyydRRo1BgDGjq9Ok0yxefPRUu3vAMpWzecfXMWbPdTTeHVPbB3c1mrUHpsU1UZD

 YkfJ52g8eVHVYrlKlQ3fnZuUqh9OjJPSWd9voDpy/eIvbW69o1pdbvKW13FDnqjc11lrKh1HTX

 qOUy8UdhmZojmoapp+MsLkf8rNAmiRgiVhyMKCVlBbl6zTeIT8ZkitpS5nZiwsV1kbVaqW9LQa

 0H4JliWK2i8BmkcXCm8JMQCEt0SapJa2pk7Nc6hbrixheReY+7QT/bdGESVk+SGQqHVUieqPl0

 dTDZAZzBrEg4RUYnYQFujFGEsao086ljGp+Ly5HTZ6dhrdvaquSq3bYt0tW5H26lmX6Bo6g2HP

 j8fqom4LMLJ8f9evH8xavZg8Of/tm/uvbS1Svnlo93dis1Jey3JXrZFokJg+kMT1PTYDibeaHU

 4/rjT+HJx71At01JkxvkhqmEUWtFxMgYKXjwmLl+DUEgOCBROrROtFx0m4qVxWUl6TbYnfDC48

 f4gXy+4A9FWLHVYdEDiE5iDH5abCpHK5OsGE3ulwhbokyxrFK+6nCIYj+olJEiUVnqM5nACuIO

 Yy/pjBUoXChMRk1DHg2g8gGEFF2mToYJxBKLDxHVFi9Dfuxze0rp1Jlrl9Rumx+bXl4GZIB837

 3/4C/+9M83P/mM9XwEjo1iDiSczeet1alxQivjAP9YcbqaDu/QG9S5fV2Hu6ZzdqBEr/Wbw5Ja

 rXp4x24nfXxk9HgZRYLfKzQZf/LFJ4uzi6FIdOfJ+kBvdUejrNhpMTghlzTB6PqLGjv1Um5dbB

 CZn8mCKuazRW7IPzMDaEwwGZg1DCeugwiNvhqJj+Qx/AFtyOnLhDa/xYsAd1VyuZm1U8x7sC8O

 ciWb2w8qka0ZvSajv6AkTOlszhGf53zA07M9ABpK+CL5A+eBRDtECCJyqDBJbxdKoyjtOp2uUE

 hXysXw9JQ9Fs4VyyyBARVLD4erXjt1eunsGaVe29vZyiSTB3tblXKVERK2sEB64PZ7qvlcOVfA

 Bi/OL169/RI7B58+ffrw6VMSl6Wrty698ZbRbivgcBXo+rstIU4adof6+mjohlzW7XZWYOKVMG

 AM36UMKwHLwtsSQlKgGo0bTAviAbh7Lpl/tL/QXWQUfI6MdvDwRdexSFrVWVNmqmLakUlfmvoe

 pwhonciSth5Sjvkhp0KN6ZSTWhcIOlkiSATfaSFG7Vy7Gm0FAi5vJMiUYrPRZnVtvQWknZKKuE

 Wwep2hzjMaYHDAUOA+eC8sC5PTCuwB2ZTLFzh/89LSpVO/vL/9cH0XSYVLAQ82Oz0VMFt29/f1

 1LbxPVZjNZ/9m3/6j6ye6NHmc+7sxksv/y9/9Hub+8l/9/NP0uWCOexgNQsL74ioOQFfrzg6eY

 6+UCIh68EQE4VgyLhXDkfssh6zIIYPDiou6cUfYPlIAEkYAbTsRdGqcRwaUorzQyw4q1AsPnz4

 iO4o6wz1QLL4HjLM65LHa4fLs0B8MaNy0hw5/Ra6v1gvnDpoJLk8qZu5iIs5a6vRMxnPPtl4wV

 uAERAkFZaaSFIaY2IB5DHyBydMhC2gG4Jv8d6eSOzy5cvQM69vbk14g9VK9e76hslhOXPhQvS1

 1+mX+J32p2zBqJT0HWg9jGqr04RQirCFmXvOSMgDKbVTwh+xhwfyJz4mvbYEPCebz6gsLJ09O7

 288tEP/op1mlw9oAC7G2pZt9KHXFC4QfGi+D4ME4cqekwQgswRhghPE5bKiJPnNVlrQrQgt82t

 II20+kSHuSl+nJvisfApAR63jRbJYByGH7ILWtaEPLRdENCALy4dJHi5ISSSOBLjO2YcsqcUO7

 6ItM+Ax5NpozFUK7EHwjNhJ+rlY1IQUMnSxGk2C+yy1/VD4cTYYi/kFB6QMF4TQc7MMSzNI/7i

 zmfw+NGvZeETjs1mdSpKGYw68FdAXVQSV0+tQlzDXPDWxkbyaL9WKcenJq/cuIHJKhfzEA1xGo

 yPNeCJJIRot+BSmDw9K5tR2czAH6j2ZMxKGh002YFgEeZRvMA3yyw+hyHhDB0R8UP00CGckNoO

 ZhiHwiFqObH8DcRXA2tBjt9l0AfbiEOFIUWWKjFONKF3Maom1E1QHHQjAS8eY9CGxAMMLcsZah

 7WscLnOO7iRUxOK6k16zYaGaZXzJAhBvyuytjE5sY6+wx0dngCWuBVLY7eyNyTERLKg5TXZUyd

 3a2HJ/v9TmXx9KnzV87m692NfLnU7dU67bXr14Gnwo85uzw/v7pa7RnyxWzteCfmsS0szdTzqc

 zx4eWL537r174etJvufXbPwJ5DmwcchH3UNpez6YefULNk0RaWDr6oHsUdeOTYpgvBkHQsRwRU

 4jCFdonymQigyYZ/E0GTCT/pc0rwTQ2WGjUIhA6e0Ok0eX3HO/uA8lnCBvrIYndLfCN/TIMJC4

 onOsYYMHRnWgAs+s8/sLqLwgpOkFiONhCLdPpSOtMxwlM6OWSmwbGwTDUP3CgZb99ggQdMfhLz

 Q5qN3INPwijCAoVzttt0Nke2qly4enHt4qV8pfaD73139/nzkdl4/vyVWzdeWp6Jejye4bALrd

 jh5vpAbbNsxAPjzNBWN/sHbOg12EZ6G4MV9LRoStH1HXSrsFkEh2RPtcPnT/1h7+mra/6Ypz1s

 P9h47Jmenb94BuIZdrI0Ov3AwkqlWcPAiVlB4VAezAG1N6lUQT9oJn5gWAmuh5OjE9o5jtj0yG

 gdmhzMZuBEiEFA/I0AzaHApPpi+0h9+VRCcl6H4KZwdGK0OmfOnDms9jvQvQZDmM+h2mU9BGoW

 CHqxjqWyYiBuCAaBs8kmCijnyBUxSTxXdNdiIyOVjTwUOwywzAGLrmJJjRY7Z1tDGsCQ45YjoU

 giBoKf/mj6YLdeq3SbdaghnWxe0unbap3VQJArQRAZDwYTM9PwS+xubu49e1TMZZCCKy+9dvba

 TfjVj7LsH+m1KL5NGNtwQoPSZIx6NPQtLbF1GksnFLiICiMm7PZmZ5B0hygty1QHtovbxzJjFD

 FgUmaVqUBogfDPEB22gR6KF2oDH0GYRJPFAIqLlvo0ei7UUThzRj3Rc46A0INInDRAcmnIAFo0

 b+Sd6vUGtonvVSpKJBzAlBSOU6IZ8ocaj4+IcY9dGDZLwsdmNQd7avsAjtiR2hsqza7TYWHOwW

 UZMDZKe1WrEOndLjtw2ycPHwSXrnicMLlNvPTKTSDyH77/M4D+oUSsWEBE647A7NTMGzo1n93Z

 eP9P/5SlWxBAPXnwYG55jZPoVQsssJ7g0EksJ/TFvccwOeto1orRl9gWDZMDRD4osJGj40ao1b

 JSTMt0CW1JxPBznBjnKCcrkaxWZsG2cWZIGOmuwAcNsampekXx8BqADtC3MftJgTbz21oaQxwo

 /kjCHNE9BkI5QeJr7ZsIKGLKd7GybRlB7HqsNm8shsMkUoREkmchya9BIKf8mDg6zanx7nIPvI

 n2daoDlDqOjlI3bl1/552vzMzNZZInVTazpVLZqXRkaRpqUZrmUG3e/to37/z0g3I65XEnKASZ

 c4d9r50FQfLq3CFJArQ1AnvX0Q6I+E3sqeAbK5fPOWKRgcsZWVvLP3y4cOm6MxTslMuANAxKCw

 8sUEd0Q15EXAN/42C5abF/Ly4SOKR2rcIczBwVpgcwHKENAkcohNPGRso9ScVfLkUSF8ZOUWJJ

 6/A1gXCAuVGyW1s4AAZzCDtaR1aH4sbgkFCYqkfgKWNgOMRMoiB0kbUDxnxw+Fwdn3J5kFW0if

 hbKAWhuBCyMBDOhj4zu5a9tJxOdnYAq/CT+CpQHxYnM5duajmMGUZi4cWlBdKtJtVlSDkPdwCN

 EKbZLLapuanV8xdJn57evauMezAlQO3WbA/qasOnRXkMlgQiUyIUOqDluGVWOQpDC3UHM6VbaI

 dwrVRw8cYAyZBAhIQrBMnDRAhgaIGVc7egW4gT8dgoNqLDrfIPx8ZmCu1/eBl4ltAmbhpGbQli

 NFdNKoFSimRyPJRNaC0PhizI0ZSfAfGWcTLMulCWtDZy0GnRclIiXh/XACFIRu2l2v0pp9VPty

 jsdvYaKqQMbWVc59JMDTNkBSOHjdkiwjciBmrOOtjwS2yJTuaoVM0tzL307js9izsSjW7tHp6+

 /lqF3UuZfG7rSdDrjV+84UnM7TzfTqeKLCGmbUYkaGY2rpRzzqyQ4eoB/2WPpFMvS6Fph2vVKR

 EmkSxuiporgQlyABIcLF6t1+GxIz6YbmIWfgYkNZaMYg/CQhguFX0ODvYgEXNTcHI6m8wwY0H7

 hXFkXhDFR1Kon4iKvag9oHi8hIxeiOUVYRLxlthP4k1sgdR+xjR/XOYJd2Iqs3sC3TttQ6JG6p

 LYCamviRkRw4MHpsjGywhRKi8ma4UGTAgVKlW+H4qGbV6wzLHn+8fOdmdrfx+89rLdNrmwhFJB

 ZnipM7z3wc+He5veFUJvi1LN6oUgxgon/oukk3vkzTgp9noW8qXE2kp0dc01OQW1iDrUnXn9az

 Nrl0d9xRacNHlCY0OVIhzoDgGfCyGe2COOhz/oJvJDggCdl/By4Po4Th6JHU5CphgHXekXCC6K

 3yHZ0+AtcmqYSoER6cB+Um8ctOGcgusumlDNDqPXxwgnpFAMroMzZO01ds8W8OXqKk8NU+uAD5

 hxY3SZuF3+cNSoC5ELBlSq+kwE4Gk4NgSYjits0OBneBHGVHDKuXJRgBacMaARr98ccLFEq6t2

 7Ubb8tlV+uSVconKMXklTCZDKmL6MSXDeGLS6faeHJ+QKmNEvLEoDg8N5ZnS8IBpDI4jj99DCM

 Ulq2ofe0sO04a4nXI5HSD520ffUDr3paqCoWH8X+RUqlbIk4ipVmBkBYcZ84MyOh1ODoDkQhMk

 jBU3rwOczRg/9oLCO0OPQ4Nal2ViRmCs9U5LkJaSN7LIU+aXWg2FNIT81+pyconcNhtCWwyJsO

 GoqkCeaHZaWYAIcQwenz97rChvpmnDh8z2qNu1GPPoGIOESbPP9vixdTB22scQcYiIoWk2HcRq

 GVYQTwx//Jf/eu8guXDjdsDvP64Mnx2WGQmdvXGKBmIymXx4kkRtfEsX9OVK/ei56Xh3Zu2sRe

 0mK+lAr8oMRv5ot1cp+82G9hBcPum3nJJwI+gEIkum4GDlJlvhWz2f1wGXL+mOBANEufgGkSaA

 S+RhgvYkgJXeMWw+ZCmk9gKV0rsCYfwntLBt04QTYcS3kMGI/ZfUQxROSg3yoTwLPKoIlFQiJN

 hGpqgSYULRaVrgelNtZHdNL9gc24NSzT0zTf+up7eqaJPMNeMguRqsANkmNkUiAvA9LJQl/GPU

 ci+ZyhXKkJXxLlNz0+jVo81tvvto/5iY//z05Nz8ImJHZMkQ6saDu73yVuzCVVhY2PZtclmgE+

 VDcb/YFXa4TwgXl9ppTl3+mnt+7czVa9D+mkNKfOESYGOk3x2ODvR26vHEHSMYIbWWD7ZNMklh

 yxFmdvYc8hWo7Si3QqKFw8XXYYxEPbGmTA5xW2IrRM2kGSI2D02WRViSM9C+Hw4avYk2gX10uk

 4Y7WbFqX1YLJIsUqpkK58/6KOKW2Ugk6ZJp+trqyOvji1jgsyTE6MqIbAPcX0SUEpkIP8jq+TL

 UGBSOZKm4EjJFeGBEv8B8QOdUo8Xh9NgLKw7BHIa9PoRVpaUQP+AFRCjAmjSz2BLODEzgxzs7z

 6vtVg9Y/P7Azb2bHTpRsNATiHFaHACQBGQKfj2FgS3JjMmQKqcMImR//YopLe4TjHmxLV0uYBh

 IXaCt+KFpT9EGQBqF1oVyAFemG1D6O0EOTlxJjeJFSe4Rsf4Cr0y7hfLAcelD4x4JxcJhXK5rF

 RsRjJ2R1YBUnJ6ZgqiU5ZxEoJycS6/5/ggPTUZlAto02uBa4CUcswMtETd4rAkLGU9MX6/yqRC

 o76bp0tspUvhsZqaPXrDrXJr6LZSeWKHnh1rwnpeLtLBZjej8fmTp89OsjidU6+8+843v47m/f

 DTT3FN0bnZ+cWFOkvgi0Xew61fUHcft9g3R7qBRlYy8EHlt59amGOcEHIZousXs7LQsoh1Roa4

 LqwxADKGW3ycCVg9a5sZYynijKWCRW2PUI7zRUCkFkVfmwonvoEaSYd6DDuw4PWn6g1bMHdvtz

 noppOYcT0SUGoaLIosGE80Vo5Ce0dUmghIKj+oM61QgiAJ/wgfYDPzuhvFKr/DC7JgmRoO8g5L

 GH4EqeaKCAZ4EWlKE1SJs6fmCma2z1YaAm4215BYz8SidN7W9/cLtXomV4jZrDG/9/zlK334EC

 rVYj6ZzZxY7FtT195LY7aFVl5iAblAs63PHkNvoLm+E4hF1m6/NH/+ElyCStcYn72IZ2ix1ysY

 QAUIniWiITymjExRQA5LnLemKNLdQPR4PdwGq5Upz3AcwOkpCsgMAxtDhAsUUyZlGlFgTkZSVm

 l4S/Ge2pPUsQX/io5BKQGtPmxbbG+luUfxRQLmsU6W1LJHpdlieBDTiS/B4WJhuRdRXU4JzAeH

 hKHArHJ52GSZuuP40ZgJ+titYROSXHSEd+aR2NhWHQjCYyGlRKMu4A/QPtzZfgbcgYviKpnYgS

 ohPj8ZikcoreXSaVaHy/wOJCgy+cc21AE4KMa8KaYBI4V2BgQhoAbOEOHkvenU8vzEunPPPDb+

 lisVcZQlGYCTwCiQnuGgGYchbKY6wJwT/tAopV9qzhxm1+EEAaLyu0R1kh4jnjI0YQVyYYJWgz

 65zZnKFucWFhrdDkUpFq/AZYxDh4qBAIbRgkhYhrktNsPC3KyhPy7lFCjEIX5geHPYbafqzVK5

 JlaDB6OV8DkOTlUb4wTPPc53OkyFeezWeMjjIQbrUDmh3DgkUHPYzTUW4BkcYKxKdZVKNBkXt3

 jv5x9sPX58+e33/vZv/sfZ5DF16fWnO46p+IU1b/XkpD3RpqrIdpeVmfkSE4iVvKni65ZycDBD

 nEpOg2mScIAaNK6TkBY7x3hWFzAg56k1NZz00GzNcgv/KeUEjUuA4qxcPz0p0WBmgsysr2PkXf

 bpVdu+BJxnrnqh4PSFhlZdx6QHMU+SJs1r6QMjwvo+1phTwGWisSKtkinihwh2pF0i1VdBe/bk

 qRrM7mnf0pnUowcQe/e9dDr1nYG5LagwLlZwSyguRQ4sOtG/gI4FMzzU21l8bdQ73S1cYQ8rzP

 vr/BH/MtHD3iFX9DxXANq/GIuevnK1qpRVWjA/KUOPrj/c8t1+s9BgEdHQyZ5Ek6WrQitVZxx1

 O5m+8vKtyNp5dhwog2ZgYZrycDlbpgBGVayYz7G7uscUssVnMDsQNIRQryVoRHwopg5OLFnDDj

 7ZSRSjdlmX7TTYfDqTk0ksvi8JsvBUol2aQxYADvAtnR0IjVhW2I/wf6Ss1K79Oocdqj0YeRoK

 tLbw7SL49Qmv3cv+lDJRpw6711BarDmyTwyLL85ach1OF/eOpkhzSuB08qm8I3aGKB4YJt+hQo

 6yEembKUzCc0hc0e1TrMbkqZVao4wxpbJppqjLU/OTjieikN1BrHtylCRkBNfMk8OTUXoT5mlm

 EIiMWOVQKVNZDkNvxW1C1Kiqunab2UCcnxhgzV5i73iU2oeIm3hIulB9MJJcDJeMIPGTsH6YKN

 VQZ8MWQhYr+ASY0gFNmpjrQKXJ5IM+P7E1cThzRWqnDlOZIJFMRn/Aj34+Wd9gNzFEo2L6GbBs

 gQyXhbE05Bjk2N8/8ns9Zj30xQ0AXgL8F3Mm1pUjFMpViQhAjMDI05WGHIO8pCSw5E5MVNVBcT

 +LxQg40B6nP+SBYCULtEtua4x0wH3HPouTYpENca1qmb2P93720wf3Pjt79cZrb3/1nKJ8cefL

 4mGSTMLl9ytudyWTeVatR+MJpVJo7VNW70J8ICs5cGhi7eXceGmeF3UnDgfra3UJsBx3amZmZT

 xmzIPjwyiK35T4BQOHmsFtQ92KqFZmZZACCUoA/UDz7fNm94/Z7CRhmlhDCyhGTS15ebEMxG+I

 tlRo5WMJFnlhRIlX5wTkZ/gb4ZXEm9KNycBiOx3tTOoO+CpsMtImObXUfngPg4HnxMuSeCOQVo

 nBASDSagXl7eCCYb7FW0uUMaFjDzdU0CepbFVtHZaqJIbnpuPXXn6V+d5ypbp7/3HhcJvEMrxy

 kcFxLoSt9ENdVaa0UynqITNXb1Jg50FCM4BzySULdFNCoQAxMkwukgYQnHBfeFSeFkEzRyxOXP

 wL10RPlTEiSZKFroodEk6Ttu0Z0h1Y12QCBTWWsBY11vQYIUXXsH7gWclQIIxHT9sdWsdsJLC2

 ZVU4rK50y4Uytt/7/3m6rybJ0vQ+7FlpKr0t395Mj93dWawBdhcLCiDhgiIkUiQhMsgrXeiGQX

 0PfQGFIiTxRmKICkVIIYjgYgEuFm4d1oyf6Zlp39XlKyt9Vnr9ntNL1fR0V2VlnvOe933s/3E3

 bt5Q/HP04JnD1XxClqv84st8eZQqrC17kXFn64Njw5PByQHfECn0KKOMhAacJbpYc65oOVetGF

 WHz2mycrNhZefPD2TFIRoRKR9Tcbt9ZY/iGk7HRy86SrM46VSdo5HxxtFXA2hDgAWDjrnnAz1E

 K8rujRa76MbgqAT1tJxCrhhxIaaLM7aFyCPIgOyyHUKd0dHf8A7NltXKcXSRWaAAdgZN6nlrB+

 y0mFOUSiQtsrgo5VJBX0uuPHde4mjw/2y5tbnhgO7cuf3ue++/+ebr7/78XfYzgD8kyoJAmalF

 XpyFZY7YVW+4f4SwpmHAECdxvlH4Jj99wb6AIk5SU8SbJHWGG+L/fKsRmTqAe5mf3U7+/Oza9r

 ZWRsfHxx3S4Pz81t27G1duPj3tbrz5liT98+eP0r219XH1J9/rvvPOO29+9auqhRfTV3/43e/2

 jg7HJtmw0vt9rXeKpUIHUmrCkkHbNBVRQpyEJoveBXbJDlh5kkBqCTPjd6LNWnNrXdnIoB8a81

 KbirASfTZ0arCU7qkR/NBnhlAWZljM9wDRH3/yQCfebFPf2Tzb2zvlp7kNaxJ7RREQtUkE+NfV

 /GOVSNzZOTm7JizksgaaW01uQY4oZzePKrWoRS4/coa0+RC+j5OOeGn4wPYtADNYI3zIRDZVFv

 29vV00B9XnUkPW8bCxRjeumfl52hmOTgx/jpDBngYA3vzi84dHp+3TDz9YT5evvP62PVo2N7W0

 E+SWGVLX0vbOPQ25EYOTevjoUbVY3Wq0cPJIM1pGLJpbNz4bYGxiPfkTG2WHA6wKYjQu3A9Lsh

 NGzS5eKSMpVCRLLrJBBr88FeRPGgbXBy8HA9gZmY8SLMlK0+rni4JZ82AHTh/rtNeNXsWzZb7c

 bO7d7I2mvdFItrcQY7YQ44QYgauxdL+k6YfdCokS67F3oVVEo51QyNDwhHE1A5sq479EcyXpA3

 on6np50Zv0R6sJlzhCqrigsbGpAg/ar1Vkt9dHFephCXSmuwx5At6GsI8U4BsSFQJ3kaKltxnP

 3c5Ur5Nh31AXNYYxOjBM0lCoGjJGCNtKyBTcYIHrGh9J8c2lNdRXa+IgJYOHgxxJqZGQqZ17P9

 NzEbWdRjbP2x0rYdartr8gs1QLx/YRKGWd7l5/4/Wn+89/6+/+Jgm2d+368en5yfsdwt99SWWw

 BbHELbP1XMZhTCSjVMLSDOUUDBOvI6J1xcalsjHEkT+EajNrEzVndNIa68oxFaZaoqnVsAuz+U

 dn56OTUzW7YU+2ageT0aP796uv/Urx9ddh0eXrty/375s3KdgsnXP/nVn784/u3r35m7/xa/sf

 lbolDz769OHjnqB5evni2SNTcwWArSRUWJwlqnNioVp1J4pmu7ACCGyhci48vV6y+OL1m+NHD+

 FQEKDLpcbP0bwmqnCFds2zwjfiGQxsc3eUCmRyauUYrNPT82WzDgDhf3oiY/rwpDg9viMePDYZ

 ENcJZ9e+RDorbWtRkWQakWEGSSq3mMlqWt/cVOOqTLN59eY4nGT6VVRP/m78QLJAwzAy4jYqxS

 4PhRXXVt35yqzn27eui+YT1iaEJsIBZaSq1coNXHhxcdTufXjcma4y16/d+va3f+vnf/GDi/Zs

 cdY9e+/D0f6hxZQL6cHJwbh/Me4Obr31RnNn17RrUPDR4T5dwkwLvw5CQ1Djcqh7QJCi2QVP5N

 kINSYNiz1klBQj9p+6KDo1K+E7Mys3J6zomGsV5BgJWKhYqxDSiEiCw6MaRRe8Ds8X7fHoaLIp

 V9y8PlYhrSap3426oqCyfOPq3Ul5e3D2qL9cNne317LVuSRA/Sg4izzFhap0Jg8REo1sAiqzv0

 yeMNTJ0ACDvBypYorDHS7Fy4jJl+BGKo4jj0JZhMajPITNrcpG0zwqCWFSNTQSVyqIjM2ZMF0i

 6tQ0/AAOW29EZ9iYBpUPyuXKzY06KjoncSbq5s8A35r96GiNzwNktkEOkEEd0sUOhLVPXhAY4Z

 EndpfDpY1ztCK96k2SeMmSYKHVEg5frpW9Df06DBZEEgLR23WwubmBAf24vbX1wx/95J/+1//0

 1u3b0IRvf/tb77z7LqUaeoBBEu5kMIUFyVnwT9BpGIsIMmwrf/xvm9ji3gy6pLoTfydEYbJk5+

 cXPPaoeF4Wi/VCeUM907Cv8ga3zVQKVjYKkSZVQrq56kazdWt+++3l6bP50dOR6rsP3r31xhee

 P1796Pt/eefGlb/zjW/cv3//yq3rLL0//853yf+w1+PswucK6id3ks1iFasfJ4+thG3eaG6KVh

 jyqZeysrfSRlfIeq4o6/LSCBnIltIvtiJgNERATloyWsVyuHyiw5TUepNFwDOIQ2ciigJKzaYK

 5DWsZX/CG37p+CUwLF0TdBVXC1ZEvjZqQd2jDVq3vL3dOz3Z1YpwMFwrl33QVofGDZqLJ/AYns

 weOuLYKi6EWhzjvGDsFJdoZ3gxHi5UuLdVS67dcLdhf/zwpK2abefqFc/DnCLgzZajV7y/BJyf

 Do3sKVUrcnCMgwAWSrxHWHev3mA4IBvoklRbkG+yIn9ZcRxW/OUnoMrLAk5wGBEZv4n4FLssX2

 3Q5+iFRsEtklu4IYg1FADBhk78BSRTYMfMINlAPJjR7M+ilujsmknnaB97end5a3Pvzu1Bp6sr

 lU8biTI+HxVZpumUUVeh6i9pYKhrIsaCL4gU1yBKg5FtHt6xLTbJAuNgRVIXwRSOTBJYVLFk0o

 2N7fpGC5dCsM4ODwRSpH/bb6kO5YLcMrPEY3qBCgQyyxQ1kkW7IlSjKGXr+nVbdH7wwqAhvWqj

 ZW8mO+wNQlyzt/GFx8CyQSDIwJLwjlaH0WlRKGCpLy+oxkhvlmRwji4tmulYl23iYevpPtfEfm

 KKqU6UytwQUCIGHPmSN+r6cmami5hOenIx/PI3f+PD+5/8d//6X9X+7f9pSExQE4OevLSM2JU4

 uwiaYpJEQzlHqK3lIeLCepJcLbWTLxdHnRAdbsLewjkSv+yI0aROVWm+FGVMlW+KQICExbt6C6

 VG+S74vbPI1+dZMxzXN8aFWv7mq7Wj17Vm6x292H/8QOzk8K8ff/ajH7zx9pc2Npq/9u1fE1XA

 w0b+8IeC1JJsvhjfSmSZBB8eaJQ1MEZh92M90ssV2WyFjS3DlBRtji8Kw+MDx2NHKGwVGOgO0E

 f1kEfdZWaW0u4+fdKfGsldrNSNRzXkOti31SQyl3olSy7jPAC70FEwHOIm3sBZGmQEyXopSNdO

 yCgkSbSAzkgM8qU2Za8v/aiSNvmk1dw08s+F8+LbsKukkZ0r8ZZCDEgCkckJvMzu9IfBtcVQLU

 l6LBBotRxMdPNTB6XaNHd9u3Wc6z0/vfj4+Yuv3ryiDk0WnsyZUqWgh9vzTz7JZktqzdNDzxek

 PR+Nz3rnGoY3W5v4QoRPe0pC4Wzc7a3lh2F8BeUpR5BW5dZRaQB2odYIGqY0YR7lGrlLucCpdK

 VU1YO3txql1mNGQThXwbsATSFVEp1FF/LVPkWv/XXlUDpwDaUurcTHJTscnIw09RCJz5c3b7w6

 zBUP2vtDmV5bO5VC9QQwWduMVF+tB1eaGpNNaDFWZRFkWKwnYEMqna5DbG6EAiLDRM6EY9AQxq

 A2z0PtmHzW2GqJ+tEBGlbwOOPQAI2OmEWtMkCrXj65RP9QAZcKe5kNWkAKqBr10rpyAxTSF1Ue

 96Fw4+5ZTpBCLAfP4q9yJY6HaqXooPFRfR+MyYyPbGjCRMdqWQCCIuxz/0JxfNS4Gt05BJB51S

 HCI2LH2EYsVOBi/+CopsV+MNhyd2/n9OzMrzSdbTbrP/zBj7/+zW89ebZvF371G98QL5TD4Dxc

 I6RI6F9EiJACJ7An3EWuoGFf8lp82VOeY7BucvXYtsipL4IlqDbv9gdvAIciRrJenq6tmyrK+x

 Taw21lncMANoBfw2qjF3Qk6EjLkDK0unFv/Wu/WfjC1zPX78lmpg2lW777058/efTo0cNHd+7e

 fv2NtzQfDFvASSWJEM7fv9GQWEJ2nKLfiPICRCaeRu0O+VpqbhdrTdhUaWPXPrOOxuZHcskcLR

 clzhvtKQPiP/N8SWwtmbcm8lg0Ngnu5PBrjMTo4CkH14fsd5t4UgBYPCxpEtkFQfyxa8ySABvR

 NArQVoZ213sxdlmHR+mZDJSIexHY3m8jfYz0I/8Y83bTfrJLuaOH+2cBuSVts8ys8j5/kIf+hB

 jE0njFW81as16WRSezXcyOAUmSlLe263s7OXhM2izhvcrGDvvLcz/6/OH2RuvGlT0ABlIObJJ2

 pcZZ6eGgCnyK9ks1kS5JyuENkFoUJ4gSsVCCUzyLwFvgRkvZreMVdPIlXEdnxPKQIiryWJHo4u

 ORPhllxb4nF4BYpvVEaXHn4mz/mSXxZTaEyhsbIkaq/DFcq9mSYcLQNkQ6qMyGRGMjm2RFyFG8

 yy7hXCUTfB1CA/ukppoEie5LYQAPmwjZUYcIMsxVGhFf2djbZTd0dQ8+OxX7mfQHUawLVe5cTH

 sXl50zedczPcYHkoc6xr67C/jX3TVR13qZMX787Jl2H0JQpjRBoDyrETacEQnkW9dvKWFRBaqq

 Jqb7JJ2SI20b+zL5AVEsv9icxLay6ZSq1A41ldYnC/Tq7q4CZZ/1Ryg7WF7c9fz8lXt3ZMOzan

 ChDtN379w52H9x+/bN9z/+aKP13966devnP3vn93//9/7ie3+KHiJ32pm5S8g3exLs7EdChDUS

 RoIwPbCPpueDBKGG+RrOu99KZxdCJN98Jbig03VYbu0ddpmeimZxmIcmy2qy51AIGrIcdIlEpf

 ho5mpGXKBzqy/9WvPVL47Maqm9Vx9c3H/05OGnDwA5Zkf89Cc/1k6bDI5zTWwywsdSHGvSM1nv

 GvIHy6mo62dBuBhyNEbN6XJDtFfHdjJu1D5itIVxRuEFhJwoGVUrYidJYSGZn1e4B3sfSy5i9z

 P86/kxA1D4iB5w87g/M9r+4P5QS6SYFz11/EJxepQrRYZbxE4BhEvDkI0R7Jy15QpoawbvJ6RZ

 W7EAu+OasZ5I76DDWAQ4hdw8PT6D2kaOtWdkiYddHgnZ2HcSI+XFQiKJ5ebuVuHyUh//yM9NWl

 joMicVRFqIipPazrXJaDC7jAGJh4dHv/KNb1hkPECs2hMYp+JYSWWiEF/Yp2h8nQR/JYDwDyId

 lyyGyMtexZoOFx9j13ypql+GxbOxktMIYCL5PtmOQBlCD41W6bIRsNxDoWMASokLle6cHY0DWd

 T4oQ7UVJd3th8QsaZoG82N84u+WgGaic8UiCC4QXISRg7qTJJgxBGcXFR2e8UORuVGiETonwNl

 SmY0ii3H1CvLE1E/JQr9J/3EoBX5fOpc4nysx/BpA7aYVp6UUCYhRK0pUjoNzF67cleI5eTFwW

 Q4MLGDcZdwn34hiHBVAvhfv63fThADRvC0UOrIXXZXnmQsLJrQAghssC1wqgxXx0x0okUWvApE

 BCtigm4Z2ygIt1FDUj3lg5KKskyUfVXKNU/KH241GybofvLRR3/3d373z77351ev33z9rS85PF

 RGYURnHuohMc9Y5nwV3Xgl8WJX0lEFGyt97lgjIh/HD93R7DPrPZrR+QpLOzeKAtygDCgwc1MR

 +iSfNXrUCIBpujzMbU0V+HNmKlWRK5CmsZaTNT0YqsNso5utXFxmR8Va9fYXaSuu4ze+9a2dje

 2nnzz4/n/40zizmZRQj5KYc/YgQFKrC+NAEwZCJFSKOiTNUVWRLdNEbXe2Nq9fXdu6qlInf/Xm

 tL75XMfXMC58Uk8pGYMmIpUKmfw0W2wvNBmdpcr6SEyX7UFqPDAIHJ9wnCIwWKguZe2nlRlql4

 V2Gd3RZRZywunDX/ENfR6EFjwpp4qKmJkiU2tc37t5dnK8UzIpYST7jYbyfgKANR6NVMVKtVEF

 6b/0n9cYNMXDrgiDhC53wVthoYaCpuER6jzVH8+7I+NcGSC51t5ue7aEqDCW2Ivp2kZMImm1xp

 Umui5sbM/KpdPp9EW3/f4nH8ekMhZf+KiRCiGJAF2rjAOGAUIn2VqaZ4vfiBWV46A7VS6rzCSV

 nWX8ahuRKV+bZ1QBl5UrRaCXHe49rAOxPOEAWCypzSKiLTmBCIoIEC/VWXWRqZVz66OOQCqtwC

 Hbvf1GuVgRiGLyWHJRfUA8AABAAElEQVR168q8sdsN4l7MWHsipAY+Ex6RVEiCSSZXhqNJAPVr

 yI51Jpa7cCgkBwVqlKrTKry4XuPKaGjZkyt5cT4aX1wuYgLjyqCnyFHDnoF+RkyUrU6I4mM26k

 uLN8dryeZr2+Urr6mPOj06mY27nmYydp5KfbmQktxS0SD+1i1uo/Zy0QiKgrIAdjTzhlTBwB4b

 RBWmg/Gtwaiyo8nmX1r/0jSoXB/hZ4rpvLSC+XgiR+ic5LYaSwo6ODg0eVQVcuAi/cHW9taf/9

 l3v/mtX5fO8dmnn/723/v7DsHDhyGXIAFuixVtrwWwRiVIEgfM5hAg6MPZEHW2y+UjW8VUCWwv

 W97+hG9hl0K+K6/Jl0xgUBXiGcgXUx8jPqGsTOqsQU31BoBvbTlR7RLsHpZ/7Cvy5G8bJbK29+

 Yv7j+4f3zOoI3074j0hDaL1Vmvi/pMmLNejsiBYmCGAg3mFYpVWSaDeDEcLFhErF1JYldvrbe2

 jAPBislhhZPGeI0UA+H+2dQlyHTSXEUkQ904aT2apArFDci2kJ/JvZPGMbFYViIWDWUcEisUql

 XZgQjCBG9IKbCe9XVTS3P1a9vn+4f5QtE+oVRvFZgKJokPxjPQVrGxwfsIFoiavbgYnp6eu6ln

 8js3CT2ctEnHRVww6iA2XXNc45uZAszaiuSKwO1QehNgc+XKuWQiwsf8RFX9g/7DJ48/e/Qg7k

 jjRBCO5WlF0WgtLK+wTbgE8b9FElygKQuzHicoV97f9ENgUWwu5h5J5EmTp5bwAM7WXRJoLiyL

 CJOjWJOsa+6GFAjJD1RcvlQZXLSpX8vavnVTkT0NfnZy4m6gytb2lkeiJOXBojZ6LHV6GA/vyZ

 GJBcbhJ1uWbJpfJD+QpXloUPgycVYpMaSYLdQ1jtoERalQE7LY2G3tPATHPTU6e3msPmJGJNQw

 U6rmKs1ctZktN3LN3dLOTfe57Bwvxx2TR8W78KSWjyLWnlfGcUn6WiZ9ftFRniQNvZCwXI7ErV

 TDpbFKPLzZamAfPZD6vcua0VXDRb934cRId9kavAFiQ6DKbBuqO3piuiejNgTeSpVPo97k/V50

 OjqN7O8fvPbavQ8/+OjWnXs/+Ou/Hg16v/Krv/r/fOc7/+pf/eu9GzcG7bacTEJLworjNKDcX+

 EP07QIFzmoz452XKFYwk8TeoXg6dUkW8XwiAgPBOyF1vjKsmRX2bJohLMPwYkihcgDmlZpINoO

 ldicljbhVwQqknQX2hCdSHtxQLnVuGvuxI3Xtn/7H6fu/602vxcqTMwuYR/aREKUaY4nOHLzhR

 GShUqLZ0aNMf1oRLSGHabTYXEyUOQ37wwLxW1UlZZp3tjewF+U1eBizODI6FOVh1Rq+TlJpZr1

 Unu6aM2n+bLZGMXpsCNPPqMHEW+mUEEZ5ILJ7RGoEnsjzMi7xJTGwfADxh3ZhbXGTDJbqWiBzO

 GwaZVuX65em/7gL8z6VHnLZZfHEsaUPMpwJxf5mEmLHsLHRKRc6hIgcNl7/OT89Xu3cBtFjXLd

 JUQJWCRwIn8iyhMD4LKZzmTU0UcIuJIrD/I1e96vgYfMLBktjbCp7/GxZsv1eSr/6LhTa3X2tu

 u0QW8MAFV0mdNHjY41prG9thxQGImGSvLFpY3TW8SVJjqXm9VKepHnq+Yr9WWhPHS4DBY2qxyP

 4AmYkreyRCL5KlBZxxRWfcbQWWlYGX3Vs6WDk+MxJFEZ5O6NSSZ72jlsd87yhXK53uBYX3ReTN

 hMlT0dc8JM6Y8QELMycbaArdQvckl6/tr8YGj+CkEZbI1aI7wfQXvN0HS4E6zTXdHDkESW50nJ

 VWI/CDsgHzQp7BRbG5kYgV8zu2l7+T+9tniGWAsJLXU3KtZwvjMrxORfuqs3ACnCU2A5ovQ6DX

 BgCNQVwDmGA2AViH/IPWtEj8axdQYCvyy3qESUAwGvy2V1BqzXa9yfREWLxrnAQvs7H3/8+Kk0

 ZsJXUXE4XFZJ4C71XZLlO/+P3/3OH/yX//Dx02fPD5/9V//iX8oAsTZHhXWHQwZ7eJMhqEIzhF

 JNfg5JHAIPy8n+SxweKnHO8SU/eTbmcYbJXcS68hMjrsiAjD9aT5jTWQg1rgW0npWNbQl17BNT

 N3F1IiCSLY3Ntr3GDWXm1OCdLxW+/Qe5xpa7WD8fI+De8HYSCyAUskakEkg9H+Pdzdll3uVULX

 g+7V+ExzYYseyRu881N1v1vVutW/fWmpuQipHNLValIiTqhv2zznOewKUkf5fyGjIZ+8SNTXKC

 mbDr6WIlGR0cCgpB4BtOo+yV8P8T1Ic5HcKDd83/SbCW5B+7mNaUjFIFRhTKVbi5JdpwFgwRwO

 l9qcRDe0RyHO1oSHORUjm5MOJRKn+wK32JQ0Ls+CfOJa2WVBLEMLpuzV4cH2rla1hFqtYyOHBe

 bAizT8XtCuWpfjS1Lb1y4CblRsvpnHT62kqQszSWo0a4OMCxmnKqOi76yK2r6TGrMUE3kLT8L/

 ADkFKRJrSJs2qiUiZDCJq4M13PzQxeE4ejliVRrKsoqcnMcOgEqgd1dg6e26OFA+eGbyPkut7c

 XOZkql9e9No6y60ph2y0eKUyCNcr1UJjm7yRnLDs9tcGAyMTQ9Viy+gHiGMxZGRr2EMahkcTUE

 JQd6Q3WViwK5kug0LmD98qp2Vffa1YTptrCxwpVbR6XqvUTIqNZPjkj8WoPRGhHcNClOrFfNjg

 S7THO40kzWj6U0lmAEWzETsWecQ0FpNROiVeRYXsB7dm/eIdjAeGhVIwZmrV6mg8SjIEIztSZE

 XZpC1lmHBpwiIIZUA+oQ20Tvpk2+227GjY9eZm68WLg1areXR4JO/1YP/53buv/NEf/VGlXH77

 S1/8k3//x2//ylc2dnZkRIuqa8Tlauy0YNT4si3B+aHafSVAebiaXkssrrD5GLWMSdhyONLBfw

 kQop4wQUTC9AnuCynnSdBrrZlubnmNie5wQ1KH9R7XjpF2CZAbBhMqD9LNjQbjdZ7ynMAL04Nw

 CYnpfehdBECqcBR4R6kI3BWdYQjrJXUuexT5cjro6F9eKeZOLy57o3leB7crN8pX7ha2rsbbbB

 pdqQlRCeX5ICpgJVqoLqfTWf9CLnG0EQqXXtK7KjEpjiGkmCXuH1InCbN4Bmvy8P6OZ4j1+YtS

 pq+9irblsbROHj8uV+qSZKgroVQUggBdTocnKMjLS0EQovjV42Rzz04Oe6Q2TcM9trP2KsA/9r

 zsHKQaE305+9TA86f7AV9rhStkEKBjTLBlic60qmfvNjfImvbZGTeDr9EdjA9ONckKQDLBGlk0

 gc9ZsyflkMQpMsLkP4ZfxCUlVwmOLM0XkdXAoiqSEJxD8Gecejx6IlvjqUMSeZzYk1i6j4r3ek

 emUumKr5qbV6sbFmGHnZFMLPtZNVuzVDLiRFGPRHS+gAuiOAbK6vgQiQF6gmC0r6AqgEwRDgga

 fEmc7hRyNvbH/XkoSEoDArCFhlWSt7XUiko+pnKwcaWOe9PVerrWWqvWU+WqlmjMyTg/5hA1qF

 9BHCeiZwxpe0RYSI2Gkxjpp0Oo3OrE/Yj3ePzwXtiG4QUKE+P/MBhiI9f6xj2D3fV5Wlu26pqP

 E/wBwJqYynTErdran7UvSAt4k0f1vAovZ1oaRZeZ1dHxcTxyJjPooOCCirKmPiZnx3dvXtPy5v

 vf//5v/d2/985Hnx2dnPz6b/+u0N6lTH1PyaENurTziTTDJvguHECqQkcqxJOBTKpfZXwyDWwW

 Qcu/JXpNpJ0aIcfXtY3OVnCMrY3Y4dBs+7xuaRrc1hCF+EqELmgSm0ZXh+uLSewGK6ySTtXlMq

 KnOu4ZDBhohEegmownfnbY6wgu9k/mjHC6ET1agTmnQr1unp+s9qA8qL9KcTGjbr8A3SuWP3l+

 dN6d5VvXGjferF//Qnbvbi+z7JscUkiN8rNhuTgrat1RqkXBGkt7tLg0BLpjYpqJj31AXVazsQ

 iJLdLF6dKzKHVY2gQ2skREJUuOPToqB7ZFXIGgl0IuTkJVNIW8Kjf6nUGVCy3juRYjrGaR52Wf

 fBt5QBGX0l8il+7m013p7s3NF93usQ4QOjVHDaR0BAhiUlkbmh6BQZ6y/JfhNLc/zg5K27NS2d

 SJTCjAnFqq1bpKA25OIVVvpOuboCYmyc6WIHBKAm57GF0gYn53OGXcHComo14KSmSoyHo2Jpqu

 RxZ2uYSfZFHndtKrxnBRc9znxZbeSoKHRmvClpI/xgV5XBZ9k+4LSRCCjGCorOnZGgb0SrPkPg

 1Taa1tXl1VCqyAXne0zDq7cqa1JY+xvVobS76C1cdw6ZxGKtlqOdU+nQ8ulTEWefiYmN0bKWtu

 yq6VieH7l8EOTpSamWh4QldKDfO2wGIINaaEbOKcDWEXFIwPlnmui7S/1XIG7mK5JNncGNOJel

 1Av4R1F2UZQccwrTklDsj+TFPlaap6uSjIbFisStKRcFj0mrRVzlwyfSjRCEYG/5OB7faF+TG0

 UOcixjBjXeHcoXY140uFRPD/hLPSeu8Q2dGqD5+JGYYczVK8MK0Q/4UCH9j1qWVKGGxhDtP/9X

 /8b8pBXnn11X/zv/673/ud3756/ToJbwGxQ5H5SFfaQdxKV1oN6irIr5fR7kVQG1UUIB4bxjlF

 tn0Zns6K9b4QSQjXCYTGtQUUmtzj6WX7EBMTn5ZH2JGX1F38k8ircGGslYcbLxpPshZ9fTDteO

 AK0fpKlD75Jb1KdHhOjmgEt5RwsKs8KnujTLjXPLs74CRFZJEyxvcYDbcbO5ITP/7soaCpyTf1

 1s7WjVfz29eyAdHzkJVvePYM2xXObOx4mFEKZeipvtA/zaAiEtqlUqNIsRDUlptEg/XtgEWTnY

 k2ssaQLIE1xsMnuVgedg4heeUNg6AEEsPTpUNiDlM0C4JkCqSTs8w1VaZkIgVK6IkGOcX9wzbd

 GzvmUUMjRq5dGCuJ1xLnLduJCyTLNgzdarG1Y5MNRTOCWhuTRbXJRHSj3M42LP3o4IVpg81GlZ

 ZBPLjJxgrvx4LJW/F8KivwBbiM4pb4o8lcVZu5OEN0kJlMR3QXfrvIF8Yy1GTUJGC1pQa3iEJJ

 BeGp4irJsxw90azEgUdU7ERPV9q4ovGQqZlTPZ6MrSiXW9euq+I0DwDHN298uVDbluEQPdbVq2

 MwZlT3guSm4jMxtSYtSKZBAivApNUwOiAU62W0l85Wo1gq2huF9khm1lgPCyCUNls6jPAg6MTW

 cIgILWSnt6BEP8WfYFsHRjO9VGE0Ib1im/h0wZ4JfwpVRh8gpnTwaebO7mbEKZjLhYKKAp23mB

 4uahXox84xgtwbMTASEVlYi4ogdM5jNAWWEjUPYXsGgImWlFbx181GWl7Z2bY0MNjh4eG161eP

 jo42N3dAZ05C4z+g9Ld/67f+6nvf293b/dWvfeUnP/opLkB/4UpG4hwStBVhEYW3lOxCmCXOG7

 mhIPwTqChO1mRM2kBam6II4wd+4zeMvAybg9HLAjPzAfWtcdIqTYntSD8sw5cWlu+S7BGoLuA2

 bJIQaTCpeZnL9PA97eZJDB+3paHyXRf5CloY5SpMUq0293ZVmtNI8PfY0dhaRo738rJppHKmXs

 1tNjyONODx5FIED+ip+1m2uZmttCaVzUytKSmuLBG3rNP/g5P794VHsYQxWetbe2pYmY0iyUms

 QLcKFYrUPqEeiSt47iX3hoCJL6eKbsJNZQ+TDcIqslacY/vRI1O5Mo3yMA3JoEI8SohqZuY4kD

 DmjxnCmApUX5hfXBiSe2Nv8/p2g1oMWvNW+hpJuUM8p2dE1jMBhXc//NyvdSYLwLlV7kVL9AUk

 fT1B/tZTunZKLRuzbL/0hS80mzWiIq4SEfqoPUZ0z589pWSK5boiOVZXSFPbR2bwigPqXlagwv

 PLo+OTSSpT29ztKdmNNSTUHqvJs1D9o+U8ZIsB5Hk9XVEo47I3vjiLfWHBifC0WlhRN6jLocQN

 0dZ6a3dPTkd/MGXGbGxdMfm7pyKf1DFIu1mTQLu+s1e9fhPONM8UgG0maFHx5E42B+FH/7LKOV

 bUnlFv8C32SeQaC3L88svDhCwN7IYBlNOfRqKrb2DkqxkJEf1DkEowt8cWr2YOBhnTBI4m9lzQ

 LTLV2O+ka1R6Y8ZQjRwuyTZNvT8lI00dWTe66cc5hgkaBkPOLHPxvSzsS0WmlptwsnBwRIGtPw

 ywIGi74+Os85DPuIeEEAQWYCiIjGtsIJRiqo0pL4Ka6wYgFsqV4Xiy/+zZ17/1LWmpP//xj//g

 H/wDwd4XB885Zg4F4aGR8KyDt5I4dYi+mOLrdsFJ8XfEglkXGDgEmHeSx6Lv0AuVHBLI1CJj5r

 kp4MI5IoXxSIFt5KOroJ/i3NFipDeHtxSWQ6CZoQJ4omKB2Xl68OwXs+MjDj9V6rlCLq4pK3ds

 cq4IqhUxvHn16lyuuxUAQV2UAJOVocsm6ZgvxQoFJit5zZ+k45ydHMXE91LZrJt8uc5j72g9QN

 ek5eYTe5eff/Tp7PRo2usHvoZKtrbS1WYaKZYwOLKiiMAN/FfnH4RONSKMlw8TpxoSG7QeuyQn

 gFMgmSnyTAWmjk/z5XLjxtZoObJwe+lEKFNqJgJHJLX9Wk83ivnNNc3AziaD7rW9zb2NerVK7Q

 e7ICscHN8TEkAcRreK2fP2Ox89JUsmq3Rlt16p5QfcqtVKDZRkUXIst5qCoNADoXHn+s2t3Q0G

 xKAzRK6upauUbumPnz2mx8y+Bdq4AzJASU41OMMRcWyEn2eXJyedZaVRVIA+m9ZFb0RSYz+wvC

 YTAdTnlgPskUkxWGap2XA51mypZ2iuKCJbIJK812Vrg1uQGZFY2tzZQGun53rKaKJYkcQ/bHv/

 iGpVelLZLEuNUTOgT1oSnV4V18ZresCPFLZLIA6ndV3xddrQQO0ALQSVhNGIIyB0cVK+8+UwnA

 zGM2IA0L6YKTwQxbRiLiozLfAqLMSKXoJFI0UIRyefDQUd/Bplzy9RbJsTW4T2NZDB1tnj43ai

 1vEi6qTYQsdiQ9QaUZPUajAayMBWihNL4WuxLriOMmMsjGeE9n2DpRLOc2eUEfko2fTz/QMTD9

 WabW5vPnn+9Pbt273ByBSCZ8dHN+7euf/Ou3/6//7Rf/HP/vn/8LP//s//4/f+4B/+wYPPP744

 P7UN4buhziCa4Lu4bZyS3Gzea3SesIxYawK9WBDKZhe6tXdZhUcIVyJE8WIg0XSqxXFoVhUoqe

 5ZqrZlO/n9dE7Qd/CxbfJ33MWXj3kvEcJYxGYmXwS95uW0kOywgmRjvcJdT/IKwouzwwCmbEsL

 Ck8/k4mBEpnPFydZdq9mRVeurtdUBN3pdi5OXzyVTH/t7puRqlLfup0rObHAP+dr5/tHg4tB9N

 kZ67cSBQOL7ml6+3pq3kkvqwyOWGWIYbPqqLWQGlRNsmq/wFfh0HqPh8UdiQAMLJxnZcMq1662

 z7obgMbJoqQlunILn3VQtDugHpnY+NTSkA6RimarsZoM7chZhwHCEJUOoLDQPQOrDqwlXC2WTk

 iR125fIQ8m8xQjulEp1SKEp96qxMGNuOOsaSuubW3Y89lcsfRarRUN3xXsuZ0EPhjna/fukSEs

 u+X6TsjZoCxOX0IDIcVTEqMkHeTlOShGq9eMBqeB9Bg3dsOuIGObgHXTq5Y1azgWVjkqkWykb/

 HtGDMSQp9wltgz4p+oWdbiukQJDYaTjS3edyACa2zOwWAnc8sW4lgMzzk6vZyaDjqB/OUws8Bl

 XnEZ1iHn7fYsMlPsPZMjRDYNQvX4dz2OwgYEL7qMfUvoy6kEAVkqT8TJMTQ8Jg8t4XHnFnQtvy

 dQAaM/1eGHnrR8NrgMrUgA0xPyvZ+9v//sBRFtoyLXOKx2F427+DYMaMfp/+hsFX3J/IyiACXx

 X6z6P33Zs3gtJHI8hJddQhTFy4SPpjhHh8dUNa/RWLfzs4t6rTqfmsY2W/XPX7m999n77zx+66

 3f+PVvPfj409fuvfb7//nf/zf/8/8UmBWfnMEbWX0Jybqm3r3ijsG2GRkktiDOwkmpH8vCaPOs

 As+G8j0gFeqm4DSxNKnJydU8A6/G+KNh1gQQg60W6+rNpJgx+pPn909gVYk40nWRw6iCjWGrRV

 uWM7qhHiMGreL7lFNUMkk/Ri+iiW6hvfUrO/Y1rW2Eay301b45OtqfayM6HS1PnqyV8tPjztbm

 TXn89UZTaXH7+Dy1vt+YZY34blZKthG3pXrtxbVXCudnDz/8kWa1XnU1I5rLg8u18jqjOumMGS

 wc1Uz0ZfQMFOommxMEHhaKcWyYS/nf6xLpmF68uPGlIvVZrbQYTu9s7vzmG1+frxfRgacNDvSR

 RAoESSX8z2pNpW8vp/MGr06emPICaApNGnVrkUfFy6B/Lj2sUT1Xcl9pbEyWMxWSwWvL1DXu7X

 pqImnM1uqz62qoOKEZ+unD49NwfQpyxSIUigIZKTe//JaJsmgrpkLFgSjEDzCWT4O8WDY0VDW1

 3rozLkX6GQchx+ILDbKKTjEYBMP7QWpeV0/6oWct0Jy2xG2Fzyuc4TVjboVHJ5uidCo0efvq4T

 NZXgUTANm3inkgj7p5LIZlVoNps7Cuv5dGB5AVrl1euKkqKJXwmKSg2cg1YZ2kN5HGZw5OXoka

 CG6iSus3Zo8R4dccAXzEznZY9hpmHVLXZgeboCgSxdaSWeGQul48jWLBJJirc3GXy24Hk5S/wk

 a98vu/+xv/+//4v3SPjrxDZCgKrHzsJR0k1/XUkUMWDJkDicXWyKT4Je+6b8LhDj4kiG30xper

 efkbP3mNLMhlTs5Ov/DGm08Mm7mydXB0tru98/DJw7u37z54/Pjq7t7mxsb3vvudP/xn/6J9cP

 Q33//Lf/Qv/6k5bj/7yU+wXFgAxKgHculwgPly0vlE0uP2KK0Ei9d6lR6IwAM9Q9iFDuIOYDKo

 4UR7uKguZCmGeIlSfBebjFaD3qoirT8Js1iml+Oi3hNvS5xBG5xJ60Ozyl6YBAFv+GXPkLzzJ9

 ntR3yASSB8zckajAg6r3KOM8LgYOvBRJcUVQ0YwrjNiyeflmo76wetjdfv3bz72mjwCw2++2eU

 cz2XK9HGGnzT7Hp5qNi+d/fac52xcKY/0gkkqvTaLAUhuwD2wjMCdBZoRCKHgrMbQSDJEYSCJO

 JtGUQgmNGDBXOCNy6n6Uprc6veuPmFO3/27sP94zPHp3oiLJx4n8tmjHQQzvJQ46Vya5bN9Gpj

 /Xe+9oXNfDnSpUhxfZdDg8SzYmC6h2/95x9+/sGjtpja2JTeUDQKqPLkoF4JoYsW85qmcfLvsa

 Ekt/XM9RubxUaxCrHEn9jUxPvJ6vhkZBSqhczHjAKSKzuMaGJ0ZA2fP8oJe8IKsmcYn95XUKAi

 F5CLlErTstIenbPyIbABxGcpRWR4CSKoRk+EiMQBNnxj6HSn09VaKCuMyt7OtGQmSoeAXnAMjW

 1G83KoeOYAjgmYN1uCCkVfOJ1uskX9/kRn5tD3IBe0qWeVyqMnVuX4CAtPP19jA/PXOGlbmIAV

 65m8OzCUoD92IQ63S2Fte380UGVvk43WKU6WQxKxierc6ansmrgXGp/dublzob3LxSBam83GO/

 /wN7/8za//zb//MyYGUUrLRxw1OABtBju+/D9wzPgON4f5/tKf9lMQy///KyTifl4LFRzfUZdJ

 mMEniARTF05Pqd/hiBFefL7/fHNzU4j4yt7e8fGpxzbG9t1f/PTua698+P4H3/vT7/6TP/wnB/

 vPlUABvSUUhBfHC/JEkfFLuYEqmAx5sC2NEKwV4Bp5hzosUWIWugWhRjGt/KfIxmOGIQmLj7q7

 WLc8x8yENTScu3akk8cTMY4lmFNB+aki1fH66rI4HZ0//rT/5NOied52FiHWjX0bMHXIUuQLBU

 cXqHk4HtQu9RYjEixyVWjqfcFKg0akzw/3KThTW3snT8a5dO3q3mZz69Yrb3z67s+YasPzw1AB

 6UXn4JmCsuzZcSW9dlAVUzKtQtNf3eulQw8Xo0GqWOMeL1dlllXA9HlWNqtRWQwe9uRWRGpZVB

 wWE8rJBZFR1YIUrAw49Pra5bLy1d948//+m08+e3YGbQJAei4MgLwoPSGRSFQolEXq+GTIcbLI

 Dmbr7Ny0nIjg31Cwjjn+9sf7Ixc6bPCcmQzLCUw2yDguUuXc5UIGAz1MQ68xFLMSvTl+6lKyRv

 vlZtgHKpOHjGaetvk2GnaiPrgWYz5cGh6ku8jNly7nAPOa4+ULVwt9NTnSobU6dXHUSnSSOM8P

 j4q1Ck6rlsrGGt97686P3vnMvjh0Anc2H17ZzH/5rZsPHj3+ta++oXJFgPPxo6ev3XlNKP/wqH

 3vzjU08O47H2tMae7Yk+fnDx8ezNfKKk6RiG0JBy3CIqHGBbDsLREmYzh6UKjiSnotcL2wJbM+

 wu9RT1N1BpwGO4kV1oNPfc0gisEinD6x6pfmRhitykWXIlSzhUCRg8O6xcKqK3COZv/xf/aNr3

 /xBlP/3/7xjx49PWJHDrv6flc5uHaQJ8fsxLyMEb5S4DSIAMzpvHyPPKhf6+YiuH/IBpI/oXrP

 HCweBpvfx6/ib//6LhzusAp90mQFMyPOur3rV3a77QstXU+OT3b3rjx+8BQac2V749njx9fv3F

 QRdXj8gknxu7/3uz/4qx/pqqNeFDSLdUn2SM1Rv0vFCJMWClQx1UP5hiOLWEOyIZ0wa/2Ru8L1

 xXSw25eOXULavBKKRvhX8rfJCDFxk4KOQgDKChUkpWq58Ugg7wY1/dEP2z/7/nRwURLfSXJLm8

 0qx8SoZEfBSHdpMBJDLlXIbrQ2I03XrzXisD2sYmEkExujliUAGcIWWdbq21WTcKo1HmS/c6Gn

 6Hp6Va/UR08ftT//eHawn510RorOjs9mSjW1CC8bk8zUKy3Wa8I7UeS0LvKZFSoPTx9JJUEw6e

 9OgWwKjec7+DyacDRxPN4ZKQTz3LK5Ubl3c+8vf/oAFiYXeDHLXxpftKb7RDmCinrirpcm6dJO

 Jb8ZAwPo5NLu5s4NHU+LMO9AypQogufhl9qEiz9w4QTYPzmdHA2XcOWo8l8rTZd5hRwgf7PoLD

 Kcn5i2Rb2EAenO+WqMI7zaWq/JEBN51o+5GCFPwxuKVH1GthJRADdNN6uUaE6Fofwtru6N7bwG

 Wzd2NopiQtnZzautrWaxZqyFngiLyzdev5Ee9TbqOXKRp7a9WX96ePzWq6+cnY1ZX7/99Vs09h

 3WzYPPWAHM9Fu3rr3/zgfD3vm1vdq40zYqQR2k0q/T0/atO6+dno5Oex7C4vWOr61yFYlTkSwQ

 tj2qAxPabjI/QgIADzUhs3RRqv08pa8x38ExEUNhDtmC8HXDEfCK9FU1nuEogMXh1Ur+4GcolU

 PnD9713vRqlNbLR635ZH7jyta//PtfOTt6tlUrjtaK73z8VADu9SvXy6nUL+4/lBjrHELB4Ve8

 SgUhawQavIdKXv7xD8ZZz12OwjQP9o2PeIKXAU+iKBSYi2D1WGpiYL40M7xIdLc7XRR/fHZ+++

 6d50+f+fiRUU4Ru0obQitl9v33PvjVX/36w8cPPvro42vXbvzhP//DP/nj72ibLFU26iIkSFKq

 eTmSaBSFJotL/KegUKYdzC4oLsJuYAgxRpInLFzgYLhA4YMly7JsPuF03DlUdAR3ys4vFxGCep

 n+FF08SZzG2rT38c9PfvAn+gZBEOyGTdI2COq8s9PqdEX5AYGA5+jPwU0QeDBarrCz29f9uNvf

 3d5ymLWrV8TL5bOyMi5JAF2zhv2nH/+83NgoNTdefeOLZsact4+6ve6No0f3ymtn7aP0wfGg2Y

 xOazr+BTcCgvJsGH7w2uhiOSmb0yG74DJs/5AMsQ/kbXJ2vn8JrDsGEjc5uOBy7xR7iwApMuMv

 mzMaAORiPojh7qJfIePEvVPLcj4il1fLqd/5ytZevdA2gG6R2iqug/JDi9neAEaNpNJmVz5jzK

 aoVkB76a/cbFXL+cHJmSZVLy5mLzoMJg4g28ve2L1EmMhPCgUVNKXKw4s7raICMeJPXPlupX5q

 tFg3bTw10zbQQeXlZVIj8/RZ7+Gx/kroMbu91ajvlSBoAs3Mr6f7hwDyQiZ7dnomzVyqwt7t6y

 f7B2/dvdvVXq3d4x40bm6MHr1fzq7ryfX0vYc3bu9pRqWpeidSNWavvf6q6Y35ev3o9PN7d24c

 dwetWsX9aTPoT6WcGyAH+xucIUlR1V2gxuwQWIOdZ/QmwUW+mZ9B595rh9B7xFAiP4MCpFriHy

 cRRBjf+bUgjXfQhR4s/iYJ4jc+5hKUc4jjgCXcQcc+6j9nfigM3YztRIlGiAF/uxQkXZkWjg9R

 wVBxlokqdW8Xc1HSwNmFHNfCjm1Ml0TFt3QtMZLY12CnoDbCnwHp4/Ft4iPSa5H+wFUw1mykE6

 Uu7UZOyPJE6AN9fVKLve0WaoIcnHUNcE5//WtfPT4+e/zoyc9+8YtcsW6cU4TOWC+VqkKH8Dnl

 7CfaMtRBsqrk7u4Qj40u1OolVfGMQimKMrcCa3EKCDB2366IqeBhyaXaVtebLDpSM0J89n9uhG

 lnt9BJPfng4HvfUffNABdMqthC+Ux2fbnYFsOcL4XKY7tC8WFNXfS0ZypvX7+l2/vR6TGGxeD2

 bePankp2NzLPQjkVsEZ4ha3T2LpeqjakpXeG56NB2/a3JIBsbAZOdX461w4+qQzRJFHUJ/pImX

 gkPrheXRXrxBI/JzFtog0iyZXgBI4VEYgJh9QP0ghVbNkwe06WKcnOaUqF37269dH7J7yEwC8V

 RawXaVa/S2JSi9382m/crW1tV866IwxH0h92xhfDy/Zs9rg/+ODw4sXJxfOL8b4dOhw9Oxk+6I

 4enA7PhmOpaNdvNL/1ynb3cvXpyTCfnhXME5IN6mkjtyhAjMiY0gmTy7Ma1PLpnWqZUpacbPxP

 4AiX0uGse8nJm1EEhM1s2OleXgzX9IejMmaLbq0qkVQnidTBeZ9xeP9F/9be5kdHF6puoMKn7W

 GlXp+l8h8/P9/ebLz/6VOHfuvmlcePn282t7e3N88MKWdurZeG4+WzE7h09qITjYb1gsqulfb1

 MUuv9k+o3UK7M3xx2pU7ocZfLn8oUXlezDaT69BJYu+gcv8FqwXJM06jjC/4zzkEcuZhop1YuK

 QJ9dnmyNliLtrtUIDBUx4Y1QYfOjQMFc6icbYjVSwrWfzZBWJl8dnIfLrwtx8+/ZuPHo9s52z0

 5s0tlS2PHz/ENaFF4yukS7KFbhhkEdeP13FtbGxIG2bmy3fGj4mYsYSgGSKIfRBDkGMgSKzYZ1

 2C8UQkMFwz6eOj453t7Y/vf/bKnTudi7ar6QkMtZHR5bblUvXJ0/1XX39VPvTjx09MQDe7I1so

 2wyJL2qOsUvcAFgQEiNZm53B0RZLpQTGhlFFKWK/yK7I9ICRvHTpQyr5L2SRw7KH9IP8g9TRs/

 TmnvS7eEj23ULz4KFYfPujj1LdNlDbc9l28lbev54egzFImCRqdntDAA9/u4T409hS5YKhXN2G

 KZtSEXv9ymptenSsF9TOnTsadC97hpl2hqoL12bn+w/yze3SjVcK1cYrb3/z6f1fnJ+0YaI79c

 qtt7/cunr1+Qfvn3S6sXtBGbaP7GGSTnnC2j1omRfHEQln9vWlP6qLWiCdKMl2xZl52JeK+eVB

 eHJnx+S3b3xSGWQaNTogNCX85UW5N5GDvawV127drB/0pv/uxwcEPF9hOUnv1rNfuLtrdLzK6X

 ouMn6N6yg2YG/T0ax31Bsf9boanypg+m/+ztuR10Nfo9tYeXJoKEReMNsZ2rQUanIkIm1RtxcO

 W5Bv6qw/OWhPyuvr0ZspYLJYKE/Rqhghxv3MhRUnsw8/ev5plv/Evs4+OlDYnPnuu0+kb3V0Ce

 kH2GMQtMbfm63qJw8PSuV8s1B8fj5ZZltHnfl3fvjI0j7dP61Wiph2la7p5tXik62ljz831zPT

 xdaEBgGQ49f4WjOOKCQHMwvH2SpbarX2jb5IlsgTIcYZZ2HzOIFomuXXvotNCqq0/x7BZ1CRqH

 wAjMQqwCF5ifvzMuYbbB1H5sPxf9RKg3LoJMkeJNfiT3/4yX+0X3DpXEaLdw4dS+pSCx/2ITUJ

 OEmo5Zd/uQa6CUoII85pBYt4ELstnOW3niny1aP1GYfI9eCXshu9FLE4/l5QTzwlvzRyv4KblQ

 EkRcJaeDFE9UXQmtdaOxcdTT8Yp7WNjXt3b/7057/Yf/ECFFqRPUscRYqCujZiPMJfYYo51GT7

 kiNOnpa4i8gY9UipvHx8eL/M4aDRsPg9hEd4KYesM2+CXvR/xfMeTE6a2ovQ7YljX1gtav2z7o

 /+Oj24kGqVCFfCShdfGKYD4fOktrea0l3EJJGipyaifPhi1KtstOpbG0wAnRYtiZky7PZq2zuN

 vauyzz2j5jiWBELWDVQmY7HcMIohrzeqPoO9vqzJ2nq2VqlY0unz55CqyuaGfYTcQIosdsplkv

 huoSxLmbGSjYLMghbIGO9E7CG9gm3QCyIKgRUKL8KqUbSPc+9e3f7okyPha48io5Bxhkacr7Pi

 6H79NRmerb/84Oh0uOhF/n/U2oju7jVlhKnFMwAhepUSljJTnbYAk10w+ILsFPN4++bmcDw76g

 DqgzPz2Wkhc9kozQth30wKkpIFP9nG66tacZ21HLjxYqFKpjuYPDjogH9fkhuhz6kNDF9GuL7o

 kVc+WU0uMG6UJRrHonkAnSFevQ7DU386M/+VX4xvxBGpcL3GEYOsxsfPTx2POKklYyaYo7IcwR

 paZj7tmVAwGPWJCZP1xOolxygEQ1pDbURk/rhHJK1K0ndu8zyIAIYF4OPGar8rj3spsDrNmTC2

 Jl4lLC9DH0IOCYkGPv5EkWmkc4iOQK44HTGEDMLqpNCkI0v4GarjHMALng9zLkTpIDOIPeK/GS

 2WgeZ8DTn+EibXmDY447WbV+zJo6fPqVHyIEorQqs5fR8MsYEmQpIEUSQy13YRTrScN4PdiRbI

 TkRdA/kKMDD+RequEZeIV/BJrNMuoDB3zeVOz893drZDQZULUaBzfiEfkyiWOctaPDk5PDw+3N

 jdcbHLaU9RnRznGcM1IKAoAeN0hJOPk1CHO0UiIXkXHh3mstB4XiEED22zWYBReeBxXi4ENwuj

 KTb0rx7mjjpqKBl6cFRqrWx2d2q9vrwsnF2kOo9N90P9lh5sTpDMVnSraIEiv9Pz3u7e9kVfMt

 5ESg9T2E0N1Tg6Oti8fbu1tS1rHDgmaCzX/+mTw1fe+uLWa2+5jXIOlGJPUe34ojeoDWHZ1WKt

 /MaXOrUnQ32aJpdvGCxq4Ohy5R9ReOSAZvQ1HslxNGJSVHkAICuv5RX4QUMIj0CYCXDGcyw1+F

 aFmpWTUMK0KCgQCfsFRgafEyARjcPSXtW7tGTroqTAy3Dd2zf3TtrDJ8f9No4oGPKiQxOTJAeI

 Vp6DMXKL8Z1rDVHxJ8eDq1uN3Wbjex9NL7pQNXU6qc9PdEmb5eeXlcIyX81+/c0tufAEvOR87b

 5IyKAsHQtya1AozTcjsiBsOpl2yuNbrYIOG0HQjg9lo/qZzEQFG8hHsn1qMmjUEE24/vFbNOi3

 6IsN6RUPj4DD8tIgR0MohQQxFNEeha8OqgCLeHeBAPFxYFQS2Eiv9cI1Dcc1aWURYjDMXz1vLC

 z2iENMUEU3MqokKTyIOK8YXiTj4upQm/J2MUmQWhge5rmGL+z2kf+4imKAJBEo4OqERhObN2JH

 eIcWYJ66yCoiKsE4TCWfXmaQph2TZzCmAjGu+fV82LrHkS46WbvarP3xv/+OgITcLRRgzbGS0F

 MJ0woa+Ml2YxkvveREW0WwWYVXXJTL6B3hzfOywsigzMNQsGthU8eF/J9cx98uRUak01oIQKQH

 A5VyYxFzfCT7RtmJ337++Fm92aCr5Wt6u5Om0GNHw/II1zfoM4rcY03Jxnn2UKJseGfjfaxAv3

 UFLya3CzFkO70ZBdvheJtn9Bbbr4fuPGp4VsP2qr67FvWstLwITgcaFjWe3pr48j5F2AJO9aNz

 t/Zpe2OjdfP6lQcPn1qkMtdiVZVBqXdx0et1rty604v+pG0FRavsvHN+9vzh51e/8Oatt76oce

 1atkNHpNWsZtdFKtuLpWGpUngbN25XNrfLx8+xbuxomJDxjE6UOGNeoXS6YCXaIpQ2Hkd0heUR

 mTVyTUL2WiTSDPTq5VecX5yPvUqwCHuiJAfXptQ+gpEiGYaZIPLIxUNrmfSrV+smwv3F44uupP

 LwTZypqzLzUgK1i2UxpLm+S4XMaEb3rrdM7IFvCZGuYzD5Scvv//hBtVINhsit3r6zoanp04Nz

 SbejaN7qNKNEETuwfXebumSYYxHkIas8foHurT+yryJHLmFC6Ee2omO2FgjatsnATyouETrnXk

 qJx8F9SulcXJGfLdB3hlIhAuJJUz4YGb02R5EGc9LbBfYRYTTxDsZKFcaSGYMiUJL6hcRxjJhM

 uKT2XiK3zbcJHinZXioS5RuFE9sSGmsecHgiO7zNr2yH2Lj6MPeyNvpNtT+VE93clIy5pAWHEg

 yTgLMZZdGrmIeeRJuC7X0KKy3MKGO2BLzSdaIyXiNiH3eNnlb5yegffeut3d3t5ewDejGx7uO0

 X+pdT5EwczxYsm7fhFKOv3yFIUskRdTVa3GmzCwfCCsuuDl4JmgmPpFwjg/G0wZ0V60qlpjpI8

 DwBgVFR9yiMYbR7/LTB88qhZql41a6FwhkZxOXPMzbBCiNKeswaSG3WAvSChERWxtaJRYbuW+C

 Gy9XFjZBqGl/0C4vMRoakMY4EMhpU8WAXEC1uM0tjfvl5dD0p1p6fnR2YoxiqVZM8TlBzfFhTb

 DZ/ZRJHtVpy6o/19XbNwajybNn+/zEnHKN9QLlfPb8RXNrb3f36sUIl10KrbDs2932/PNPb3/x

 qze/9LW1YxHP6XxwtlrX1WQghaG8CsuZ+0HTaDVvLKXUYrkorAk6jedADaK+6C7OD7zs6aBlCa

 voKxdgdCTTik6aBcuo8EKy7wEWOKh0VqKDA1GaGOHeoBi7GvMm9ZpAVLhFf4ZiGUmktqqVt6/W

 np8O3j095C/0lydNyo7htz4k+y5ne4EDSIxLuK7Tn3e785PyrDfJDVVTArgz5aSjW2UiCKz6cn

 b5ymbtnYdPfvD52NDm4YwKkSollU4Ow7JSmr52LVa9iINNaYv67LT36aERm2HslYomAgRyEoN7

 ZrNCtT4I0w/lovm+QQnaXmBRsSgqTB6PzhdYjA4MOsgaGBQqy0ukoJ5kPsP/IjeQESsgt9YLRe

 c/xyrMxQTAhkgol4lskuhTQu+GuxYt3tRQoiJZmsHZxJKaouhfOM5V0SDBlkm8RbAA1sER5CB+

 dj3fusKcRSHsO9cBLcrX5ou6c0mUDzbxOKHkE2ZDkhHN8BS+S6foSMGTheHoiHyjVPzCmzeVjv

 7gZ/vSpT0i4Mc0oken/Z3da1NR52jzxIQOVrULcS2XD360KK8mF3XaODK0HZFOqGumEBIuoEWf

 8p17Y72EVYI1goWxbUjiHIXjWgjUpw080ZGj3e5KjncdyaguLLz8+OmLUrmlS8xKNrDyefljqD

 MuaFkeDeDsPrjWFRN1E68HD8dN/B0CA6W64Ush4ynCnAwREh/xXyZTUEBUZGMlWiWQB/zhKcha

 1XVypJfrNWV5Dnt48AyqtZHPjFfl7rSrGgDM4nxcChwFQieqjLqtb2zdefXOybkBw6N2d1Degl

 VnT18clVtPb7/5+t61K48fPieGlPibJjU9fJErll/50teu7G08K2XKtZLRTA45ZpxMZmE32PCp

 OEr35POH+589CC0RKleriWjHxZtDLnKSpJGZibi8HEYJYSGygjymR0Ky4XSy0kS5ORQhc2NzEi

 FgI2S3hMVGB7po+PMcNvkSGqHYWrX6y+Vre7WdauEHDx5NF5zb1HZhXl1Eh2czi2yq8FLAKsn1

 +iNohi1JPz/qMvIujbScr4+kDFJ56fX+JNUoZ3Xos6+yF5u1BpOJxPTFYIjIQTZVKaSvbzYvLm

 eFcnFEs5gEwG0ALzsWRyXP1jEuVw0DWkmhQkV4/RI/LVZGgBtAOZlGs+pGhU+gREULwJjhtF2v

 nrRjmAyf/c17e4CSH3/wiG0HajDcByGWi4U3b28/OXzCyv/Sa7cBh+3e8Cv37t5/ZEB5aW+78Z

 OffK6OOILZpjmNZ0xc2Z52R6M4o2ZEDXnV9Url5s6mXueDyfLZQdv0V+YMT8yy0aHudcDO0YSk

 lfKV34KNTxd9TZ5T025/zMQDH/H3VvwgTOTSiM/pBYYUI0wTEsOBkT4dtmDGFPT8P/oH31QPrc

 Cqf5l5//0XlJlKVjmqIBYOvd6PlDh/OfgjJFj8YzfC2AgG8DcuQLkJw/ilhcZrVouRCKRi+DDh

 SQYHB9vH/eMqKIh6CMNOiaKZa0jk5escHnaRgqSiQUNwsFxu/+DQmur1ZrCdoR/RqjE+SKSFdx

 B0GEFeVrIrEL3WStQF9I4mEaDFhYEdbIqRQ++GGLKWMAbCMbIan5CvE8XJ8WM4TcyGUd8PNkvp

 Ik9vUVpnQF4K6B88bcnLy1e0je6wsD1sWBfRTlCegctYpsmuahKuXb/29le++LOfvcubdl9o6X

 i5evbZg+YO4Xil0+2/MM9KsyBgwSJ1dnS4yLxfun5jBklMMD+rrmtcg751v7u46D97dnD/w/On

 z6fDQXKX0L7qzQB0JI0NdSRAUi3mY7Cdxw6rM1AHNI+6GW2kXhKYDkazB8kGRFzC2yKIyfAM6k

 RzIBPJochy6iCZVGbIvrJb1aHq4GLIJFQedLe0/uU3b2slIyME9m7Gjx1zIaOOegNp2qFuNNIy

 eVHyRuRWLk6SOLFIsth6pMZQd6QQLU/yBRAbFBVi1r/w8HwxtxHb4KLRE7O0VSVWYnXk2DJtoi

 z8wiM6oOcdwPKlaEplefzKrb1713Y/+fx4b6t80Tlq1UvH7VWjzj0HYLjY6qtvXr2cbT98etrc

 biQ3yty4sfXp5y+s4vUbG1vV7EW/fO3qtqq7rWRGtvC/qLCmPZPB7MZ26/puFTduNSud/lIJMr

 vodHh5e6tJAjt9+LmwGPI7mS2v79Z+/fUtbb5r1cJpZwIVR4zeY484QWCqRqlw/KJ32ru8ceOu

 8S1/9bNP9o8tM6g4rHm+rrKLoFREajPJ1SBTv7VJiVRFdOlru+XNzeqnn+6Lp7711t577z43uB

 ajgTn/k6bygaQRabxK6iWN4wLlcq2EJ13P1XnW8TuOf4jQSGf0N9oWmSeL9VVQveTnUGjMuASY

 xlEempWgyCBXzno47+f4MePY/zzG8XgGoGi3j9Ffs7U9ng8cAaUeFZ0OMhgP9odOyMToKxaaQF

 aAK4WkF1JECoxGiB0zGiCbaGNHjpNYYj4eaiikjNdYBUSyf3G/c51Iv0RcLmtJ0nuTjRT17Wfr

 Zx+9s1RMryg/p+NBjJKIOBI+WSz6s1l9Y8NsH/YQsbJ/+Hhvd7N54+pra8v7f/tOVxO/nR3hB6

 jDZx9+eL1W3n31NmF6ft7DwAabdS8zkwuq5kRIcn3GjFTfurah3elofPrscfvzz44/+2R80bbq

 vKnLautlo4hC6lhmCWo+MaBHwaQM6pkpmTBTLQ7LUcYp11CcRsG3ID3ryLPxNUwbFI9Zwb/Cs1

 kr5uObwKrYnzMyA9fYUlCvQ5UZdmez/PHReWc2g8ldqRW/ea3R6/ZLcGZj1A2fylbFn1vFzHoj

 f6yLxVL51LoaWl0/ZyhWYzKgF9mKXELWro1MVBloCgcHuBQHTBcF/1mGDES92JXSZfJirwoNZ6

 uGNIz5vKVn03IxCntfMVHBfXDBeA0ylu1NpycdbunaxaqSaW4+2D+XwkWqSQ0drtZajQarPDDO

 9OWrN8sotdgoH7z/oLhZAYjIQTHTbVXM7JYKqhd+8v6TvWtb56dtlKYpBd/klIs5v9wsGnqV37

 tb3j88YiKjjHKNGRh9+81iw7fDGN9nnGNuo1UZDMdNgez5uLQ0Yfeyd6liS69fWOxltZQymcQ8

 Qt1lh4DK1KxRlxokE8+Z1GbTdhK/i1A46WqvQsziXE0ISTaEjwMDjoziU+oec8eQcPR0Ob91c+

 fogjDUgIMoC4gAF0Y9Rkq0Rd1PsGkoWZfBrq6OBtAEkg+KiaqfqLMP7gxMhezFPt5ORqnSvtQp

 T9JfqOCQHsHfrhPXiDKdPiwPNNXvdJVQY0/E5ZO+9NZiiulGBAQfDDvpUj2JjoXkiPWElEou6W

 mCcil36hR5BqKIMWLBku8STBJ9+imYLXkK3/g2FFC8GFFfbO1vK08UgQfySjwjywq1kTxZpNTr

 DgfnvU/fo8rAnSqZ4z3JngSK6ILBRUoViqygGIk6mXx8/6M3DbW7dZMf9fH77xlrk6nIhy/oR3

 f86Sc3v/prN9/+UubzR2cvjiMB2HxLAEvXWPq7anCnxnP2+8/uf/z83V9Mzs6mvZ6jjIyCJAc4

 xtZEbEyHIwF9+R/KyKOvBUEEL8pOKHHRxDXtlAgkRgRYx0OHYRZldXYstizkuS3wt6OMJw87wq

 5EgJwIdoWgGh7B2ka9UC+uH/Qvuec3yvm3r7bGo2HDUFiUOhptNBsMNuwpd7mcz93QZqYg90zn

 TeocTuOvMIfixANUjFvwH/UQCXaM+wd4pbAjMevl7molu2j31WsvmsWkcng+P2i3+wYoJuu3dB

 P45LtErjDMZQGyXhfUcfGTs0ErvTo86zoYgMmpRovj/k65cXwxuHu18IuPn9aqtXyldu/mToh1

 UL/yQ1r0vLeVX2/UTW5tnHSPKRsOyIGZBI0m+jQfUJeTjx8/3dmon43HjXT5+dPji66253hvVM

 ikdCK8eNYp+zm3dtK+eOvezX2Tb+WuFEqXS/V9i9xsxAcicMfzNokjQpjOXNgrnUlporVUh8I6

 vVADX+TK2Bk0FUeR/M5mxVdsU/yR28718EL47Mv0/vHkP/zVx1958/r+YfeHv3gRlBxMzxOWOJ

 hmF/AYHDxgPcIyvqDSorm0TTBAuCFYw3/4NvBgn4F4KYrmAgUPZNYEhJRyNVoNDXVZGYYUj4eD

 alFP+qLPC6lJwOqO+pVmtVqvtkVVXAVhyaoJYzhBJCP+Ee32JOkBl7BIMBkoO5DtpFMMFg1T2d

 r0TImQq3UGeOlKifHh73C6Q9yEBU/qv9S6DO1figC/yRRYBNRPwNYh9YIVsYQ693jA5bw4H63p

 MH7wdDke5tg5i4U5T8nYHUFPijtC55SiwuZGK0Ysd6Gu6khnqQfPn9/9la/tvv3ly+0rB/c/zs

 geUFyby10MOqtHn+zcuH316lVUfHCOAmf5/sWVnZtK15bzQee9n5399G+Hz55JvuKea39stfCT

 cOUxJktB6Te0OdI2ljltfcTbIC6sEjmRmsISqZfZ6DMsujYdp4tlHbik2jkyNBLrJZwEEsO5iD

 l9dGJRgSbYk8W8Xhqlxn6jvxAHrVho32pdNRLpvDcweOJmo1LOZkzQAza6Xb3e4gOQEWH+yOmk

 VuUSFNZ2t9KPNRNKDSaKLYy5C/tcQhuf1WTJVDNbNXir2KwUdKECBI8GGo4iKNYC+TjNrX2+f1

 GX0B4hE/2KUsDqF0edVbm0MjVtdVHlpBNXKRVjsOtUKWcwJ89e1cF+X0OpiYKcxfJ8wcKnU9q9

 Di/1/ccX8PWOfMzz041m9ULX1fWK6U6ffL4PMH92fHpmrK4k0Mu5GIddQmZPXrwIIl5LH5wfYo

 2jJ20Oy8PTgRPXyUrcVZchEehHh2c8Tp8l8FkCZx890OglWy4vujqsmSPAGQWyB57C9hOyniw7

 bFXHyc5FyVUm1Mv4K8ULa2KZhsx0NLzi0HVryyiQCH8TKUcqMy0F1AAAQABJREFUlD4HfmaPM1

 qyHzw++exFW0+DOAGQ4/TMkMr5vBdxIHWOMVKYnaSmBZkSnAxWadrhZroawgtaj9extJfi2+A/

 bEAIhFgH2a3N6q0WvhfRkvdnffJ/mQ8Sb6ILRbl62T0z9u3K3hX9GcbDsT59NBUzn3WAlQgdoG

 hE2dBHojEID+uahn0cbgFmtfCE3YU3Y5Y804IEcvABaySOH3bGtsGKFuhAbEpAawmXO5lMPnQD

 dR3P6B4eyrexehKJiM+mRlGfPL0cP3/oodC+gKffRY9eGRNhhYqB0zXLwXC4d+f6ogdYqehdra

 L8xbP9rVffLDU2Wq++lWttnz18YMeyRe11Fse98+7D2Ss7t27duJ6pXD47OsXcNe2dlsujn/74

 2Z/+yazTZbcoJlGHEqNQggqsP1xu5fOezDbG/jtnNeNhHaOARJGaNDvRM6QgSTNEUriZnom3Th

 QIWyRn6YCSzSDf+D9shMh5j/Pkc69HjkJ+ntc7re/16Va5NDTX8nKijIH9rEBq1OmUKmX0Z3Cd

 FoFecQcbb1XaNNudZiPbG649PR8MGIhBKbYYMaCgOB6VkW6q61ITADNbnV0M47TiGnERjiRUFq

 0uplE0qlVLQd+RanWSq45p3FUHIOf8FBR73mjzbCZ2DIGIxuO4JppviGZF67/wopUVkCnyRUOM

 qzSbz04GEyIMQCPHXj/KUDwZHQaScGypGZOIwxIMCNzhIwNbJ8U1ZLsN9jDO29RCDyD4JBToLC

 PdKXBi2SIRzdUHj4GOzAgQHtmKaRUbk9Cs35i85xAyqVy9EAMjIkk3cVGzATSqhIguGvCyMS4V

 H5xOo1mX5Qd0GyU5qhGDRC1mbD5EKjtVFMawCiIkuGDsSHvCWeOi0sYBgYUV7dCd8nTFNoTUsF

 Fjb6LsOtF40YLD0ccd0dXLojkqnh7ysESH1P6LdpuUoqHZlphDAD/R2YGmDoejXr/HkPbMHCYF

 0Ugrkg1ckUngT0Qcw5KPW+Cw8HJ90B3jPwRHETksOhmde5uvMID9kwTHfIjWDVIPuR0qOOgpFu

 5s5WAmTxcgv894i3+CPZwDycAiz89nWgqZ1qpGy8f8ErZGoOQzhWZro9822AIPY2RlEpKcF4ZE

 ogwglvvLMnl+/+PXvvEbFqtKsFBvDXU6bJ/npCGSoKPLz/efXZvubkh+LlccksEFfTHizz6d9r

 qwgpdD0cTTnL6Vhd0Ue5DsQ4jhEEgJ5wSLhPRkLRv/FYMK+e9zfYPshF6H9gq7hsj1c/JNYqcl

 FwrPg0wI5z/gbnpK4DUulzKvtlCeFyhiaUSgZCDyerZeWIf4anomSgmMgYfK+BFso4Ql3rGEQB

 +Crqal7bTyR/2sAGccBUwGluWi0XjMzjI4YMBc7+y9G7X2SMyM6idGwlqqra20nGS3F71D04l0

 db2X0bKJMWj92q/D2Hg+lVW0Hxwvp8OphBkWeWTjR4YdIeF1dmDIAz/nGsBARlsQXMhfe+iJAr

 fmGgcAwK2gpAiO5UjLr6Sg3hbgmqSuN/YtHtOv2b18F4wBtkcuRKddCDAx9t/TMRpdzcgPUSbQ

 U6IyRIRiO60FZgcICO4IqbpKDxd5ckD+NC3rFpaA1vUCR6pxTsoM3RmxQqfjGLGSJ8osxbIxCR

 shzhOui1E58i8/pD81voQBvPHGzb/5yx+Fsenp2OM+j2nKNcI5y8BHxuFi4St6FCLC9RI2pTZj

 R8zICYs7Zq1ncuPVpH/R39rYarZ2meRj8yN4OziSccB2mqMPLkGmMxitb2xkW4352cWU92Wn3d

 QehewJhS8uhuXA2VgvCCI5ynhexCAEhYcshA8scskHiDJLm4CpQ5jZuXApLDZYOHY+2Zr4PUGB

 ogzvdA+saWEhdSPukmIoRhqCNvy6z7NKuscMSKIoZkaSjPH8y2pTGm0X5DbpqT1aB6cfHB69/d

 Uv9Ib18jLb7w1YCO1257F5829+Q61r+cadvG6tnd70xYOU2XOavqaLj096B/2HGxsb5VKhCEE2

 800mm7CJUY+kzGI1GPSIK+ZuHFucrScN54lbJF3MmokbAXBC1K98j9kk6s2WZbBPTv2EZjPKST

 PBeDaW5WLHQuGgUU9Efqn6Wi0q8osCVVrUCgoptc2JpkUjURmwiVy05aS2HG4WlQuKBETMdzwY

 2EYBnrjraiGND7PFre3hbFJeS9XymWa1ZrdWGQAVQgqCfikueqmUoVA31jOnrdrYgNXqmIzxhQ

 EYfqXpnB9SUbSJsow7TKaOxUxYZQu089R4e8o33X+5GWw1XYojlSo16U/KOek3tJMHWzdiEvFI

 Rjk77CNNW4MouPFuFFYCH2SeKkYvAJJLyHdeyV7O8jWUgiNtPNoTbcdw6IXLHVcTkkAnKE7KF0

 8hpxjMg7EsIv3DGSmZRkNNpRs8/7AQo0fEANeHXmEfR6KxWQERccOK2QBBJaKy3nwj+TPCRtPV

 5DJyBUGQqBaHxtAYv44rkDuEViSLmRqCqp2rTnNAFyqWQBC1KRGXkRNpxq++ujhBU6c5TCTa1v

 FJ2dVQuNRaaTKazPTdtt7gYiWHZUxod3TGCr2YSB5Ci0uMBQYDSW7QRKH6TLaWM/IwEGsgx8Cs

 YIygJKF4aVr8YLCxteXAOMZ2kAgLUojoDkEb4iOUZuiKl258omPtWmAt9BIR71nZNKFDPbC/0A

 u9E9QVF8K0di1Rs6F8w9ZOXF2lYRhgkSuUkSOXJvlcfMpl/UzEuYX+r5dHBz6OALVfIwHhLm5q

 Glv1vBZu/+WljaGF+t2+fkpbu5u9MEpi3Ouk3zv6/H7u5ls6Kh4dHGxc2d7a20o38iMzGh8+Hg

 0lg077qn+Hw41ada1W1rLUhKTFaNeQ9Wyke3BRY7VBaMmj2F63jqck0Dyx8SD93qI6SFUquDGw

 AHvhYQOWIyJlTKqSz8UM5KKskzBGfEUKCmMkuaL9rftW6ga9SQRr4Wk8CnaXmaQDB+waSreKDF

 mZHvayJBthNms2m8PRMBaFYfkUjiKEKEx1ynN19E6jVQ6N9PKmjgQxWDUNGPlkZKruNp3+/ln3

 ZHRhPQ65XlEcpnwzs9tq1IoNtg76fQqwHow90wqXIcl5O9zitEF7LOv6MHU8mndCiUJcQ2Av9X

 +t1SvtkSpJpcKCyUGGMrM8bD/GV863a2IcCxCtjZ0b7GhNSo0z89ZOYf+0G40lBAxXovqw+LWT

 7mCzXtHd4Lw3rEbj6ggXzbtKpExIn3tKG+KJRY2p+tRM1M+o+lupUbRqmmiYHXmXZzoeAaKLy+

 N4/BThJutBN02DeFnPUrBC9NbXL0IUz9YXGr1Eq02BcRVuHGVmFEoOszyxk7gR2XKul1uawKbp

 8OaNqw3NyZ88fE649IhpzzWZFWvMKVdT6cYGER1OjOHodGH8Sq4EMgkeZnOPhUmj2yfrL5wEQ5

 x9hZHiCwOosSqgQQpM1ZvMfqkLFhfGC7ljCFW5shx0ZFZl08WLbtd82lK1zhxgcmtDHE4FIgtV

 DLpPzGlIX1hC+NrAQSrcPpBKYb0QV3HGRGGiZYmRhMoTaZIo6uBfGxRGMDKnFzC8V9hiIQDIEU

 fvV6HCwl4NQcQxCxRFt7SzI5m3iSlDQDuzJX4rNCqCN9tXdkXVke+o28U/l4vF50+ef/lrv7Jx

 qcKhoOmWh7VXnaMXrS9sPnjvw0779Nqt69ntjVqlnqk0zp/udw8OKA2N92TrS+/WJdvkkjJalh

 44yQx7MYzCAXs4f7/8E05t8qPVgnEIu9nliC8QWQ7uZ9l8tgUoAeIoDcr2E9sRjo3PJ+LVU8qy

 8ANfDnmrHZ/MmbG2m2ohtCa8I1aMrquyrQ76453thnMpm/aYSGiXMShD4hFbiyyjpNxUU8jwqh

 ytW0TnEzJ9Vg7xG/WtUekR9lLcE1tG97IYfZgbrFXbmc34IVIZOrojX21WX7m6ISdNZZx3wxlG

 oDhWblG/KfpL/0p4CA+9xF+sZhta9YenBjuqrO9tlOcQ7ens1u66f5rNXaj6cSS3pjerpR9+dv

 i1e3saxnbG9feeHbJmW7u1c4WBmVWzVX3tS7eXD4+P2r3f+8Yb793f39msEPu6yTYqRRb05byO

 0gkFK1H2/vyw/cbNzc6F/hON/YvJwcGxCaRht6nVX69MQc1Fbb9IJSl+O+J4CHG52rNvQV9xeu

 guwkU84NALytSn275lwExLTgq04wn7vKFptD2gTTUphGJIn9NBDKuyt2Ns1Ne+fP0bb16RXvkf

 /iL32cNDjQ2QsLZ80wWdLIOFERN2jSNWraUBPVdjBr0Q8oLdCxQOOx1hfRGoik4r+DCRwUH1Qf

 dZ2qNSqWrVG12F1oj3IfODEeZ8GaxRP4ZMYrSvGsxybjo5OT6+/cqba/WM7vBcYG/znCRcqB7H

 TqdEvjhkmBkTuXEODSkkvxXRjPd7EkeeKOGwoQEn9AMudVRej2zCCBr/J/0cKowICEM5lhSegm

 4WwcluCXetRgOU5WLQHx4/54JEOxzvQvI6ZUxV/JaAWM0r26NOD8gqAAjXYrGeGDkzXgCuHMz2

 1RtPnxGNudF52/gVZewH9z+ZdC8qd19tXbtWbG5slcuFrWZ//1T1gvr+k9l8CwODv8sFt5PyxR

 ryGCG2EHiwcjh2geclgoQs8zgxUthYcNhd9NAFZwE7BJN6HsiBS2RaTDg0gXPIzVgr6rgqv8nQ

 8oiRYQnnoKZJrFbYngjMZSfjtWE53eJdFLKq8zO8Lt5H9Fuub/Q6vdZGU8iMLKbyiA5UMpuY5S

 hll7AIMJRDYrU8Q6UCVTC5bJMYJosuAgMKpES8178Kc1IFcXzGj/osTzlZbSjjqazXW5WqDOje

 ZAzA2c1UHx522IesUCZbdak9WNRvzjTSLeSk2zx/Lv4p4re4d31r1B3u1utSSdZXg/54uFduXH

 RGm5nVbr1w3m1/+Wqhmpn1lpeNvKYMl5vNfH2rctLuqMbc2io9+OAzHbmvbdc/eXTQahTPOi5V

 2Kus9wc9A7lQidMfDiZqjrWPMEyjpp7IuLnV2oPe5dWtjU8fny3TJdJELowSwmhCF/Fqg94ch4

 OKNAlahWHjHBCnSjqEBKuN6Nr/R9Sd/kie53lhzyMyMjLOvDPrrj6ne2Z29oJld4EVNtiAMGtk

 S0j+K/zMDyz5H7Bk88gP/MSSZR4Y2cYIIRCwy14MLLNz9vRsTx/VVV2VVXlfcUdGHn69v9GDo7

 IyI37xO77H5z5lsMTog9zSk5yXvZ4stmG2o8Auy6otH0FFXgVTT6VN1t1s3/3mN3aOT04ZIx4/

 3P74y5OprAYhQ+ORBrlk77hsWZ1RcBFRSuug0Yi5YClxMdCaN7m1vrY0nliaivI/CDEyWNSBaJ

 /KexpbwiWXSNFrDfOdT1C7YlGsHEWahV0SFWYkSMfkrmIWg166EGsUiEEiNYzwCfeAp9C36LDB

 vpAxCE2uDkYFxYOUsxCWUHg82SngGHCmr3w5p/yxWFAQJ3LI05HBaMLWjyQdC0Lhc+4V+Rng3T

 LgDLtaEPW09HSORxsHPuM3bU0gJPBcu7+7eHbOJjy87GnHylB3Jq3qnW+Mur31rU12gTPRy3pJ

 jcdPv/3h+XfPL46Ob7W9WVhUYRVt0XenUV+/fLN/erCfaGQyVrPFiE0Oue32XFfo4UxQsCbGah

 QZSCZu/GYLJiR+TcYwae5m1pnB+kQIAx4sW1T3FM1Jjyvon2J0oCBikEK8zCB3MfZm7sCoBFpa

 criWc22ZHq5i+kndVoSyIK/KhRGSlwTM1Vd0fp9wOxtGXVmdsjsEcaPjU2Hc5BBGPBOTnhFn6L

 ZStEHeq2QihhstCmgJPQEUd4pByoxv6Tc6r2kKjq1QUmW9UxOhaYsY2G56FVYwVtqzZFIJImGq

 o9UTLygsY5XQBGZ5FPESNK0NsCkIUTk8PReZe39r8/D4iJxFDoRgbF5STXhwP/zWW5VBn1WcoH

 3RGyGeg+M+fq7W47iyMJiIu0IHS0pgpZJe5TdXrDZH54sqrJR2f/NHpz0i9zSWr9lL2xU11a1p

 jNjMwRCPtEIAoYvqTQiHWZ5AcYAwi2IzoaoFtx6FJXsbs57vQvRivvR1gBD5cog2btdvuOiElB

 LoicixuWLKaVbltpYaBBd5kzpHsYLDtAkl9UUse1pzta2wo1oeNH9iFnxRzdrT7KtAa6SZ4yV2

 1Fq93awTQNQ2456LVcJDou8o9pGeoLYcgye9LS23aCoHxxcP3+3wW9ojihaRWLy/QWNKqVSK7R

 TqFIN78A3Lj02K2SIgA9wivmch3BWiJXJPnbEQsRzzvSXD+82OpyjnZ0Wr1ibYm7aVCTmVzZyC

 vzfj1rSH/Fx+9Rk/Re4dNRxZws0kb/J2TdI9yEbpWNQWc1+RFSIWV7nC43EfJ5l/+M7l5dnK+1

 tLX74RI78/nTx48Pjeo8evVWaXo19r6ZbU7XE8zu/If314b3ltlYBtf3YevDu8+Wp+NLitnmOV

 EbYIH0xLPAYmYIpOivKAoJubN+K2mVyidykmElbFdZF08gUOJ3kuS9cN6oD0Jk+UkGz7qEWaW3

 ARI6dC8q+mg7naRMitSqiN5TrTfFeP0IX5s2ml1lr/2euzv/4rjyTN6mmrqiOHIHZoCSGGPeXW

 J5c1SitDncsiquDnJRSw358/Hlq57ASKvbx8oukSAZ+HfW1wNj/dWF+8URtQ0TCqeYneDX6f9o

 cHp8mXYzdi9+6d9Kw0o7J46BPkZDQRRE38FGBqT7qjBS1vEZDhaHDen16PKY03zdbKy9O7Wufd

 j/b6wKZVX/Hd+nrl4MXpAOBzkY67a621VOXRvWlyu793JvEAMB0caKKuc1NteLVYFRwHI2QvGT

 /YWVjo9k6ijeD/crDn5vcumSfupl9+JfDTpk/m1ofXWLB4Pnakvnxn8DFNU80eRzTRkSVML1jW

 tewPoanSK4mLGjAgwfxmBBPxVeYEHm162FQiR6F+bGN+IlIGySH+2OVLFyfj3/vp5//pb37nfH

 D1o8+/uK2MVDag+2oxUZ8bn94MZy4cVseb8UVfsv5yqyGAgZlk0Osfvzna2NlgxVmuU0024xMb

 DLDoSPYeDdCMQzU+fcypW4n1VpBkobmyTK+PXU9RdHXH5F5Nrho1IaY8+elhLZK2eyEcYk1yqw

 GjusTslH2l/RZiBNdiVRYzCZtMx8EZ0vrCvEOpkPQSX/X174wnoJ5X7hHi4XM5WthvMXRHIYEM

 QXOrnbN5BTjT9H3qnjsO6EN0Im0H+o3gtoRwy4JOIU/6Lj8QS50gUIU1VO7oX7S3nywSV29u7n

 37XRrJ2fCmdTG8/+F7F28OLl/u6SMBD5e3dy8V+j84Wu+gAIutjd2Ni54qxq2dnctPf37w6nVo

 RokSQ0xhQuxq4XYZXyhQGZkPFjyAg9Agp7yypKM0wkKVncokMmbWDhxg0WWDsGU0C7JpuzpOhh

 2yGpem/HtGQ5Njr0FvBSwvt2AlgE6i6OlFj3ZqGOhw7BIoWuwKdwL6PYXRnrN81B/WlIquamNc

 baVkolOiW1vwsmw3u5vNR7s7408/R74lMPFNa/bRqc2LC8GQnHY+mB5eIlX0z/HWevPo8BKQBO

 A18AmTIVgQaJmaldnRWr69IiHp/NjudLtDdF79LR1EbsRc056VZ1i4Pbocr+ti3R+L7+rFfnez

 gpcv13T/kK/fWe0o/ELvPO0NpIQLVNGWpp6McYstz4EwGJaozzT/PuKYRMNMXKgl0y8RdXHIc6

 SV7+3i6rxCpkLkFN+U33zXr9D9M3/bI3pA+U0bE/YVMySvL34RZ29yxhyJ6gPIwiYgDoxVpjpw

 S1hxhKiVPfe1SB0JIBAZmC//7NmrveMTOXxpMOoEbJImMhi02w3Zq04f9LuVR++/fX54MrgUz9

 tXJr+j+GKrU6kMD4+05+5uaSmwotbuUqOlSUqaUhAZUClgx5ApPiZbvbjA6GdB2PCZ/OkDSJBZ

 sYKx6SGwIwKNqlZCbZaqp/tqmgp1kE6BLM5rScAsmURJ469ypUDC6LJmiAuB4RneghRv7XoxNA

 eB4+CNhIweolqWI/Mj1QQXI9NlthHlQjBRvBi9DTV2zmRgC5jy8PnR/sG01wOaiIWdIIa4UYSi

 6AKIJkBeIhsn65IspT9dizrfRnU5u6+vRvp49QnVrXqntclfohCmRKt3/tJf/OT3/mi096XcNw

 HKa7V6dzR43e+ura0z9JEZrzXnE8T3eu/y5DR2tXhPzTg2vbvUHA47mClHvsIcABqy7YfREoou

 aKlxNYHMivOxq4VlixC/SuBUdGbacNYMv0EJiKIyN8ljFd4YMGA7lPsxc9X++EDUl+TyH1z19x

 WybnVQeiJ35FUMI6QssoylMRqKA6PXQN0NtWZQtYWFWrXaqS1sYMb4J2UcZUzVagi21KnrcqhK

 ReQnRZYSlDgVZJVmGY4s6liNhlnrJcoU5i17QdctZkseaoWjl9RqRtklAbVXGDKRhvFKx8Ur2L

 QccurZtV7CK+6TJVB4uqXSD/9ftaoI2hoiRqHgMosNJSn33ElJKr6arBPQNSgRDa77BGYYgglM

 gkJk4SRsWWxzJXuE/AcicMP0gb+7xKrCpe2HorJVklnF+Bq4iX0hjCZYhlJJPCLlwWEMAALeLd

 aJjn4QH59Y7LAgeBEviSh4oXaMMVeKfCMkgQDjiPOIBQqBDR1QiENvj9MBObO+TDK62W6KwVt+

 69d+/eLs/PWL58tJTF6qvPX+B9v3evsvvjp+/ZpJnx9bxK/wDkXVxHzvvX61urrRaLSazeba2s

 b16nrq8g66RgiygbLuyfV2e2FzQ/g9WCFaQiJNnvB3u6HtqoFjxmJJxVRLy5bGcHbc3X7ylv2Y

 lwaLyMYnEfgL9hU3fURHGBLChSrbvCx2MDI4yGRV8DbcOGaDstbhKpl9NOkAMGKPjHOSxO1nK3

 KtiLSo8OwqCByWgNaPjl4SelhSEQyBrEJeOdbUfBPtnA4mahOmy8+t/n2a8F0PB1W+cu2OFF7n

 Fu6dL9U3ddztXgqL68+12j1uvN7dk90H7//yN//83/yLqbhfINPuPFxv7feuRsdHb69uiaAZXB

 z09l8fvngWiR+IWLEwu0Sy3i0o9m+mwWpTQNEzGeghXk8mgjlOlbgE9SKU4JoeOSAkyhb3DnKG

 dzEHWx+3BYhAx3xFUcNm8Te2RgevzZwXETlcVhCnkLLrxg9fnXPqvHx9+nBnjFy3YT8+zCwXoA

 J8IZ+QdsinkrR4xDM+glbl5r7WBQvjPqsj+aDCoTp3eHox6R1NFm/6dwvrrZW3tuvS59ZadRVo

 YSiBw5kkZ91mbCYmt765mzRaVm5ZEOPUfIw0Lk5qwj1tZcwMmjXuFlfw1kKZ5u+2WLVqAvtoQu

 Oh5K3rpkrUhbmh8QasGI87o8Hniq8SRUIb9WwQf0pLSyv1mO9TBSdiCwJIlPUXMIbimys6GO2W

 whW/WmGdEcwYR4puRwwFgTktYGczyFoirnCvuGjtqrG4PoZ6Rm3SdWhhDPOFWCQhRRZN9GOfdR

 KkMCGvgQE7LY247F7uLyn6ajUytvLXS8I0mtsEldu708vBv/xXf8gVqPph6q+cHR6tbm2+/c0P

 N+9t7b/YOzs6GZzFeiEynOCHeYo0uLg4XWXR2tiohg9p+FjHXMWfm/rx/omOb1irKrAkkHRBSM

 GDQmdCdoKKdPMsBxJXWdjYXj3Yv5TWgSFTUKM5h29EsIswYhaZJ2Zi0jwoLoqlJvwA3slsz8Ix

 d7krDuOP5cFTgZMPuTyPyT/fFJkE/7KIOKv7pT/akjo94fCYweXhaP+1gHVgigLKFsQFZYQjj6

 iqCLAbzGB0FqfagCEaFnCWcQvrRVy7a61CBDKleiJ36vcn+O6sur45XKjtX47vv/utjWefH7/4

 fH2lnoJOlbtN8xK4qZHX/rOzl1+dvHgubbCe9PGIBkbLgJiGcYmGt3N21wT9cllB7ixB+UmYBe

 DDhuLYSWmOaE3W3FZUJCqJYTZbwFmzttwVs8Uoa8tgqEsH1iTSbITg46Vj+luW+LMvjpgLev2b

 L99cQKfNB2IVPKC4OxBjMG2FbZPAJLU54J/imPpOrlR/64PH39EJyk5p9n13s3+p47fAT75rbV

 kNpKJwh8YfZhI385UgxenwaqzdNEcIK7ipn6qBwi3CpiJ+Y6oc/LCtQ8TS4sbKylCOklBFdYEn

 7DD9SEWmDMPtaII7oIqPsbhQj0wjBFEfVliBoOG9icnFEG+sUfxgFiEXpS2dckjCckyQCgNfFJ

 W39ak2kKHOU8GFYkXpinANv5HUUEG/86yUIfAKPJH+BFS6DswmGNi9SFgB5Bh0LVqkIDo58ppw

 tSBwYe8U5YSYEFWrt7jM3JXE73ApHMBFxS0XBM+2MgkT0ZjFPabS77KkcvqQXtrg48ZEbzU32x

 +MB1s727v3Hm5v3f/qy8/5vEzvYjhpNht8jzKrewOlYHvaTHBjxp3bbMY2pdMxGToqxQZvAxTx

 DBa5zC7r5ZFZgJlUi0+YZAyXjI0rKyfHxzvVXX0A5iI2A8glYiK6Ba4YfnOkgCTih/rTUhjsPI

 F9yW/noNZhvcSaPMwB0LUg4YUYHP2lMNw8P6ie6LoYmG0ejLsTv8TxMlcdXw/P+qOBQhy2/y7V

 ljDkkX5IxOwMWxAMCyNYVceHA0bEEsFpGBORNADp51dLteZU3eb5wV21d728yfXBarnUTv2xla

 XaB7/+G4OXz5dPjlrr69df9e+Wa60HD7pnL/d/9uPu3uu0tKEyeo752nWQRyEQQ9LXyZFC5mng

 B9CYoTYqpF1JNFaEJpVQrDlmfKxQnPGiIN4YamHbYk0+AVmUCdMH4p+TgSjZMHSRzEcnDbufGw

 8ZhRcbMIH8nPROMDrZ7qmvUZkeXpyO70aNZbmxMiyWlVy3wrYkezt/t7Pa9pFF1I3pUeJxUDnR

 f/T7ZY7Cu9qTtbpYGT3BD/aPNDF7dnrxp58fnsdyrqG1nmkBe8XHUu9XdM11qoXbBc4bVmVxry

 28k4RTrbUYiq/0l7wZ7z/fWNYSWJXSu5V6U+Q4xwO4kgIZXCOhpB/n/FSdA4+4nWsLhry9HS5H

 3AAF1TmVgOYGGizLM6cOsNAUxYrCH+DUWCuYGfc2MJIYG748SyF1OYQsBNAKOsp+H0+6NSJ4Aw

 aG15isimnBEgJYtlj2dokH8WPPtQrhC5I7yfKFx3h6XGLeIK7huG6c1CHTKOiRMYvPAY8EQfjv

 YtFUoVjlBretSCSFYJOvJ1dSGlPxbm17Y9gf7L95fbKMza4+evvxw6f337x882b/8PDoeKWuem

 KnTfELzRqrjzoeDBqtFjHSrUFg8M22ZLnyJ2I+xEHYMEME2wwdpYUmzBScQlMR/EusWYpLdR7V

 5xtNBErYCB4ZM3rWwg1CAswTIrldiaE17USYE4xoCWUtrEuAMyaCclEoLDAD0FkiD8VoQxbdN6

 hemJmFwesJNobbffVloJw3mBPOxiSaBf9jUCW6TIXSdeSMrzaabdWGNb00LOl1A6sgL2N88JIt

 sFpdZ/lIa4DxMRgmMHAQ7uhAezUW/Lz79O2Tjz/e2NyAlonu6/UOPvrx8fMXKaG1vn5+fm5IJs

 QXao6eLVkvHiwKq0mHWxg+1zKSGBQ0I80v1Te505hBsCSVSKFX2geiVEt6BuoYih6+RPHgyBVS

 xCkRugkwF4esI2VvAoqmiM5lbzwoR+9QBDe8u9RO5XLxjz7v/frj+fe3xEJHkNPFyNpO0qhzTC

 taIW3Biqsp36PESxGiljNgyJ8JykejF3v7odS7mwmwEnC7oKMdNAO2NmNusyUGk/3reu+rNxdX

 Uw3SGTCpfWwDVDB+x1RuXFh4VBvdnp9856/8st09PzufnF2Mj7uJobdBc3e9N6egwz1nL3XmC9

 DcydzJERML3gTqAIJYw+hrhlh+Y5BlvWJDdQuT93JRX+WkLBYBrNwkF+TFZAJMQDRFIR9nZlP2

 fcgGWZ2VM93BUpZfFleoaTHLFs/M/FA94Gxj7k3md1oVVWCZkqQVrg+BZ0MwMiZ/QqTxx6Vsiu

 zE0ZhoggKTTSK7FqlSBfSalgFW5PWLVzsPdul7p2enYvR7/Y2d3a2H776ztn3vqxfPZSn0hv16

 dq2q6yS91/x6lxfTy65aTPAWaxROyKhTKjWYD9QAhBEIgkvwGGZSCYIrkTSslR/mHDLkuNdf6q

 whqbSNKP4kw4grzgCv3kDoTMWdgoa8iHS82GciWWaxTD62zTIr58Tegnt7Ym4SqYghJ7gec0qe

 nJSdOQSDFWXaPx+fHritF34gmE7ShTtMxoL4Kzv3N1vbqx1djviv2y0QHnJiIoFjnvLrk6PzsV

 bUiJJi+Re6OKEBy9w1I23LJXlpD1JdeuvDb1989hm3sALRkfEIMbyUy9Vv/+qv2ZY/+973MgWK

 oaUQwUdbQIxEOiHadC2oYKZ8dtZXT+noSOaSLy2jydtQ/BM5EzAbSdIJNCIVJCUblnQxxVYsCc

 DlGiuXZAHskdXRlLPsRghduLtRlCWy7mo9z7fW9nvqs8uNm3trVSm5uTaNNFWJ7CaLBPtvZRYU

 rVrDSfcy3siKqJ7JWlMRmMreOaPvNRVMnZzLgRzMq7tlFqBITsbIDNdYqT7drn/64vSbHz6Rrf

 7tJDdHpGKS0kpF0RHC73X3tEpWvLv53/+3f9Qb9FlcU3UfhdVFMCHHIOiKYc3IC7LgY5kdoJjB

 BSHqKiVH7+rBTNJbIdSZpkqXtrKAY6Aswhq4dJIR5o2b4OTEmFD83M7UIkyWNXKOB2b1c9MERq

 B6GUw4VgDWHdhM/Qbt6rY4TRwNfrzSWFlgoo4yi7Jpl5mArwzdjjKyuHSWlu+BjFuRtNw0Z3iD

 aBvZEtO0HKwIUFA4cOhaZqg7dgoJN5PRRD3Xhw+faNij7P3LM+HN7a12+533v33RPT9+80YLMj

 UK4DDNmBGvZ9umJHAaUfJBBBggT8Oe+POQJGAXEgR/WQ98PdPPrRevBvNmgstZ2tIUt398Wlct

 ak1Um3ymI+YZ5m4reBO5KCtCDDNPFBljJXMYf1AunQAZ/jKT/JptYp64kNqhsVkgG26QlbES3H

 SGZ6UMV1u0zaXr9u35p89+dDcWCUR0FrMu4QlYVwU2Cp3auLe+dX8Tp7m4uHjx5jUjayhywkaX

 O416e7Wzvrnx8Bub5MiD88GBIsq9Hq+cilk3/cubev2gajlb7/GVNeobDx68fv6lLOLJsMtnNR

 z2th482nn3rZ//8EfoDtyhUomcjyWvMAoemv4o3aWvyPbhxvqHN0UcStgUK8EkDoZ4XoHZwpWc

 cpY6GgDoJe3TSvWZhs4TAjY6SOBT9Ih0wxINgq8X+IQZPlN1bk1fjgUtEaJ7WD6Lg1uI4uhJVV

 b/mHu21u5Olvd6QoP6OjSxCqyrPRU7JHEhtllIK1J5wKpEdrHyvKK+QHHm53vpulJlGgB88od1

 4x5peiZLocgV3CtRECYklGXdhBeXmFIG650Vjgro1WwuT173J93es49/Mjx989H3/ux2tTXAJ2

 /EgQjypQTUbxNszO7LkhG8QlVABKwssoQSQqH55A454GAxspvhOZVtD7awHwTdgnNemELRUQJr

 ATeLEcyJAczSaAJorolRKMKbQVDiXRoKUDwvtN6UVqbL5BKpeBlJKK3BOJaRiUTDVOxFJITsmh

 ahvOJUMpsZUdlaZWA05jwcRVH00kdnh3p4mrkFjyXJ+JQSyPlkrvidBJvYYyvbjx/yZ+x98eVQ

 n5733nvQWnv5ev9Qd6fR8LzX21ztPHjrrfFweHp80j0/u5mMFCDpKLw+v6iBGBe8XgrnZ6ciBz

 Xt4m1JP04rG+E64AkwQiygwHWqB6JoXnQFEdRKulutSfeS1NDYVCBhi7Es08SKjSyipIicyNCG

 Dj5NC2K6pMg9js2mGIrkCe7JqprlzxchtiA7G5J3bkag986LF6Z+8cnHvVdfuaEfIhtpgamDws

 /wDmWs0OH+8ZCtHcYRrckrhnN70z2/PBwrEFVzYHNnZ2trY7mz/uDpU4RJu7bTk5PIrKa5tHwx

 Gry5rexO73buP3zx6c9PT09MFswZ3ua9BzDfLmQdoFUsPQhUitehfVIp7vqyT2KriwlTXbvGGp

 +TISVpoa40OmofszN1gskqFAq0CU6CH7QPnVwUnQTcVpG9Ui/OMkmbQdtFBNVdiDSRr2cQZQXK

 ouRxzDQRq32J5K3VpSrzFd/1JAZMVLGe7Mghmr9e4yYip0zFqlyIbGmpMclKlzrvlLuFPni4uW

 GCIgcLaOLTENR3OYhGwMI5E4wUXbcbreXKaTfAKkXu86MLWrQc4jfHfcHNP/7efzh4+eLNpz9h

 Lr1ULDJpMgvKt9umIgqFQ1nzYAutSqXh+CSv7D0ZZko59fkX/A1cOBsHiyEE4GfHzRCAAJRcH6

 3OugRYihwXQSvgA/FzBjsIY0O+RaOkn+Q6VXSdq7U5+SsO+uAiZxagtzcsLgTKQGhi6KBz7ICh

 oArauyPix9eWR7OvoRgyLuFyTnYqcI3T0+PhtPcOqJsXM3DZMdPic83Q4Qf5KzwsBEWDY7VNqp

 fHZ93ji8+7Hz364BvfeOstrUA0gOqyEF50NzudVqu1++gxW8LZwZvBRG0nKnBlY3uLHQNYq4Tc

 u7lubG1rSzdPGEioHqTyKHgV+PAXoysLa/BZHGFy4+IZ0woI7mFOGl7eSXUgSFmKRfG2WVNjDG

 WUkk3CQQ8Dde6TqeZw7p26bUUHoydIHvnF+mMGebCbOMtiLq5gEYmYWVBJo/dsj67W5CeSVx4x

 k4NefnkscZLK2DwJtOTXdmNtrbMqXpJCa1BkkKPT4zevX/W7fbX49l6/aXRaO4+ebG7vPHx0b2

 t7/VBQQr93fXY4vuxejG7VeW+trsp0nQ6vN7d2Dl/s1xr3tt/55av5Gx5AKg1JKpMxqGUVgK/V

 JGFeghXaly00mloWVNGwpZreGf3+ZdrNCNGJoCeSAMeupA23uGbz1kuJD1nImfCCBV4bZldCkE

 WmOikTYR0TLGQKKYJJu0YyBftgzVbLIhHFeGZXlvFGVVqFqy3PjQxBvOdmNTHMzYZiDUo8GsoS

 biyFo4AZR+h8SwBTwkUWksvCTaUhiwY1cyoErvQGYySGmItzwT1h1wnZ1xrzpv7TozOj2qOFTK

 7B2LL4Ngm+g3G7tvTe4qKFPfnqhcqA5ycn7dV270rWQ8pEWhs8ngAInPA8HzwJFhZqFJwx1Eqa

 wPuesJUAKDgQcILY+R40sFon9NOlXnDXzfIhMSYYdcCHiSr2Q6iIvOKQuclMhI7LOu8hba6Yht

 enQR74Uu4lzqKQAxjnuA3I+DLQJJQ4X9ZDkAE/juCFZaBnNnP5umsOMrHcJQPWDyR8DpVNeCqu

 H39dfgfPmX9y02CBAKrUp/dOkAL3gCJAElRr3ugw4AaPnzwl/NL2zEVsvDSHxdureqPRaK+pds

 C7MpQfkxzrlbVWx0jOB4POw0eiHWxVWIFVIqz5Aq0xZqOjPUkksKIgMEQPZ/N0c/GHkT8zW5II

 EQ6tznOZHQaaWH/JArO8fHQsxNcNQ8JCQG2NOvuVxOOylXhi1OAEeBDy3NBuebLIScIoihmhSE

 joz382+fnHbAj1JXVnbJsoj5i6kDeIy1cBnz2EFcbQOJEF0Ev9xY3Zb+49ebj78OH9J48Xl5cx

 Hp60s9PDy/MzmTo48+7mJjgmbDAxXo2Gog5arbYq7/wkVOnzw27nm7+6em8bmT368ov+me4tUX

 elWxq2cqdEdGux0mzpS0ToD59N/8BVOjAWJ1UGfEFgCSKkebODn3AzrjWzVm/IMse8JGYrhCwv

 JgBSW3RFxyLTri/d/Or79z/+Yr9/y5trfRCIJCBFRcg+AVF3XdhYX373PYn3Kjz03364fn+rjb

 yckrBJBLWqHiii5em4qhaT6RnwO+CA3sRRPOFJEu2h7Ks0tcn+wbnbDkkFJL0l6bts+8mSlb92

 NpyQwGV4cEmF4EcGvn60WR++erP/6SfUstsh2iQlJ0JehJdk0RLs/CabWqcUxQtCACG4ETgqmG

 PDgrEk0qTOmgLmCBHAnZ3mZ3OTfEw9w5K4D55wCXmmkWmNIdIvfMCFrAsnUJaWocj4LeS8ttLB

 sYS24klsg6V0kagLMRxB9bD6JPvgHq6lx1mfgGCsdCI3ZYghpdQeY1Mnyn1kK7H/JDKK7yBvEi

 UFIBPfDofJZYCTmKEKh9gP7C06szi8yVC8qMgL51QUwcllehfJ4hOGejN9+eLZaDRkRH14X0tB

 XTAvWCCvlmDXKOEhWNP61qh/rsu8fKvdtV1epUW2G0GaySlJRQv1B8BRcMwg6BHsK0Np3gwDJE

 ALmIQqlbtIuIzbwOhaYKylEmbSbDC7qfbHZBK4jA0M4417yCahfQUyZ7+yd1mkSEBAttQEiIzt

 2yK/+CYUJOqwDV8UM6wker979fOf6IkDphDlSPoIuuVB4QpFGIeooVqJ4en3GIfP8lwRFUviWx

 prO9trmxsb29vvffvb3/jl7/QuBwev9w73Xn75xafHR4e79x48undvc3XteJKCYZOJ5brjYz94

 fni0d9LY3W4/fahSRWMiiN5XRY4IQYshGtrgybx0uD0Zx0NZIfp9zRtuhHFqSwAMTZ63hGHAtQ

 GLzGpOaLKNx9ATdWC6ushjTNHdLEWExegwsRWA5lvOWBFQKMsb1UdCyPMK8MsfVOQdAAIX1S41

 7BUSvLD4S+/s7qy3FdzpDQVH5FyDRNDhSD1VsgFRAtjhny8p35fjhBzjf0TodqP1nW8+RGLeLl

 hWmxNXVWzpbWFYIjfwxuxpqRh119A8eShOf/Ef/V//ZHR+KiUOzbKBnDLOCZLGfQZnOIIAFIN5

 blVGhEKnrBSmQagEx0YDZELpYWbZVosS/A31T+vikH+7DHZiDws+Z5kcCWACz8SZcjMVmAuzyB

 lf/3JluLoRebmnwpQFiHz4Ot4jml5OzwX2yCvn2QUYGy8VmOYLTYyozGaffM6XWVr3IC670Mt7

 +5ZXDgAObrhY1CN1O+JzvoqOf1O5//6HveODYfeCM2l8OVpaWRaQeXq4L0vl8XvvP9i5x+2xv/

 eq279dV0Rb8zb0QX917GWl1r/oH3UHVT1n8G9y79xiLwJCWjbzoOYRKaOHS1qZRhyHvNu+jhos

 4kI9KgQBsGmHJTZQz47E4htkbXU1/uVMKDZ71pYIUUmI5QuJJhNzQEGATDQrZVYWIqEdwddsRB

 GISOe2B/mQ7Hp7Rmw//+Lj6+55lEz3CRl3XvbNbmdgAKUsYOQhxVN0ml4mVdSk7248eNhoNC+v

 FkTYHhxcTMcHW1vbK50mzWL3wcP+6cHzZ8/2vvji+vyi3enUt+7rQw3MT08P62ttVdCWHt3f/K

 2/3B0pCT5sJagdwSZEEbxQGRNdkP9lg5RMhh1SROIzWKnN3a6HlMj0GoqZIX9GJcjsSA1BVsKJ

 ln+jOaHBlDwC3hWdAD1c4ao2IcpwhLIEQKmtdBVFX4DTTQ3ws4lfz6nPlySEGEcdIpYtDlYac7

 /9yw/fvdeQ2LCzSgtWt0omIhVDYDOnUcxRvC3I8skFeVkg32JKktrjGXBdLxwMB6e98Xy1f0+l

 m+oKvkKtsrDhjHEFsHsv9Mf2Sa8XJhz9zVL6v6fUitSLvbPh0YmsaSXK+nNCrKBSwnSCeqGo0a

 hMn8QmGDY7nnAcO5ieBUWwJjVZ2Fnd1cBAFiwbGgkLxNvVgo8h7bEZ0SGzzwEdVMdKu4sTQtGD

 1X7nGdFzsuhBJyhDNi57EKQNxhUG4EgmGXwLhfHW3f12Sgxs2S93dI8iIBBubxN8TGhGbDympP

 UH8UNnC2DbFLMzn7JsmZ8D7Mbhf+7vhr734n7bff+XVu8/meqQ9/q5uhmXvUuNuZR0I0p+8sPv

 7z55eu/Rk6fvvH/JxHR2xubTebBtZafdrkIW7c2N69G8SjpooqAIHhdhOoBvII9rODAfuhlryB

 LpkCqop11f/1dElL8b3iSojXQizyERNotXKkWRDsn0NJ35hvIriWSjkBhtNsFumRspBDxmA7Jg

 +WUZfSQ/m3qoXJYB+Uy1PvboOVHmcZ/RBQd7e5MXz5aRdgvnhi70xkYFFcKsydm0Tu9EanB/r6

 7KKMJRxETPnZ+cvnz2xekgJsiQTRXtXr0icqhcr2f0g+219d/4jb3Pv3j97IVGqs3ji61795ub

 62aXGOrtbZUZLUlXqeLAI04Q0HHn3ClwoGtmbZC0sFC9+grLUNBV7QxigjNqnc6wdyqBwcPLHp

 sfzas47SLgaFUlA5eRR7g+0WyE4s1V9WEkBqb4FUEw1n95hgKTeWzitkmT+JinAwdZyKzIvE5V

 gSik+dmLF6pU33vrqe8V4d/tNJ2K8DurBY9VnJEriDfoZpvOSTf73e7xVfN1927v4mo8nHyxd6

 mAvIrETOoielH3BDqHqCRD0OBrVfVAggIaqCmDWLkabkwuTr77E3oeL85w3Bf5lrxIQFtMOADb

 ZpWxhidH3zWUiFqW0x4CddCs5lWcREXCzara1ZycqSEeAfqZUJZFDUY6xkRlFlYo6OQotglaCp

 5nXQo2zVhpnh/WmOGn0E4sfihhhIEYmgCRLwprDzXMU93JMZI5All08tzBOWETHgvQ7ErO/Pp/

 NiPkykRIE+WcyAghJpkiVQfR9/xAkOsyfnPc3NLi+6pZr25ubrRX11bXOtCNRGZ8xPELLUAvzm

 Q5t7e2as2WJLvDg2MNjTZ3t1dazdjbbpmUR6ybGLhYgOjg3EdiEpR+8JD4hHgrgQ3lShJxbMuo

 cj6mqhbbBL9fAt0glNEEoJZEDSU3OMJKGWXCrmyB9XAE3hOYzZizj+Uma6QXmUoFZIto3A5FjK

 a3YG8xCHJ/j1Zs8P6ri49/Mj09ypIYZM5xAoVATiEnriRldhils7m3hdkvE7+U8H/95kiHwf39

 o16vS4/dvPfk6Te+8eG3v725vS2axYUo3vHhm7PDQ8u5tbmp/AijniBTgcQUGnJKvJxL9YO904

 YU/+XEMsz1Ll//4Ae2hds0G4BmrazQRs0OQSj5j5RbSa0ZZ2ajx4exok1kjJqSEIlkJiFHzity

 dVbGNACHiDy8BBmzQBxyYirzgLBtRMeEq7fTv/TNBy9eHZ72s0qORGAKBiSABJrLm39z1Cdpf+

 v9t1ilm5VlzjBwJslSn4YQN6FUhOe7ha505r761qM3venx3MKP9ydfnN1+ejjsjRiG78RwKY1H

 pEAQrCuMICzIe+IEbi1XN4lvNR1GV0bDdNcTdb7V6tT7k8/+5E9qCzFig3slRDLN/PifQUZeiv

 WVXSZx4D7ndxg4YU4R/AQ8mE0WBWUp4FO0ZbMPvoJmzNnyF1FWRAClJHpJTO8Q2IpGXMkriJd1

 95N1B4X5iciTxfItQgCLQKVRIRGIsK/KqhtAUCIsBIMo4kC45UzgCnfNVGJaRkoKtlLgab9lgh

 l3ngEFEoYNzW9iHIpVzLMcDG1KMcOMcyZKZJCVn376Bf6jV5QYSdebkzJu92orV+e9y+oSxtG/

 uPjykz9vnZw+fPe9zuamAh3HB8eKYt97sLO6uXVTvz062E+4v5J4mO9w3JQBAzoU1kykR1aELU

 qSBAoi5imgVoM2InNjLTL0hLZnaRRqpVT1QRPhc6HZppOTHIjrRM3cxxY6u2BsAT7EjYTll2+z

 1N5lDbId2KRJMqji96LoxtOz81se3fPjPL/wGpe4Z9KPYuLxzwJxqAqPkfp4d92jPNkzpLzCVd

 JZX3v45KkAj/60cnpy9tknn0mWZpm/d+/+/d2d09Pjw1d7X37+TP2V7Z2td7/94ZsXX12cHiO8

 C+Ey2tgq8FBTpBJttBqDywvrlMxv626GWKjxk56jzIMFLfCEFS7zSGWQMVWSHkPuhGEUa2p0ch

 NF8FD3aJNiWpNForHHoGh5HMey4pcjyJgeTSUgh1EAjGk1RV3ibOFs57NPWIwbBUnEWsaWhmt9

 9rK/uHT+7cdrdIg+yT50FY2dqYnMREsyjcIpuAM9TxTHwooYyHQCYr5P3nK69YrMYJdmvGa7Bg

 9w3+Lbzertws5G63I44knu3g03lmrryovPV94cf6xvW3V1lR0IkPonTMKwSSnem24wBGoUnSdM

 LMpUEcYycz8z5Ckmk2BvVCRr51fBL0y1yNOhVlFHsd3AU64sfjlrWWz3BWmtRVkTj40d1CVGYy

 Rw3Sd8G3G2ID54KnY6oxxu+TWgOhBGG17qx7pFevYqRMB0DMy9orwEoP0AAdsTOpFd8pPp5LIE

 isDSXOyTO6EPlqMMpFADBP/+w6mCMUf7F/036DQuihsooagANppbb4hDEgo8OT9EXXu7bz1957

 13jo+O917uDfqDRw8fbrQ37e6D99+HmdzFF4M+66yS8RZJEYOZiOi2pF9QwFkCbKkAcehApNQY

 DpUDqHg+qsNsOK9qA0AWi68kMcaq1kTK3Bh04chFKMJogSa7p7nzUUTVtYOZWYAa/cs6Q93rmy

 W9mk/P1AIUyHM9HonCz+OKcIXDcFwbRK6JBFSEGt+LSkyLE0EeKpGI+BYVfPfs05+bxGRBdnP7

 6VtP22sdox32LsfcYBHMkkdwfnyiQVm7s7q1uytRRrw3vcrSNbY095gbHh2v3eMKuhtf9qywRV

 AnlQvVMhg86Z2QmFkESGO7XFQ5mQdfgHQm7yzDY/wz2uIoLnM1TddYmfKmnGXq+Yj2wFCR0iTr

 1Lch8DgGZYWllFUqIogn+mB6ICdAGOCMsHQ9+fLleUo276bW2QfbazN5KhRNqAiBfao8AtoR4i

 s/uW+HxOeNrEEQ3RyR62IgCqDZVOAceMwo7xAhhSYYO5ZrYc6qsHaaDfltz3/wp+Lso0CxeITa

 FMi2lwb5CzgvvA60u01ZrNhUM3fjZzoOfuS4C5NLk2dGGC6YD6L8owbndKsMnWemoEBDKRziQC

 TaGQIbclYzv9wGeQ+ywjfYno+FMdp2FyfJ4Wv6OAO74K3zRcdmK72M1onxpBbTXQKCHScLFDUg

 Xwdg/WTsrkW/E+CVXcmhAHa5YZhwmErmV67KzXHgv/qf/y7M7J+cDM8VzznuXRyNBpfno0Gs+y

 XCpr1SFwijegn8PPjySzrJ1sPH7yytvHq19+rVQa81TE5Mu7OoVAyI7/eFbd3Jhr++0S4u7A6O

 Whlrrx6XPC/jwmDZ10VQyCgHrvFXMLSnmWpsHnQtIS89HTRu5pRdIdil2aiLUBJ4ywYrnstVph

 GGZlsAtknaEUcji+dhc+l7AVi0fx8NhRmpCpuVdh/8WTRXysvJp+TYyArGeh/ZTCZpFoV1LzBk

 78gLC4v1Zp0xeXN7o9Zo86gNeucff/V8rDYWFyWYWNTTeGX10QOWfQMczl2P+7KXFqvttqbegH

 o6X2uI9b94tTnYMs6zkx5tt1pfVeIwQlXZd1iYUWfvk1LN3gdoY241b67uyMcLAhsIRCnFbD3w

 FcMFBRmvSdlwK+VAMnIoSyldk5vjHMpoCFLTIowbBQ3VupJ8whHrYmtui8qyuVZhDbFqBjS90e

 XguSOLc3/pvVWuVW3Ngjag1TYuLLYZrMd3fy48WZlHdT7kYOlCRoxNPjzuZ9SlDywLmvrnEVMx

 Y3MLRTZE0WG0FgnK68v1NT7aq8Hli0/H+6+bm5s4STzWWQenuxo9QAaFQ4VxlaXK7NX4IBGYHd

 UQisc5XBgquDdpH1kKADku4aKgK1qfy3mPguXuXkAh9wuNKbbunABj1L/0zunh8A6UnSjwlxGF

 jroX+Yy+bcfoM1HoZo8pKBZ+67SMJDcve5CHscaoUGhFQjkcho4IQbk8AJw0S49lzuIvUn09MB

 jhvNzKVLLdhps7eVv+FeKlXlqvhzZsPng4t31/KEZhcN67OB5enl+dnvR7F0xLLEyIBlDCkTgR

 Xn32GY5VPrEAAEAASURBVEx+94Nvf/Dh+wevD45evyENnh2f6tYi37DZWWu2V/XbcBHvVG98AW

 Q8DtokppcUZa7EejQKfwm7tBwxp/pkWL4ng2nziiNn+HI4ET0+3thLef6YVYPitDkWF99Y4ijr

 5a42dDHJTkhg8mOveheTsxNMvuyKIFNlHKNiWHS5zdZFLhKszcSy/JYm90sOAcJAqq9WJBgK8y

 Qq82qc9wcnh6dnvZdDyQzjsRAPqf3NR/fXnjyuOaHtVDUq1J6Nm4VKiYuMzs+ver3TV6+UQpzp

 qDdSjW9vu4evYGZcHvYvFrvFawKCIZCEIwAWia+MhlZCx6MJ0R+NymSFGKOKVm824uxu9rigMI

 hIfmeKl88t10gc8QODGcgUkMpJ/nnRXRpCJ+Sbh58Hfj09ewTXlaEBZBNi1PXphcp4yZn4xlbt

 G7sdvt+IUXd3+mztnYx/uNd9dXKqnZ/KdXcV3QCl4WK/ga6ELdohglFB12yH//F5GUiEqt5gIg

 W/TgqjhCuveT3d/+gjQ4BbOD6CG12BCBf8iZqUQc9ev4Dggha2LTg2WwJGqEwyPtvgqws9Fo6J

 0DOoyCOGUE7N7aCCO8/WbiYg5MsIruH45lkGGv2NddCihvkBM6QDuGKeGUeMFgHXeHc8z3bSjA

 pEZ01Jrzkp37g8C5CFTTR+dlLDFeGtxDDwzHCURSser9C/whIsZwDbQMOugzQZfpmA60NKnFn+

 VP74//nHDDhK5/Bw1psdldhXVwVQblTvP2ZY7h7tXx7t2/Mlqg1ilICS2/7x0SfTHz955521rQ

 3u+fP9173zy9vB1bA7rK+v1jurApzBHn1ytCzaVcjH/G0s1SRol1sHxMaYLVjiiMCjFWM/Uakx

 47ydGyHqcLWvAZ3ikI15UVTJYEgZhbKCkXezNiFTtKFgNMFcsCDjD6E3BYy63avhRaqTBCXToh

 YYZBnv7hqpsbTYu+xbqbLi2e3Zf+I9i1JDn7noyou7OxsaDZycnr14+aqfMgZDoFCn+hKhHz9q

 b61VN7fFn5F+VWd2q8jiLlzm1Vc2d7K4vr24Qny+vzu8fv3J573z0/75JRl73DurCZpRael2ql

 WPeOJASBQBG5SfAG7kimw1/mNDwQ/zWhklx1bODH0O8XJSmEXgKipIVAEUk94IMkILCXskAFdW

 a+IAKAOjq1uVktSJkkyFlaMolh9bALyer80fLIpDBeJj3nNCrxY+enmkMvC9tbnX/ev94bQ7uj

 sfMDtPuhIKJNXNqZuWwMCgp0tFEUedTHMsVmga9mQ85OghciXuXLQNvSUFojC44Ab+zER/9PnP

 qs3qjQJatAQ0I2JRkKkYM0Pl3Ttga2VQa7sVFCQd++BN4NrZxk9qc8QZAXeLGuksvCJL55ry4y

 oTdkcra7xZbukTMSK4U35kTcMNCwD7XJLVjSIKRmeGRXM0EjCYlQdR4UZ2KE2Bgn5leFI8+RFi

 USwSNmEhQ8hN7GyWRzWsq0RXCUNUnVN9IMgMl2eT89wC37nIsIK65VFwINPzYTayjJaW2x7rUn

 325vzNUcLVV255eNut1fXWKt/G2v3Hza1tXuLR6bECPOpSWI3bcb93NH55Pd5558Pa+s5atXap

 B6O1H00u3xxg4dWmGgkt7lYH72IiNsKGGmv4ov2MPRBg6SIFe4NXZhUYLdaaAEEtEiPAm6pEKC

 RKi+eFjlp/TGKh6hTE7GOWnWefLySx1pR7Cy4i6q43Xuj1ilFHYGzBh9i07sJFsxcEmHm+MvbL

 PDX03TYDeG0ho5Gpmzllh1vrtLdWL7qDo6M9YRdkj+HNVb1dl6G1+ejR6r371a0WxOvqC3BG6+

 8PdIFkeR6xKGa3pTwbH1WRC3Wj0/mVh++9/81fPT862PvZTw6fv+RDikph5PKQMK10e2PkCawC

 lGxdYC9+MAQrMMlngQChXYFRwQd6RIEhCDADwGgh2ckESXtjQuCMMjDJ0RACgJ7QCtTFSqmh+u

 RBq/LzUeWqPjZG1ntP98CkxptT/Fvcu3QrEh5rwPlkbrPS+NMvTjqNHtysVhbPxgtnku9RBrw3

 6ob4LZZG8B3bE6DHDDk6Kbe1qRjAOwlQ6lTWKsk3Bg/jgVRCWUHMY4sby1qSDZ794N9Ox+d6gn

 JAqVsHsWxbXFzmhe5ajeBEDhaOBmmDAzkeeTRvJEB7PApPvKCfhYyGncZ04lN4hTMLabRM5WY+

 EAAsXTiGP0h/Cc/E94UYmX7k8FBE2ryrZ9eHJRpTkL/grI85EuyN+CeNh7MMKwkTcpWnF7l+Ri

 OBGxLrnlklkUF2sJRqRrmBgBIY2frY1d3O/b38yStU3C/Dzk4ZeLY9X+ShVrv9+N1lQUadVWwB

 UZmqHNO/kJ9wcdbVDYhAju832qubnbVldYkRlDjPeLWEWCazrr6+21jbEFFpwMQJEqQhCnCPPM

 aruNKIWSLjS5VDyXSKF1rcCPfFFmqRibF+HMjb7Ad4K0tUlBX54xbRUaeH7Bm9aZgtRRiUz67w

 ULThksx8pNJxbAyZaCLsbCx7hlyZzeri+cEbjAluJRDGgmQp/CKn4/DZM4uiTohko9Za59Xr/Z

 OTc7WastzVpZ1HD956++naw8cN5UfuNE7pn4+mx6en+y9fnJ4cnV1e6Po96IlfxtWIMOvM0++9

 /fS3f+WXv/nuu+sbWyK9t+7tPnn3HaqKAOvDl1/JYXIfpujZ9K2S7Ym9wMs2FMtcSnPSLvx2np

 XPNmKONFd8LkzBohCvg6iwt2xxZIdYDOFRyH2kaAice+bqGuQedX/7L3zzs59/goKmtuVNT1CB

 2jY4H5oTuADr8cvYwamrcQZxs5ob8tso1ErQSLsNYScKXM1dO87o1JifNua5I67qc9ftyrQOXe

 dvtxt37bqf69XVJdZs5QDrzUmrObfRnGx25lfrC482Wo+rc9u34+//4e/rbIlBF6oekSrbl5Fk

 GuGhgGO2Ydm0X0wnsw698CWYjFsNVw+7zI47OMP+zD3n5EC4F/wKJct2Iwcl0yULnywUHDudTY

 qUnzX00GhYWdzcEORZ99zI0AzPPSERvLRd6JHhgH6aUdGNYuV2Bxvpj/Nl0OVERyKFhAhAlqgc

 dzgaFMMVMSGYGkroxkEAj/AeqBtBJuQb4JGBeGVWwWzV3//b/8E5WJBg4FTHHV/ejPqSFkYH+/

 rEehZv0HK9cS9p/ekKfdEfnJ2dDQaXRsNGXGmtNu89Wl5dN03g6yvOJBISGmqbF9otZfK0aHBr

 GoVEFBshKHThbpTFpGnh6fSoaMVhG4ZphdWGQtYwM4SdbsGpkjZ+tfpSsyW/Dj4VZuKMISHYJE

 Sh3Ko/z+xcJunGELfYhOywbpF3G3M3D26n+3/+H/qv36j3RQn09HJyyrUVLMoAJN+311el68vG

 GiTDRleK6vr25kq7XWEgrSyq2S9cOmxEPW17nuJmAPhmtbWi8kajubG6vqN8GD7Ff8UordcZQe

 m8FyXC/uoOpky0TjRHz5//9Lt/qDiYR6Mfor0Qb5YwkTDFdIhYydS3P3bde7U2Ek2FztkwluWs

 E3U0yc/WzEKFkyaTzsaX1EDfzlcbC/UmY5mO2dL7FiQfctYk8any9/+Lv7qzu/qDLw7Au4pCoQ

 AK5UX4TTiXg0zWeGUgKHJiie5li8J8QWqBf/TOuo8TOC2fodqmzVXn6ykCWPDHOSmBEOExoGi3

 DRxGxASm/mqINYeiHjb1+dujH/74H/6D/2Wlo91uL4rqHbWb4sNGlVsFQd0h2mzgOq9Q/uwdRM

 kAI2V57BUJtGBKiteE0hfFA4mHEkYdVM18skKFveduMKDgQVZReWzRZta4kI98lX6quZpBOyQj

 5DIbEtJiIDOqkuO+yOm+NXr8Pv+gIj0AlpVYaMLyxMztqbMz7GyqO4fRGZhHhIm7UUZTCIUbhn

 zNPuWvBTT1LEn5Jt/msEW5q4h0DddWKnWsI6kyyrmd3rarT97udy8P6cBnp9jFF6cXSgS3FazU

 LlmZu9qSnoNW+UoMpvx4Uuqy7sqrDx88worYsFSfAevXXaileKA6vIm7wYRRkRjFDJejmPK9mu

 zVGngngpayeKYSSIp247+RAlOR59c36rkybiHAyW/3LRGp8GwrG7Ee3Y4wnBXIFZY5gRF+A0h7

 zBqsBwNSWSZbbmCTkENpN5PrZru2trYqevFo/0h7N452AnWr1Vzd3QTyGODxwQHTnRCnKmml2R

 HMoN4VT0h1pb7WaU3FGfKK3Cx2998cfNET+3J+csxFhPYRSxhdEd4b3RXG2tjOr69vSL5b3b2v

 SyfFOJYCFZbFQfb6w/OL5VZ7aUWVfCgZb3l2zqbFQRNiFNoU4cKyEKTzTYHL/HYQJAbWLJxFLP

 Ce1h/SZgq4csrSRUhD/+c/++4vvfNo4637ugLJ6MAFxkLrZ7VywsFSvNKDEn0T8YioR8q8G6CW

 Bcc9BIwAmKnQbIMStnEVUfHSxk8StSqFNrX9FxQk4nWvNK6aoLlR4zCWkaAoDinvZrXTvHelo8

 T8d//F79PUgqf4L0lrJuLFsJHpRbDMHG3qDJrzJ8AOSBJx5YtcmgmHLJS34aGB7lySF/gInct3

 oCG3CWTlG5+zTnnJMuW5ThimW4keDWrkGyuem5Wx5DRxlQnBCEEIJYgG8QtsylMgIyMi7Iy07A

 vLWVDeaOV8xdlS5N4ynczN0xKk4bpyLu0jA3NuEQBCQDwiczbkjMYBazI75mDwlv4SmwdmWuNn

 8BUhjU6PVJAt643dd99rDe8PiYz7B2pWjBWC4ZzEkquYayeFymiq/KH7eyub91J3EM9SZUab6/

 rdZV9nFlDLwHOCRZOoyaKZ+nX8J7f6pyleQUbF2oR61dvZLpSLGDBicEkr4/jEzMisImwEsrIz

 JlVE8OxIOSHIHGKcxcb7Q6zNw0zAA6UkDnr1WMdUfa5lYn5ZDtwFv4lnVXI56y594GD/QB8AjG

 a5sdxaa0ntYHDWflE3ld5kzO/U2d0RYKnbW7O+piaqZsyauF4eHTDcAxOF2UURIkVS6YvZbU5O

 kmetrLVrnVUdHrY2dziUGAib6CCzgLabg55QwsuTk97ZyfGXn71+uXd5ejbf12NWJeIFtm4TSL

 vNag0VtzwEC+KHiEq3LWqbVSmzsBTRG7PF5X8YM40KXUhei622enCDxG7FbuZ/9NGXi5++rnRk

 ksWTOdYyEwdxC9HHLFfKAyW0Nf4qQbUpAEMhv7sdcp/klY68HHMsDxa63mqQiTzAxIXWgyUNWI

 ClPqFupTypM1vgoaLUiSiuquLszXplTeVmJsbRxVdffAptslnJfTR6M46xO4AfUM5OZh/9m332

 SGP1jXPyx3nZ8PJ1znWavQhFMdKwx5zsqBMdiGSYpQAXmVGug4dcd9En0e3cTTZcACjomGtzJy

 NzopejAa3QgmDP7LnOcmHOt7a5RU4JMcp5XjAUpvsYl4cx0YlyBaGvnOJPxpxpmi+HtmGBUcKO

 Dck9vp7WbB0i6GfQbpuv5ysvv/tvqs3WcrO5stqRZp4wNYh6Nd2/JfRe11dbleWl5ubGAoCVoM

 0DcH6hyI7OdeCYr0VT9VSQqi6koZBmkDKxTKLe0F+u02iVhupq1iPBKqKKYVfdU1XHOkeLtgJM

 BCRVKi4nmPGi16qNLq+0q03VlUAsmV4s1WSBVzniiZlH8jDNTMpcA7OxM1qwbANbRLYLNIRVEZ

 zK5gSHGYtUlmSvZxlcCfHMNmSpVXJurDTa9V6XKSo1UESJdpRFbFQJysPe4Lw7wJ/dodFeEfMM

 8YyPLeCq3z3mcxsNhlejXl9laY18llX3Y68xAHHhmLvV7Wxvtu/daz14svr0qVroKeFwo9letY

 /WD4dbNTV5aytba63dx2Tpjb/zNw3pSK+u/X2+upd7e/uffUa9EOXWXluryYhPJJBToqdpkZNg

 b1YpVsd0PYgkSURjtbYS2ffoKfoYKL7uisSaA1jabaTJSqXUeqQu3S3U6ilqkNInIrPmSaKB0Q

 ShW2LILKEP0agp9kF6YgczBs9Wd3lKIE705eKgZ1aJUhhNm6Tf1FXIJtGDVnTXhL4a6LG3ivLT

 GGU0idOpvljT9WRtufq9P/zDq+nR+sY2ryPxy0NLZmeRr4IssKCgsHeBVUfojTFthOzE8Fk4HM

 NegehyPLQqPLcI0oF8b5nnbHiQlh0haJI55B0oKpAj3X7KtlpUMOe5UbkSALkaJ8mn4FrCGJBG

 78FjGCCSSoTzkEIeooa52K1zXyfCYafNgDUqLtAwNydHTskAithMyPQBMOc3OhLY9kIIAHceDW

 NdETrgsC/NJeynXCPirtXpHR3I4RodK9wsQ4UzkwmUkhNVBHZ5jM1aYJAica0s39Rq/fML2VME

 vKuR2maKMIX009/1zVqawOzmtLLUFSsn8b9RW26vQSasmsoOg2UmJmNBdwhVXMRO6I2IdA+5ZG

 1+TVsPpuvEJbMsLdWZijMlpJLmyYjt5uQ6S2QOJK5Cg33AWPLbi9XFuswsN3BY8iXtbEoenrsc

 94GVY2WFAXXUFVgn+PlC+kzpS+6hK4r2rwhanJ5zg5Ju6Y1Ez/ryxs72xs6WzB4H3zz/QoR4oj

 Sr+tVmKRG9KyVtqvOYdl0Xb7U12tT15ebug/buPY6p66HCFkq+qtGLIkg6VhaeR7nPkkHEtheu

 wpfQhhio7MHOdn1j4/7jx/3T04vDQ+VQKhckBa6ZFcDLf1hftjjAGUTNVaZ6zmqRFyvXTD22Au

 YKcUPUAAF4FRvDn6e3LU06rSF5+aajy/MFQpQmwLWWuXPGcXxaW0UN0G5vwEJuKQMWYikDHKAF

 UIEd6y8N1aIvp1r6XI+CIO5tqeSe3Kk4S9+H/oFGoTBgGK0HdjyJyB+PeUVlzHH34+//W6F+UC

 BFI+1pdjbbGKA19NwAAOSQX0buRlabIwQhCTFBY+KEyEnlMsdcwrpWiHowAmgCeZcHAYNe5b1n

 ZXGC0QGY3CDaXSGMYZzloYbjnXGU4hDlNjl3pr8hXp6YxbKb5p8bA/CEIs0GAzfRzTB0I7ZgGV

 h0tqynq7DiPBV2B9Nd7NvC5yMjeGisAR7pqAEbq/sGe3OPDN7lMajlmZV3f/svirk/+v4Pjz55

 MTkf8qPqDYdl2p6MT70SIZFoNFcgi1WrSdnjIqKVKmek/qfi0KzRi+PLxesxy/tkaUWxCwRZUg

 Az8e1k6GngKQ516COWnxbP5KDqA7jwmVyNJjNTMUSp6EuCdlrMQ9Tx4jeUkC8YXiFVmtJNE5/B

 g9jDeOsCZNYuMgvprxDUrBSyhQRnsjdJFFho3Y66y3UVCLKtC/PkAQuUSLAUU0hFESfPHsd/YJ

 k0gxXvBLGwFyeI+lAxW76fwkMkj+55F4iQ8m0uEyzEqypjUNeG50YTJTJFpdERmrbcrG88eaxG

 6g00Ob49Y9m/PJmcdY3ddth+kDDhRxPoD75RsfG0ez2tye1XPVdMyMJKf3HcePvttadP37ZgUw

 7k8cWbo9Hh60nvwKPnb84qVGUYw4Segj3SbVuoYQ/TQqPg0lTrtoWxvDEgcZvKmwGAeBpj6A4t

 8xnMTDVtcDsZiSATPoSuBweK2SFmHR9k4Fv3SSSchKbNK5QHedhkCp4t8icZz1VJdndc7awoEL

 AB+xB3PdtGmqUwm1Z1hZOJYNVern354881GVt/sGMxpU9EsIwACaL9KdBJESxF1IxBKJn7mUTm

 zqbgd0EUU8AWTREP8YLWkNqI/SnIajYmmcADJ5bYWwdwMueGh82QjQcqaAWQLEvhmLlrrIMxAn

 B4uBdEDh5it9FOcOVAne+nE6G/cecYNhnFZZAmPFJxl/Be/yy0S51fhljO9dxAqm9/MQTfgwl2

 IRckHCloHQKRi7InmTH4BT1G4dTMwRsb8t7v/OWf/eQn848frIug+uTzy4NDeNPaWNPTijXK3D

 mTFFtEccnS42ajXm94E6pqHmqm2S8xXclegkscofyHBLtxVTxe2mkxIxWWaAaCikAElsbnmfUk

 5ktq009gMq8zbRpnQU5Oowk1mBNYzQ6rxoXMOe0N74Us5GxcwvNxH/pGCnBi7lTPqESWzZ8U6E

 AdzJMBJQL+VNe0iQpfWs4Xis1EEQt5OIR+qgiRVjlJk1Lae0zMFwOUNSY1LEnSVY9ThXEhJd2b

 /lk3wZa4vfADeJaCkhKYFGLmutJatbLUrIgnrTQbbAfVel1K8+X5cffkbMAPQ4Olu4Z0xGyG3N

 sD4TPRhCXmYfG1ZdldVF+Whc7alnn15i6pl2hgJ/mMt+eTK0f5HCqXp9Oj/eeffHZ5csH8Tvvg

 QZivtBmFA3PE6prWDVkvK5MOJyyiS/BOlQVCNNtGSjqFwlmNqRbeYPRqIcUQdb5VcLKEiwSQC5

 Aknlz1aXCCmUguEl2ExtB0I9tZISe5fUCMvBaGH+NLTFgscNh8imBYa+stgfTKGrO262/NciY/

 7LMf/qBRX5P/wP0B9CPVBkoDuGGT/ngTYA28clC7S2aVz2G7QQ8yQjibAk1Q1IhyRe5RrsuVbl

 TOdqnvMu+iQvJLWwqCnXkFlyK4stuVB1uPrE7Em1DZiNG+jLBbYL4IxuX+GYSaOMz7+Zt/YbkQ

 K0O30DNMm80kp5bDaExwsww+ww0TtkyFouQ5nhRK4vHloQWNzdp5HhDSE3U6dw8eZGRzlR//+E

 cQ4LrTAivf+hu/dfDs5euffXa5f3T/6RON1DFQkYGK/Y77Qz27xRKJm26327y56b5Z8MADb8cR

 aO2fxNSsVcoeLM0PLm/UJ6S4wEskzNMiYsFk0IBqAleKr1IXHb5scRseU7LWTTILbxbJR4myny

 Ae0o7xWkjraP5OEnsR4GV5iTXC5FJhRHuv6Hu2zeEps8pweW6pdaFQ1cgIbLnrYZD7s5FbCG4V

 u2ttFEYkp2fdEzPEpq51VsIpiUgao9JoXeZ8EEoiwFWUQy2s3p0SuLC6sR63zbJcrNCnydnZ0W

 fPxmIbzaKY7gy7rdRFKPi8jF9RSisPn3A7q8HB0A0O2P3C9peWR3J6rrV/Gx0cHBBS1dwwYwTL

 Okue2m11ak9XP/z1vyo3Q6eDRZ0O+pfnL/f76W/VXZr0b4bpRSWTL8rZ/BIKG0xWCzLiCgZtJe

 Ons5YJveCK0yQeDQ0ZQE6tEVmphHApxRSFs7SaA/A3THPqqMk7QoPRCZEm6Y0CIoN7aLfsf+Xa

 Iw4t80LhwFYpQowltUYF5ogeCB7j89Xl6ZsvP9OU57J3DJWijsWVmFegMtzlFyzGOG1P9h0aAF

 +Ak0OB/aiSxFfSKogIRcqF5UEBEVf5Khj/9c2MEjAWBMndYa+P+FC5f0aYZ4eDx45SyEXGwsBh

 13DbSLEW1lnu7mEGEtwDM+VaN3ee3xmjIyEk/mSkhmrp88TMzWEHvXI8H8pHb/JyHfwtIyrX5l

 aQlhzPiE/KU2mY0hXZM7cwgEpbE9zl2sVXbx4+eqRaNE1r51sfjs8vDr/8al204NaqklSy242A

 /VDr+suRcs5DxSeXJtI+iY1CBRT/pogRhRiKBCRjqpyQbd1H725709FgubY2v6R7DTdQiYtmAz

 D5pSrBDBZYG/5WfktaNZtl0WIBg+Yt0k5LkwGAUvZFCxb0KiE3ZZfARjEmwKlM5mZBiHsWw5RD

 ShLlBc1vtsdHg8ux/oj1hObN6tcoNRFzBHO6pGRKKdHSShGAQIJblFxi4uXN5OKcdQVXimmGP4

 XJIgR6IR3QS7HbPKmqZVKr2YKTwFqbz97V4RDH6czf1RP1qH7EKk+vHhpTjUrlanY2Vje2RUf3

 a4Yj74MEOT7vH3T7fVGH2i3olRtcYxLDmPTCXm2rRdbcWK/Vm1B9sjwaiHRcaKJ9ou/qi7zQzY

 2/eK0gFbv5Ym+/3ztPNEuv9/mnn10enJ2OR9V2x+JaDSXzbhdX8J2eTCK00FrFQqP+eWLixeao

 TE+1IGmbLOAw/KrOWwpyi0Yb7a/rn4OKNdgC1ihAzGoMG9eqAxOdQmOuanNnK7d8Qk2+KXrPcq

 WO+Lg9EKmtLNZt7fygxSQ/uf7hRz+4HHeXWiuJcoUCUR2DZkU1zL5Z8rwPK4ISoFU14mCs0QL8

 RLLNgN9VsM2VuKUxzDg0wpTxUM0S+cvSNEMR/jKNxOT6BHEwvuIVg5hBwGI9C/q4rGCoSyxUMn

 KxnEBFIt0yEFQjMDKzTEfxDW0KaqarYPhrMW75lZP8z83d0py8L7q7v5bevVCFzLWgaDnBQxwu

 o/CQWHbyoZwgvIKFMjTD5Xne7NKFyuvv/2T97ScPP3i3M1/7vX/9h9vNNhPS6qP7O63aVy/fdP

 f3O+vrHKQMla6tqVGuX1mreS2JH3+x0xha8tFlFwyxsMCE5bUjqXVKGYz0a38xoszB7+yBdU5u

 qgRWMIqGZY3ROfS62TSxcAa0WkkAIvpsBmXymU2iDErlQKzJNkWwKbw9ty4rHxYZBpsriNw3N/

 tLrbujM2fHYAHf2OcCoDdcPfpkahjNphSTSNDeFHFXcp/r4s9CdNwqND+EOUzYplCVyQWDgQI0

 LTvE9MQ3bg4iSafRjSPsUGOUnuMcI2aPFltxk7do++k+PLq5/fzZZ85nOtPmQgm4SeBTjTNDUD

 6zUV3dXGm1JUCtbm6LgblbUaMzxmP2QskDcfLdKEl1x8ssZ2J5etE7Gar901hYUr5xt2VIt2cS

 VObmHz5+/GBn+9WXe/vHh3f3H6V1i/aHo7FuT1nUGZ03XKBswNOoITFUVEvdD3O95eedLl13a6

 OuQKymeO9aY6nemeu+rF4d1TV8Pr87aOzI7F6/HcSZxXSBhGFWSvAF2wxY5xaiCoKotIlIj4Jz

 t0JdL7//p3+8ubllzSw5Raw4TY0i0GypDa+wsf+IpMAdtEcyE4aWvYLV4XaZRzhmYXfeO82X8C

 YenTCpX6COK8ILgR9WmDfALHsauuwWud6eujZEICfPhpIB5AleAaso2hlbsN0VGUjUvuQhBDyw

 k5CgMigqWTmliLzOy5Xum9nlXTa8fC6/y5fg123yOYN3t+Jtymgz3PLKlAoeQbHQknLSqz/+3u

 XnL+5+9Tsnt0uP1jbd//z86P7D++Preu3p/YXx1fHrN+s728otyc2OghiynPgl9I0W3Ne9csJe

 sliRCMEYMhjoHBXjyLhPDZr2l+vNddlzhOaMCKyIwwqxNSBALkeRKik5zT11CRM/i7Zmh5xOlm

 X+zkKTjYuWktAugjEeHIjPIlpb07DZsXtkDaOIZaWSLIJ+Uq0iZClFBQP8A9acSUT6tDFZmI/x

 hBOrEPAsstvaMDsUAPILvSz3TNgE7yj4icjELZVlFKMjLKHeAKLpF2RptUZgiVZZ0qvash1scj

 dSC+dGgtUnA7W/Mu1BMgokxE4Vl3UHdey2V0Vbbs2vSQJZIe/MV5Wnlopc6U/6JxdnjFoa3Iju

 MC91B1PoLVlHYZSedXOzYl8YclJ98PNnP3j1KUa6ttrebBOdiOu1zsP7l6PB6evPNIi4bmzPt9

 bZDtTFgqGRdgW6prxww46FNaluccWtFOVPF9Ptivqyc8ujnj29v9P+rV97a2Pzgc5POOHHz59/

 +vlec3Q5Umhjd13dgI2bwX7q6+hEu3RafVKtCHhmBom6L2a6I1mxMtdeuGtOR8+efXz04ot72z

 tUhUTVsSFROE2vrE/CCi0TxLHcdrn8CTIADpgDmosUXE5OTC7GEgrr6q85YfA3m6goClJvKvkq

 wO4nuxzLfXAln8MtYie21xDRc6MZBI/8WBZQkLHEM1XIXLnvDPgApzu4G8LiiJEGPWcTASj4SI

 TFPGL27PL8nJdnZTL+h9yEjpb7hKDke9s6MwSEeURucqIZRkAvTwCSYK1ci6HfVt76zi8dffni

 Z//89zYfPHj7l3/t8DQ1AVMylX+wpsJ+fXOxcvbmzXK7vXSjwW8CgDDUWF8qzSS7Ersx9+FEAW

 TgKDKJbGyR1S32IL4VLVRuQZ11ThY7Vr2SzEgNQSwYJNDk1kRTQgT01OEE3lt+GEpsVbElcLMn

 x9XELEqC7PIm6trXW54NykRT+cl0I/FkYYscKKEAK8jiFkKNcgniJQmjIwTndKzNwoRe2CeMMt

 zfxRY56x6CzEJUCLOcxuF0HFXReVSCJtcL4IE70aMIIyhTaA5CPLpLJ+U+xxV7+XQwuQQAN8sN

 hTLs65QbXErtcnVra0uv7LWNXca8RNCqoszvJelptMfLdNdsneipyRHfXEM21e1UgRZTrFQUAz

 HW2xVZ1Z6nlUKv+/yH3x0evHhwb/c3f+evvPP+u2vrq2QBeoGmLUjN6LL3/EcfffrTHx2pgzO8

 lLZB5y6yaArYmuYyEzPVANWdKLmuTu2ypuzKpDTvhurrvffuk7/wnQ/efvzgG/d37lXaKiiQAv

 6zb33473/+2Q9+9snWvc37T++3FF3qrHa73Y8+e/bzi9vK5JXgkIXaw9gTQnIC3wkbZQ+fm/74

 u3/QZBpM4McNxS7bWMATmkWjzWcKUeDbngXek1oQPAxTyydblsPhigmZRGfJ0UFO12Sfs4GJ7k

 ZT8za3iYyVMwqSz3DGLRyJhSHMz/eMLPmXDzkRbmvXanzgFISk8BPZLVacEtAc2pBzQY6YsFzg

 M1YE9r5GbRNwLAiMFGTgOSE3LiflWd7ABafky/ImaBz0zlmuQgoyGC+e3GIB9rX4unGZi1nezn

 /rd//LKGHd7umrl+B6/Z33337vvVPtpDAJMUVYQSl+3z1T5Gxusdm5Ka3xVliXqQdoItCdqhqd

 x4BmhkxPADll7JQuRZFsX+UaV2G5UXtqpUlITeZOmjgtKQcD6oNsLIq0PoG76D/rB304cZcUJH

 7Lyd1U12eVTQmT2gUJK8WKM0uLELpZZGa0M9KBgRSFTAwJ7FlZmKwuT09///dGH/1ps6oDCME8

 DFwe6mxls4sZ+tdkMEhbtrEseLwGHiTKwtQMhGMML00N9OVqs9HAvkpJjcBB9gIEJJgnCrWX2A

 SlLTI7PtFFzXULeZOxufuAxYsKPV2qI5TdEeOIMHIR7ROP4biOlwZorq7d1TtXazsLK1ts3WK6

 l1j7SD0BD6qp+OO7OSVQ9l+8/vH3djebf/N3/+43P/zW3fIdp4FmMSwdolMjbJjt1W19blmhh7

 P9vZ8/e/nDjz/vne7ddHbriGwh9tigAau8q/KxR9dr2xvTuUcP5jafPv6lDz/41vtPUJB6XbDh

 zd3warW+QTtYIY7Nz/27j/78P/zg389fn1JM6p3NVmf9amHli8vqBdxkL1tqXdU6880tfRhEhb

 ZW5thCDp9/8n/8z/9jZ21dBX0GQoa7AGtotTdpFgoX/IjmCrjHSlwsSslSDFjDxdh0vDNgckgM

 +zYteBFcj2Bs7RDOseREemlOjBwXNpFEnJwON8J1Az4xBACyII3bWCqHEFPnJhmG6Cc7JVkxbk

 w7zbZmDJEQA+5BsdwMAaCf5zcGEQKSIeXk//gn/DpDLoAyG2pAl21nFiWSL6NpmlSJpTF7YwGt

 2e7ZdRk0FuG+4XZubTkCnD1EwOHa8taD+2dHh4ef/uxu1GtvbFgSbXtUDEzYjLChnQe6nw26/c

 pqXLi9G+ngEX2qQjqEyUmD0kdPzW4TxLpFlloSQygrgo3ejKT4abOuv24T0RQ9r3Jc5p6OcCDY

 pelPrWFA4trYWoA824PKHcYprR1UVxpxWqpHIb3OCz13UWbnT6ixK8N8pRi6zkboDR9lvDK+mm

 +9/e275x+JW6ywA90oUB6dPLiZ56KkeKplz9IEGrzCevPZLpmBvtP+Yo9YF8VT7AexWT8y6W/C

 V2YQlE2Z0xgALYpp1pqPx0NCo6tg8VKj8WBrp9leo1GMrm9HPZFsg/HChTIDcSq6/2S8WGtFUo

 pRRoAUB9uqYMSlq95ovgHGrqulTTE8LpA8nB9WTvePvng+OPr5b/8nf/1v/O2/VVvt6FmqipGC

 cZDXvVabbbQX/T19tTd8tXfYfTl3efF+vfbhX/vW9KjzRx99cXx8vMVlNbdwSQ3n8mE3VuygXv

 3mk9vvvPfk3bfuL6/qPbjw0z/Xh622u7v79Mmjl929nzz/jOjdYldzavXuyaPO+XmCeW7u+Ciu

 Osu1X1l9cnjVuUi2L6FGs6TRysq2ULV61UzG3/+jPxB/LZKyd9xl45K8ELws8BvSJLorGAuabd

 BsK4gZAkjjMrD1OSWqTHitlYfe/hZnEpxKnlaWnvE8UhLemkCbYFewyg3sNSkryGvT3d5OOV/O

 PyASqjB7IMdoNj+ZbvNgyEn2k0kgHlDiVTyPmVmQOBeEj+R0v6LF5UleeRsC5KDdi6RcgCJfZL

 J+OyKut1CRnOp6Bh2TDieY/ctpCIkvXQuJEjBAMXbAZwfKExU+bQSGaHRzc521NTk0B18+Exq1

 ev8Bfzlxq3fZY4vi6hTGLxj6qtfVMhjBZLnJYEJF3HnWbkOSnyiFClNvkMljEnlrhhmvTDZ2Oq

 aXbExSgbMeSkMximfRQ/8yNI7KW8mm5dr5SmoLs/NmyDSqr4Vj882svNzBFPMpYnAxR1pQ2BYy

 4r9UW5ay3vrWw/bjd3qff8z2e3elBn1ZV5FHzrC3mYbLLSyLZJaPXGxhs+5mERLi9sYrY4gSqj

 ZI1o9snOKvEajD5DLyCHqAywZndR0kF5M5ZCA11jd8nvTOJ72LKZ15iek/8RA0ZLHQYELYlg4S

 bogJaT5aX1u/7nQU5Zn0xqTMiXb0F8edlVUkeXVuujJ/fXR69Or73xPD/Xf+/n/zF37zd6grlY

 S4tagFbfWs69X15buz44Pv/9vv/tkf/uvz11+1BGpTdRRPn06XO0JTdp7WUMO9xYECrrJyV+7v

 rO2sb7//5P2HW6tPHm5lE1XmWLo9eLNPyiAQ7e19JR9kfXX9YHoIlk4uTg8vji97Wn5OVYqnTY

 BG6nGnuba0Unurwu4Q/z3L4WV9FRacImfaspydf/nRnylndKlRI8ZokYmpti8LaAeoIdA0gIE+

 +9bxpMtmxWesKbiXfbLABVgCGIGtQHOQM7/dNLYxwsd/hJMc/8XL9/bdJzsFfIJI2eFCRexZ0N

 YD3MpQQuid6am++frle1cbRm6Qu2TwgcHc8/9/lYOgKWP3Po+ZnZ1ofOeWu8W7kve/uCx3LLcB

 VHl0ENoZeWLxtxfIz3QLBzKPmEV27mlKxNbfuRo25bSdnR6/fn15cjSdP1rd3RXcrCfOMA2pUx

 VxZXV9xPY0ngqfhnxlKDghgOcBQm4gXuzGbDeM0+hFXI6ENLQjWKta03jUPVsQy9fkabhRXHiR

 OFqsViYZVaQsUzZBaIFplx1RHpmAxu90JYyfNwx6JNaCS7bgHsL19dJlw/I+KzVbW5NfvF6Wqz

 yqvfvB2fPPxAoKn0hsQmoOe1ieGSoQClDWcbayVjHhTLSdEFFRFvoGkgLR3/J0Kq8AUCYYJ9Ac

 MxjqfZQJ8rNcG8aHSmUzBXrjcmYMudh7bQE8ms+J62x6eRbBjY53e9NKGXeixxR/UXtqqc3Nsk

 aVuO33Rv1udaV9M1IRelxXDGwy5U+CvWef/fj5T/+8/ejJ7/y93/3gl75hTedXWo3tLRVROs1K

 h2w/OP/jf/XP/+U/+381hnnv3s7f/t2//bQjkmShO5geSZMa9OeW7y/c9L75wTutzrYEg+HinB

 i7zfUtjScEwFrfwaC/93qPRNho1NWBJrozdey/eaPzImfc8ekbFvb11bX6xhZ3Qp3eBMSZ6e4E

 yx/WBueKea49fKprFLvY1cq6KiLdyUQIwT/8v/9A+trGltqmCQQoSBMYtxe2oEByQT9S8Nefke

 IC95GY0MeyuUVesluF3bFBiHDHV2ff2otAQPTSQM8MNbK/BVMCMP77XGh8vsZn8opdxo9f0ENF

 DjhCuI0zBIwEATPIEGUbl7uVgeR633nlV57ipPzxxh/P+RofA5KzH1+hTlDE31zkhEILvn7vQI

 iRY77li4xBa7YsBUghNWhyb4DnDG/mKwp8gh+x/AdXvbnh4fx4utTZlKI6EuD/1d7m/fvcJGon

 y1zkbscSYSZ5mN9eGIUn8fQwTFFZMAeqGreSBSGkAoKoUyVYRzslg0pvNSsAe8RXiMtDbhMSEN

 EllLC49iI5GeQMMyPo6sSYcg/SgbXsioxOKqV7wGSnmXQhU5l8mbRVzuqW5RTKYEmN4Ga+Opxf

 UJZ54f7j4euvcCeNGenuFLowagJ9AQTrazDZf7cAWhYobyKxoSDesvAUJ0E2vJBnk2f6MQy9T1

 nlYoVTDNp17U5TD0fbjR2LkRx3R9bQsouHEQydstujMacxCyHXRGPh7nx0KQQMAdzY3llY20gp

 jelgbiyzIHxo6eq83WorRyTlda43Ovjkh5Te7Q9+9Tf+3t998MF7olLhHjdN73TcbtXXmkuvn3

 3xj//Xf3D5/Ge/9Vt/5VvvPP5wVU+oo8vBrVqF3Ef3WtXGvacLS1I/37OnfXVkK5VHG49a7VXw

 MOSFVtbk8lg9+kcPn9xfWxdz8tMvP3tzdNgbjJZqqwd7rw3KqEb9Sw5FbWaePHmq8xlQa5S4fm

 uvNbEEj5P+hfjarZ0nqvZAkla9Pjk8/He//8/XGsssdUhCrBsYXbYxC1qkzOwoKc6HErdZ2Gwh

 qYVUx2LsXFuWQgP+FpKvVm0CBYKu5OrQBUAGEXME2MGDAHoBikBbtNt8zNZH7vfs6JsJLooE54

 cey06izgihERgnsBEsRPBOGEBumWHkBtDc9blb6EDgZYZsZYy5kUHmYS4n9+flYp9TKc9dAl4h

 YrODQehyblkS10SfIP6VMTlrdl4eVv5boqzM7WLtW79KGmSmmSfbNsTUr8sHXKq35MxZDo0HSz

 gZlz2hkdCZXgFsUZiTDVgBppk7dSczSexyxmPxMhjHsM26Cs/YjuNOyVR9nfX1dUT6FHY1Daua

 8cyGB6UNrVgEXEUZitKD6cWBgySG1oalsyAH+bJoWQPzzmqFIvhf8NDHOH+zCPU50uN4tL9P4T

 HOxTkmsXBfNyijypO9QFNom+GQHhJIlCmlR4SQv3hhiaHhsdGC7FjMdd4QjqfX4iQFmFYrmxua

 OYrHWtBfaqghw1jdi5h3Zz8ekOzocDmD1hf26uz4WKuk+Iy3d5pbWzGMkQ6S6gB6bLLcBn1xiN

 b1VrVy+JM/3fv3f7z5zge/9Hf/q9333ycw6Z+2UmOVFtNxs7nd/vyjH/xP//1/p5fpf/13/tYH

 Tx9uIBjnL0TfFGlCp+kmf5Xwlflqy6j50TcfvtXZ2iFM6O1OdKAmpJWELjKtVqelQGFTaOfO/R

 3U6VhvipfPYqLTpTuEVIz8Sl8fjyvNjAfn5xdUJOxa5GurlsoGEjJPz465upfr6+bq+B/8yZ/8

 k3/6T1my+S6wlsJRTVARn2x1wNz/wh+DLEVT9Tf7WUCWdQG7yDkEHHEDofpgaZowssh9MaYELS

 JewmfwAIOCsV8jho/lptFLgYr75I09txHWYswek01NRXBHvaP7BaCAtJMMF/rOMNaXBT4DMJEs

 Z4hYxu9CB4qUDTryL98bQmgKhHDh/9fUnf3IfWX3Ae/uqu7q2rp6qV65iqRIURI1FiV5IntmYO

 chMZCXIP9SgjzECILkyTACxEGQl8zYgOOx4Tj2gxMkkzgazUiKKImLKC7i0s3eq1f2ks/3/qiZ

 FJu1/H73d5ez33PPPdceWVtGYh2ExIvKSLnC9GkpLw8hbK8MvdSQlg2tdCDeYvcU9lT9YGxSBh

 TeGVkzDvY22Ck6Sp5ITHdg8ulos/WBve3WVW0CDegNBOeNyx64f+IwW5tMG8lx4UUb57w6ksWf

 ZsWiH42J1xjtdp0QODqyc7q/xb/CKhAJJXxaDhbK2GkFvMpKiwz3BlSYojCQMHmw5c60VgujY3

 VbyzEWtS1uhHQAHIPC2iRl8XxkqMblWlCVTsAKLampleFu//K1nW/u7y0/XOAeo+/oAEaE2DBQ

 if/vFbiA1VgT6Fscg8XjFVS6HoRXJtOxyRppn955mCXRne6ie6PG5Fv7G3xXQYmobTN6Ak7Q7L

 hFJDNoEqEmma2F4y1Z8B0aZmlUwtjZxcmFWSGnR7uHLRZN+tSww7yxc9DYTW6Qo7GDZ5/cefbL

 n7cX56/+4Gb7zIwUkrwD9uhbiT7cXpubbN35u5/9x3/z+28vzfzj33m339zfWbv74vDQxgp2Ez

 9jvdEcbi/sAufJy/HZ86LHeOQcIzt4vjExOTnXn7MQmIh0TriyGvZUwqC1VcTQmejMLZ3/zV6/

 deuzO//3c+KbhdERH7q/CuBbazyYfdn5nGo4PtoHN1E4jKZxGfHbh4+ePB7rOLqxyeX8t3/2Z1

 dmZgBeqrujaASWajm1WS1cQmiyYrnQDtRmmZAyjJgMsVtptJyYXHPRhhZpQyTxZ9KQBETcFpgn

 BmfMY1UV1iGl3SxfXed2JZFDFnlL0qyCTj9p2tilZFrQnFmhxc5UUhgyctQDHJkMLl+zepVypQ

 AF79PVzLnZh25nZSoGueuI2aNMvXBsoiCKUsZBHPuvKgnNlupCtiGxSDOPej7+Fi/PWvtUTyzW

 NJWXrqUvHJd2rbAoyTaBUx2hgLa+7+/tMeHwvPR0xLK4K9oogPNUzAiaz4rRmJKRKW5RVVY4nL

 ySCWGaTkNoWNDCti0DI43+7OhEjRy2o/x4ZwPvZk/J4X4GmcSMNgdZT9JEugw+AZexxAo2esCx

 PoPlbGJUNaVNMAICtk8kGLM8z2rMY3lFLPqAFU/HICcYasPbnX77/d9e/dvt9d0Na5Rjw4mO1u

 /YXNBVLf6k59kfkbyfKqzEbxmSWtWkWX0uxgWHpImZwzhl/7Pt1g7fvQDba+jERv3AN9qAPHBK

 qKhTVvOoB2lxCjtbroUoj9WmnCy8sDje7oKdQ0y5qbN/IBpKICohcSgKTtNSJtz/7BP68c3f+f

 vtqV5/dkHMo3OIhw7GpMJY7LbkFfij3//nNy70/9GP3neA5eb2KsjIoWmuPt7uDIl7jHf2cKwt

 41e/3ulsrm2svXg4Y9PimXOsGweori8vjwlLbtim3NhN/mmTnZe7u5YcBXE1rC2/duXq5Ez/ye

 dfPP/2yfp44/ylJbN6+McVXp32BGIyXNSQtI5DQ/OzS6p9+uTxxUtXPvvFLz/56CMp77eF6AVr

 LLhi9yYoMrG1UJR/WLE4Xn0LDSOisi5TuCFeDw8qCvRxNccEhT40gUZSuvJORW9l7hw84dCgPw

 /lI/oj6lc7mDjviNWHWzpVFSOy/XA9mK5ePok1taeoZiNYVIcZqwt5vHQhuiP9g/nSoql8FGd1

 1qkakai20q9f1awtjeldbqH96M/0RN+yuRMVlXtlEK+++R7qchNxmbTZHIUp0ZPsLiXzi4kVX1

 mmd9lsYGON3d4irrB6NnjFMxZ7gvkbOJLYsqWwCd0YLcuruh7Xc4RqMWYOBwPWW6MnDcWozDjD

 p5zYUGw5ZQcaA7r0eMLmBD3TbSzqAvoLmi3KFHgScGRwktarW8R0lpHgL8iyc9jgg8GMSg2gC7

 LBgq4YQ1Bz8nJweDR/7ursB4eb/+svtwYStXWd+DpT24sdnifynpCDghzg9Cw6fIX7/My1Sm4G

 2A5OkR2WPZpF12OUCvFsBTDPzC6Ijp1nRZt8y8I2ozpGOEeXKZAyJ07N7vWdwtmF7YOd7f2XAk

 k7CM95S8FfPNW1JEPgtzvY++Kjj/H/0vU3Jvp9+6QeWcsZ71J0TskmGU4vX/z6f/xNb/j4g2uX

 j3dtwn9pdtd2iPHL02a7BzPZc9iZsI1CWhGLc/vGP9idnOjZo/zN6irR0hgX6YiRHUd4OjjcAg

 6DghxUARH8l8+dGyi1lkNDb757+vprD799uvLseXtad5ZMFqzSnywQl6Jj2KBRIZUa6ffnB9/c

 39/c/Omf/IklAH8s8EoIghDcUFmFbklai5LRhfRntFjgF3UWhYuyQDyPhS+Dh4RY2H+vnNAAWM

 8rqPKIb1CFGOCUBI6PAykoFPx4C+aKkatIJKzKmGg0QsF4EJcn/StU4VNtntd+WS0JVZUICCSl

 KQQYrZxJQARCEJ8Opvd5rnTW74h8l1IzWaR8ZuKFQF32JQ9ow8OQlcbKJT/zaWBERm5VpVwr9w

 MflsKHP5TF7sSOPIEHNjeWCOcwR7oXTsJGjGeTqGxcBq3smDH5FACT6oKnQNmCnsNBnOjeO6l3

 TNvSZHKDQGp0sqZF/DmUzroRRjXISnQZRbHnY3MkM4sAweRnU1tiKBJ6mbAsLeBT0PBft6ppK6

 BGvokgKouj1u6KuqugFIi4ruzoMRwTNgltF9K722mb5i8ebpmfZheDPRkHLP1iLsXRmUcyJY+Q

 0rdMgeKKTFMFblQAdeSfiOhOTjN2TqNDRewCccRysrqBsoYjgJIIblT8Q8OOLHH0NvRjYLO/I2

 lET9utRmfSoRctiQoOB5uISL0OO3SAY45W1ZpUdMOyOkpbNf6L//7fRrstWUgXrl62wqSLe0dD

 uwMRji+HdweiISeOjn7+pz/50ZsXz032GmKQbFR6OShGE/024nzE4YlpZ4nnGNJ6fWtTTs3BVL

 u7tbFOzc4tLJw7c6Y/M+WIxc54W7BcgFCsALHTXFYeEWCXVCSyPzTbkgnN93vv3HjrzUs3zEVX

 1td2DvY3Njec7H1hfo41teU462KngAEDvrZ7cOeTW//uj/59d24eaCKAvUITVBoRx6LLXxAsTC

 cUiagim/FqYUgYN+fKFhnnbnM6m/iyfqMncXvcIEBeUXagFlrBleVChLvaiAXLB2HeA0wW7k3N

 SniQGod7kyEs5WKM7zA5+i9MG/5NwSCEqk8XiafydKj+FTXGZxLBoc7S56iPYve6FCUQdfyrV3

 qmgEpLH/OrXErntRXYREXj41e2Q2ktz3iltG+5o1QGUau9894QrSiQgEEreiln50RShKOsAzPy

 bDcvO5iELqQO7NJKLC1h22iPh9FY1A0Ruc1Wf7a2dGF4tj82P1e38ukluCeLz2NGKqsG5rUmkz

 gqOrF0IMxhyZF2tfxLjNmWxMoOhotIKyAqnBtGArzUSSr5EoFHZqeg6KiMLf+gLOMPDaRgJk0+

 UlyOl+KR5iffn73QufyWHF3H2xuH+PjIhLWsSw8Nc7JXmj84UUuZ7+dbTHfN4jLZo7MrCdPbWW

 nnMvxwPltTggcP6VAIJnseCvUHPAJGKR7yP/ahP5W0ncTa7uD/o4NMT0bHW05GtzucKAgN67e0

 kvTmyPDtzz5zWs3Zt67L2jV3+aLVaEBDZMEeiOwfX146O7p8/9mnH7954xrya9qhmr0Y2GpfyG

 TEYH1sXWTn1iB7byNqsjTIKTExOTE9N8sqEBJuX0eXQZHzUsd54ciNze0BiOlbfINFVkKfjVEX

 5qeZa0zrZr115dyVM7OLtx7c4wDbEDEzPDI73d+3cSgo8EHUnk73Ov/5J3/60Sefdqd7xpUYrd

 xEwzw49EH0JGSFM4D4O1qOgD8R4SdHjxjPEo8VbomGDSVUOM4ThYmgBthVErIopUIrVEr5GbYI

 K+t/CCtGdaxoOyRL25UmKgquSAJFwi0hoPS0aGvjiAkYvlK8dDVQiYLXnwzXD7otbBVCKb2pKL

 H0R50KpR+VMCj87k5I6/97GU/oLxpDpak2fSkd+lWp6pafhR2Yn9d/M3MPB6BkK69GuG3F66k6

 kfrjchrtW/zjhilQwyytjls5eYCGGO8eSagx1jptTtR6M+e+/7u9i5dkl7TVnbUtlPow+S7CUh

 kLdkrIFVeyw2GTxeJ0dCzmBzYxQwVLjvzo4dowW931REdlJFnPJvaQte8BuSlyQBcVm3Gqr5w+

 G3PBdNEsWlupMGjT6/xluEAIwEcSxPFVjNV7MxPtS5cbS0u2VcWCNUmQRURWU9WjW+a+DGwWtM

 NyWdGW/0ugAgTK18FHYMIRPyW4gG8FnAJuvI2o/u1sAAAVo0lEQVTF7RYuc2up3myLpHRjPIkN

 pbnl0LPlXcdkqDInoz9ypmlHiPiwFAqJ/ndA4f6+36368PKjh1/fvnvz/XcH6+uTU3LsTzujwe

 DMAJ0WU9/bpGGuTHWe3fnqxdNH5y4sHq4/SXrXlxbORniJzbRt4dzZ3mjZESpRWbK3lSyvovKS

 1fRlu9XLIRVHpz2+Z/mxqMRIOnnwju/eucsXwrHMbCWmzQJ6jfr87OzjRw9sLJ3qTPa6E6d1+y

 xkIxj/4t6Dw9rkyuFpc2aa0c6p6OAp4gLNw8Mf/OEfWta3QRHQIsSL8Imsw0h4LOEKxVgz84Ko

 kASrNsGz2CyzMAycP9GMtp2HSirtBb9xC0Fy0ZzBuMoLd0E5zmYEehZrwtF37BPWtUwXCeh5FU

 ZvFPL0JPrHNLrju355Lyyq4kJOrrlbEZ1v/mIv+FO/bud3ZRQkXFcQV+pBPsjUvkT38kTFmPpW

 qLfUkla/azukWigqcEMjaC9PxAzN5fQw4iGCw2/P1UauvZMx8JTGu228kUKot9PreWAgL6y5kE

 vaK6570dHUsk19QriGG73jemu40a23u/PX3pm7+o6jVZyQRh6f2kYGeYOBNc8sjrMoilDTKl+Z

 STN28yWbkDRqopJFu6COSHH8RhkmCIb3Mkc1+CJM85PBFcAaRpgnMCJZVZGvXgWjhhzOM/BRFw

 pOA5DgGgpqclmNiF08lH5ydn7yytVmr3+8JyBi42Bfoit4sp1VtHd29geNQUPJwC4bEOdWpUNc

 /VWfNFzkMr4vgdNaMhoLBoLcXsls3Gsfh1hxSAkqeGAP7Dc4ouMNVqwboClNwaJPdzutFq/+p7

 +8NTM7c+Pmjbtf3pk9M2fW7QG76s1Q2QA8As2T4emh03tffjUYbFx4bWlkd51QkAzU/JUQSZSc

 HBgOYWo0uZf1TkPAIf0rXtra5P9yXgzfwrB0XBMde7aHnz950Ggn9G11dfVn//NnYp6xG5mETb

 n+afaV5advX3q92+oGvg6RHLJhuavzj7Z4xMde7B46uoVvgI+fKiBb//qv/uuPf/xjScVMpI2r

 CL2MH41DfEFImC2ZGIEsF8J4KKFgK98TXBlcp1jMXg+GVZghcW4WreN6iiO5ysAFn+KuqDSm1o

 pbIpUYLpTgakioHE1BXhrzytfSl4iCEJXzhEJYCsSPEpRrN902bO9hGLfCUsFpelWqYOuVOJBQ

 hWdY6WSEAorEQYC+iIFfN5pK0oO86bF6tFXe0b9HVANHYcPUUMaOaOKG0s/aG+8FbgRznif/zV

 XbLYcbjdYJ732eVe3hmaQaF2Qc1ucQycSz5hB2h48yTptT5y6evfE+8tTRzfV1G1PBSJAk1XWw

 uVFEYLpRBFYQJ6katsNs2bQQWmZ/gkcZLAJXuYUiurQSndVYGeol2VKK5dEAp4yovIVNwvVegb

 IcObaKZytbYGGAZeJUEFZBlHklSGu4PpCKcWh0fun89PnXW3OL8iiKabH11S4r8swEULWBumoo

 8AgJICMYgs+K94wjhrb7QXEai38uswL/MmoB3ToiqSq9rIeIKS4sxBHneZz5bhvUgfMiPCr0en

 ePfdvvT9+5fV9Ou8tXXpua7j34+oHUXGIn44mRwScosQZ4MLqz1+107t257UjE1y+dHz6US9Ca

 ssQ1xzlYgwoCkZzexPjAh9Q8WZ1je7hGtzbWdH5vx2mJ5Kdw+BzAvbMjbOxBu9102Pva+iYvnZ

 UItphaut1JiuPlwdG5+SXZRUfqzTJpCCOznO8/e+EkSJOurd396UlHL2iN/Xv8r//lv5IqhPuK

 NGXRxBaBDtTmE/8Vug1B80vlPTZCMGqSFm4s6ZNovUA+ViiAAn+ZjroAbLCTgDa8RC4qn0pc8g

 +Q43IMD3sPdYM8gKQDIZ2iHMJgQXDQHO5TKkyXK6kcAYdPEJXL+u16aEm5PJiLvpTPtJECIVlV

 sm9KXRmeO+Vd8dBH9fHqS36Vin79kZ8ppUSaTH258Kp5kKvUld/heyt/EotGxiYm0PYur0ZOYI

 Bdu81lZrFNwcOW3ELCusuG9GCjQ5NKMigkWlh7/8r1zkzfpKs2MdleOr+896XYBWkahzrd015n

 aEPkIEO4dF8Fu7Il2xHBw0GCjzqHs9ZtSgwTMWbCxu4SqETO5Xy7DLPA3hCwDSJIjHkZDM5giA

 ZsEJWqY/OkcMFJwjeDU7xO5ut4mBc/B28GjuMCmqgp+5A73x4PT3Wa7etTC+dff/ns/tonP9t9

 8tROg6M9K2A5lryTczizUQKJISzp0YKuUlWgqx3VhXDiVNdDJoiXTmX5iIEfyU3HYFqOAD0JNv

 THVEOcl/4ZdBYbpJDY3W7WGnOTUxsrGyuPn3cbjbnpiVMJJQWZg5jlgN2toGNvj+OY3wydDw0m

 HfKwdv/p0fPNZrd3PNKUxPB0SLJ457zhKFm4d2vHTpVoHJ5sa7LVsli4qeVOk7P6heRlA9swto

 bH1xhN27J3HB+P3/n847PnL/F+P99cPd452T5ef/J0hVL5/ofvvTa3sHnM18W0bhoFYwnBysD5

 22+/9ee3/m7P4ejr9duPHo+fOyeH6Udf3P35R79wEPrA+k1SahVVRNgWJCZcMVqs2LCV5gEa2T

 nEkLMZA6LcDtLQT17FHtIqPlQVGeD5cK9FUOgpHBjIho2jqelb4iBEFG9JWR/2rJLqDO0U+nIb

 IkMMhYiiXz0Q/OXlSW25Y5h5EQFup4JiHvLWQ667HqN2S1MoQ3C6WlKTinUioWLl6SieDKU85b

 NUWpREOLO69927ZkGmdFZFXsrnP5M0BEeKaaDWvPkDIupIdqVhrtGuOBwOJUfg8nDqSDqelVLL

 bdlzhl0IwAzHHgMbuyU77s9f/q0fTS2dTTGJK9ttU6vllWcBBsCYqpkmmGCThSDOz5w5KieItF

 GHBsNLy6fFsmPrHiW/cfwvBGda0rg6qX0rRvCUOGNQjwas6g5fBmX+Xo1MZ4OzYmswr9ID/JZ+

 eAO5vIo8rr7EjIi/hYl5MiYrwe7p2Eu2oi0dF84uvXNjcunSzmDtdLAtc9Qh+0NlZe4RkFSVVT

 VmXDxpgBW8hhTMCPifyAYpe8quAM0X+WyuD5ZF38AgmMpYYmJS1OXB4Z6ndre3ZvoLLM/bd+7v

 7OzRzzPOJW42Hj9+Pr0wxz7nPbfq81IWazoG4sxjO/zJslxsrbxYX1zqUxmScYJlfbyTPBl2bg

 ukKYHEiKEoCL3MHL3bYyAni92+vWW2PkKRCJ36yPRkcgTdvffNyur67Vu3vno6ePBsY2tze2dr

 56sv7nzzbI2j68qZhT0po429qFLfpiemEMezCOvxje2toVpzvtf5F//sn648ftoWTeAoJhFm4G

 9tQj8ypSrUFaIqIDMY0ijsDIoRiRGVBaK5EvBl/SYrwNmWy22Y7cSZnZFiWZU0KWDIZy00qVTC

 P6rOZe8hP/YgHqsAUClkI9dcqbiQUEFe6VaYyRdEmKlyXr5WdSLQPJb+5MksC8EDwW6EYYzCkS

 HJEJ9OMMY8bjipMuSnmFcxRHSjXAzZpIlQULrt9erNR/lWLgVsCpSaXVU8E7bR3/gtYyb7m+Oy

 sgg4Pj4Y7GaLjCVd5Ue4THko5RO2QKBycogc5Xao8V+Md3pn3/remTe+x3Xt+F98wNVj0Ntra/

 s71hKz6SiPDDZlgc3oUHr6mWlrAOF91FlHDqk0XYpsYCYrlOFjiHitYrTrW7gMQoukdiV/elY6

 VL2VR4wyYsLLexg2teZJHyNJ0kSBxRlQSd+YvPSBO9HG0q8i+eQ92D4Z26p3Ll67/Pf+4e/13n

 j95diJ0xN2RJ0dnDSHjxvDJqF6KjEIZoxGAPKy3zwLgYZmmOHRwMorozVSzlaTD791XRetgYCD

 Ykm5iZO41sxKxaXEzHFo6ZnNze2v7z8EhilBTy1JpicfPnri8Bc7jSwR2dwh5kPmBIlQhHQB2f

 bmJoDt7O6sv3hx/c3XRW5IFzrWnMpCjf1Q1nglxyAMsmgt/tJqsHxgo0IvJrrTTtPcz+kpiInd

 IODdeeVjnd7k2aWzUtvfuvOl4xkPh1TSiOHUab7YH/78+TbE9Of6I/INk7Ch3JgkCxPTg73Djc

 1tSDXlFub1H/7g33YmJrKMS/8V9xPtAex+I31v1IYfzCrGSXRNLOfQbCZaipDi+fMzp7+YfWqG

 FGKgErv+1EX4B+DBM2Bn5hIuKtz3ymAOv8XGTtRcKsUIoZfvaKM41XBl6ZNbBWX5qVCpmlxN7B

 AWdsXdNBRKo1VxtSrhNx2j2mJaFB7OshWZUaKDYmeliyjSw5mrooSQTf5n9Gg/LptCqUU96l/K

 pD0PltGkd7RQ+hVXrRcFZbC1U3NgMrPZRI/ZIWdpBPc6HsM8FH1Z/htrOUSdhDaFw2CINydoFb

 JYvP7Oxfc+zIwwu46Ec8lcmKoPqYmtNSIqGyv1w65XhxWEphEofqEfwueheNekibGOk94gb0xb

 OZx9CR7Kq+AnBeK+IgXCe+CRt0I8YJYKwiueCESCHaDxEcln4HzfBVi5X+osEEJ8NKTy6bV35W

 LbO8rpYPjla9fffvPmu6998OH0pWsj9c7mysqW6LTsIcyit35GBmkzbKyJIlTUqsrMkuWzNbU3

 YY1MGc2wcg+VJ5yaPcxeSfQa9sUAKJLwawBJbzKnNH91+74ZrCqne+1ez6JOe/nFujYm2h1mLX

 L3gE3yWo9qSS6q+oOHD69evXz/7tdyxy+cXao1ZMBryTmYRba64xn5ulvc420xzpPTGLc7JXZy

 wrZeXC1inSjXolXWpDHzUK3ufNnLZy9IiHv77j20ezDS2KuP7g/VGeXLO8dffrs8P929uDSXwR

 dYms+A+9Lk1PPVja2NwenB/t/8xV/eu/WV5W7gZRgFvmF0NOstUwbYIYEKtiKbg6fMeYq+ysQp

 hkwBplvhGkySJXXyzgFor3zRYQLShzb2Fq1Y+LKqE1/F9A7HhfPK1wjs9DQ/ogUqLir+ID30nC

 tpq4iCyONSXymclv3K3XwKgPK7EkChIeaj1kKzLlN46U7aMKKsd5qf6mWpiESpKgwNK1C9Stvp

 Qf6Xtgq0FAW0imYj7DyRMoaT5pz8d/MHAu4M72hnV6bSAxFFxAYbK8cnNBsOhnao71ACb7OOaS

 M714XE0O3O7OXrC298j8EZBi5NMF6QCrXOrrMrETCToiKhMKM2xykWDYzJkduYw7zLfJW1TLgW

 huSaxsDoIcotiC7ciTwU9TtpNcuVajAZbsZvfJn3Rv9VAyufQRZ5HZrQaCEyXyIEy38kpHRAE3

 opHzACvInSpctqdfF+42cuzkkmOTq2cO3G4nsfXPjg+/WJ9tru4caO3X/2QhifzNQaMZXy502e

 j5j/BWvBczQaGiUKI180FDUFjTqCl5Bmmo7U0J+RfTJSVrrFxefLa4+fPFEG9GcdmNjrci4gFq

 tdvIva5KwQe2wtV/eNc3Nzc3Zu9unTZ61W89Klc3e+ure8vDK/tIhVW72eJWZ7Elsdx8fOSIlJ

 HnS6U85ns9gDuTQyC5yTdLATb6WgFP2kMBanpyea7cl27/XLlx49Xvv8m2+c4T1wnqQTIYY4IG

 N4f3r/wbTjzhdmLTPQCdAE2sZl4ffxsmReG3/xn/7YXMBClJG5Cyfeis3ji0W4onJD89G0RRSp

 1ZgiGoEvPkCg9FyRUr4V8k011R7ycBnJF6uZnCxz3nBbof48G5FeGBXTeUidIdNyXSGv3HdFq7

 AS9YzCCuumo9pLrzCdHvhZVGu0YCGz1JveRZMWG8LV0vvgPd+rkmiv/ACZtGtgUUy//svdV/9D

 IaW7PmLZByxVH9KX/CplAxlGacJyHSyXPbnv/TCtcXs7p5qqBAjEKPXSWK3VbltuML0oCqo+xJ

 Ae7QwLxekvdM5dunDzw/bEVMR1sgQweWiFo6bQgZxwePJsZdXZRszWTDxQ6t4uvLC6+SHVVg1d

 Q7GHrNBkA4WYmjqrwEVDCsTKyAI7X7A4l1e2g/iRIqmDpyt7dFXBgDHYACuzKH8RlIFi4BzYec

 MoYWRqr3xx26OFp7Uee9asQLYnLh/HJjaOX9bPz/e704u7x6Oit23l75xZuvLe+9NX3tkV7bK/

 5jSlXZtdrUXJIJWZUmiXMWXVVzCEmgES4bkeMzOTfAsrsgMhB1o/yperyzKTMhjcGLcP9+MOnJ

 u9/fV9B56owhrW9Mxkwi8tKtaGvn323Ax5ZXVjXf6j1c3llbXny6ura7bZOtJ5MNjefv58WQp+

 C0L37n7z8PFTVdtg3+7OjImvGmsalKMUu90+K0NIljw+/Ep7u6dCqLZkWtndXllZRgWsBylJl/

 pzpCyF1x7vzs32b9+7N35ysDA7X5tcHOnO1iamxZHWxic//XZDLttL073CGmZEmVEIDXeW9F//

 9L/c++p2f0rUhxVKE1cpg/az9S9gT7milexJKHwSyzm8kay9vhSbJLHA2WEd5wfhml0W5rsJmc

 l8BL6qCVCF6ZiyBeVhytAIqJqSFRqo2Cw0V2iq3Fc2TB2r2OXciaxHD2qpdLtehGP8xVQOQ0au

 KBGBErbOY54LtYWMUWHkALTHuAwPRhJRGUUXhdE9nalBBFM6pupX16pmqo6HIQKf0PirDqQUJk

 KrCsaRNFqzC1Da3pYZaFxKRzs7UqLa5qZlxi0aR4K2fbAWASzwDNNE5ai1Tba//e7EbL83M6eX

 qD79xfNhqTCa4TH5kr5jZ9sYjZuqGZ2cPll/IYmH3U+pLcMzSIRkD0NqgJVE3KgnvQ6cDEO5wM

 ILyEQgovsskauAuHTRMqeCZWVV01mqNRspIrAgKeW8fE/Xgq2Ir1dyruAjvQBmwNVc/lBPDI3S

 qhSumOv4VODnoUDn1klbYs7W5MzElbfnzk9vPnq4/NH/GTx5EohnTEOOQVOfbkej0o02GBaIM0

 l8cfZmxhbMpEQZJNCMGpcYTJwsO6BsQ0+eLa9tbMZa0a2ToW+fPJd7vqQYxO7HW0MiNLIVJiZ3

 gQxig/jHj781/9fuwdbAXTkxnj159lc/Xf74F58unTt74+a7k7NTPGHdKXsJObEJvKwqOhFxa3

 NNEr3VbefGrD96/Pjs/NwPf/hh8zfeIowgnm+AjL928eI/+b1/8JOf/vmB5DjH9i7Xtg8PmABG

 wuf5x//748bwwe++eRULiN4pBs3Q2cWFJw8fNMebpuXWJarFo7CiyKoRwWEJzInE53gHshADRI

 TM/A/9Z1S55HdAihgy2vBm4aIUIqbdRC+gF86tIO+jvAKb6pECpe8u4x8knFbySKGH1Fka04Gg

 q+pM9UBqDa3qqobzUCyHHG0BzeleeZUx+xkbRKXVVSVzs9SQOgrRVg8CUiYUqTA1ljq8ZwyViC

 lX8qaZUGyup+lSCWlRDEVkM3xw6e23/h/Bk1zsdkH5/gAAAABJRU5ErkJggg==

END:VCARD